"report_date_as_yyyy_mm_dd","market_and_exchange_names","open_interest_all","prod_merc_positions_long","prod_merc_positions_short","swap_positions_long_all","swap__positions_short_all","m_money_positions_long_all","m_money_positions_short_all","other_rept_positions_long","other_rept_positions_short"
"2006-06-13T00:00:00.000","GOLD - COMMODITY EXCHANGE INC.","288981","27041","117483","19940","63899","99739","29859","39027","9620"
"2006-06-20T00:00:00.000","GOLD - COMMODITY EXCHANGE INC.","288148","29230","112900","23091","61692","91198","30082","40666","11561"
"2006-06-27T00:00:00.000","GOLD - COMMODITY EXCHANGE INC.","292789","30747","110141","23112","59959","88635","31420","39675","11266"
"2006-07-03T00:00:00.000","GOLD - COMMODITY EXCHANGE INC.","292500","29615","108909","23735","66608","90104","30778","41082","8488"
"2006-07-11T00:00:00.000","GOLD - COMMODITY EXCHANGE INC.","312684","34094","114612","23173","74702","101019","29135","41175","11130"
"2006-07-18T00:00:00.000","GOLD - COMMODITY EXCHANGE INC.","324276","30100","115518","24180","78853","105068","25797","38134","10031"
"2006-07-25T00:00:00.000","GOLD - COMMODITY EXCHANGE INC.","315635","34473","118546","25497","80913","96891","23984","35377","6729"
"2006-08-01T00:00:00.000","GOLD - COMMODITY EXCHANGE INC.","304907","29814","123870","25970","70347","95785","25176","36996","4844"
"2006-08-08T00:00:00.000","GOLD - COMMODITY EXCHANGE INC.","309097","30425","129179","25992","69163","100994","26676","37977","6197"
"2006-08-15T00:00:00.000","GOLD - COMMODITY EXCHANGE INC.","313327","31132","126778","25404","64887","94115","26225","37904","5250"
"2006-08-22T00:00:00.000","GOLD - COMMODITY EXCHANGE INC.","306171","32180","125829","26789","61213","87386","27081","41511","5868"
"2006-08-29T00:00:00.000","GOLD - COMMODITY EXCHANGE INC.","307583","33212","123138","32065","59384","80809","31280","43612","5425"
"2006-09-05T00:00:00.000","GOLD - COMMODITY EXCHANGE INC.","319998","32468","127680","28723","64776","87652","29430","46339","6227"
"2006-09-12T00:00:00.000","GOLD - COMMODITY EXCHANGE INC.","310510","35621","120300","34514","60530","76571","30631","44884","6602"
"2006-09-19T00:00:00.000","GOLD - COMMODITY EXCHANGE INC.","325852","41086","119904","37303","60410","72225","30632","43894","7619"
"2006-09-26T00:00:00.000","GOLD - COMMODITY EXCHANGE INC.","322937","42960","116405","38469","60389","68325","33001","39792","3872"
"2006-10-03T00:00:00.000","GOLD - COMMODITY EXCHANGE INC.","330065","46766","116196","39045","61609","66119","33666","41451","4470"
"2006-10-10T00:00:00.000","GOLD - COMMODITY EXCHANGE INC.","334329","48112","114999","42818","58533","62270","39206","43941","4556"
"2006-10-17T00:00:00.000","GOLD - COMMODITY EXCHANGE INC.","329875","46758","112417","40741","58220","64602","42773","43391","3961"
"2006-10-24T00:00:00.000","GOLD - COMMODITY EXCHANGE INC.","331598","50694","112215","36478","55466","54019","43840","50080","4209"
"2006-10-31T00:00:00.000","GOLD - COMMODITY EXCHANGE INC.","323481","41086","109303","36081","59760","59985","39093","47487","3663"
"2006-11-07T00:00:00.000","GOLD - COMMODITY EXCHANGE INC.","335036","39160","121982","31956","63590","76134","32604","45272","7636"
"2006-11-14T00:00:00.000","GOLD - COMMODITY EXCHANGE INC.","356575","45125","133631","29696","64711","79157","29403","47750","8670"
"2006-11-21T00:00:00.000","GOLD - COMMODITY EXCHANGE INC.","355430","40770","127929","31487","63304","77773","29323","45248","9405"
"2006-11-28T00:00:00.000","GOLD - COMMODITY EXCHANGE INC.","349517","43198","123208","27309","65023","75457","30862","44621","9350"
"2006-12-05T00:00:00.000","GOLD - COMMODITY EXCHANGE INC.","330530","34153","117141","26735","63915","80731","28684","41414","9822"
"2006-12-12T00:00:00.000","GOLD - COMMODITY EXCHANGE INC.","333101","34159","119986","31820","62275","78367","28281","41761","10018"
"2006-12-19T00:00:00.000","GOLD - COMMODITY EXCHANGE INC.","337096","40007","119734","38642","60647","68672","29711","41010","10078"
"2006-12-26T00:00:00.000","GOLD - COMMODITY EXCHANGE INC.","340473","40150","121029","38470","60659","69815","31696","40671","10698"
"2007-01-03T00:00:00.000","GOLD - COMMODITY EXCHANGE INC.","353494","36896","122207","34723","61859","77786","30994","42853","11762"
"2007-01-09T00:00:00.000","GOLD - COMMODITY EXCHANGE INC.","347491","39737","108459","42838","55790","65657","39661","39500","12628"
"2007-01-16T00:00:00.000","GOLD - COMMODITY EXCHANGE INC.","344685","44073","112691","35245","58736","68430","33371","40956","13065"
"2007-01-23T00:00:00.000","GOLD - COMMODITY EXCHANGE INC.","361114","46493","127422","28827","66475","85684","27746","42779","16216"
"2007-01-30T00:00:00.000","GOLD - COMMODITY EXCHANGE INC.","348035","39261","129221","28850","74501","99352","29366","44612","14253"
"2007-02-06T00:00:00.000","GOLD - COMMODITY EXCHANGE INC.","360936","35549","136981","29834","75066","109228","27766","42663","15579"
"2007-02-13T00:00:00.000","GOLD - COMMODITY EXCHANGE INC.","383169","37250","147302","27767","83179","121684","24627","45795","18102"
"2007-02-20T00:00:00.000","GOLD - COMMODITY EXCHANGE INC.","396115","37677","152335","29509","83001","121632","25830","47206","13075"
"2007-02-27T00:00:00.000","GOLD - COMMODITY EXCHANGE INC.","415155","40388","163533","29395","90000","135725","23488","46731","16876"
"2007-03-06T00:00:00.000","GOLD - COMMODITY EXCHANGE INC.","382550","46621","144155","36543","76320","90236","21355","46185","13368"
"2007-03-13T00:00:00.000","GOLD - COMMODITY EXCHANGE INC.","394090","53743","148548","38828","74939","86278","18012","42800","14724"
"2007-03-20T00:00:00.000","GOLD - COMMODITY EXCHANGE INC.","359726","43047","135054","37217","75104","84393","17292","40808","14485"
"2007-03-27T00:00:00.000","GOLD - COMMODITY EXCHANGE INC.","359434","45025","134213","34877","84213","88263","19339","38150","11951"
"2007-04-03T00:00:00.000","GOLD - COMMODITY EXCHANGE INC.","347817","49115","128149","35052","85516","92087","23268","39771","14645"
"2007-04-10T00:00:00.000","GOLD - COMMODITY EXCHANGE INC.","369536","45802","143994","34186","89198","106783","23048","43790","14569"
"2007-04-17T00:00:00.000","GOLD - COMMODITY EXCHANGE INC.","380800","41290","150149","33734","99473","124963","18323","45638","16920"
"2007-04-24T00:00:00.000","GOLD - COMMODITY EXCHANGE INC.","403388","44175","157780","37808","95976","124958","20388","44745","15473"
"2007-05-01T00:00:00.000","GOLD - COMMODITY EXCHANGE INC.","396276","44609","160018","41060","91804","122272","18137","41551","15241"
"2007-05-08T00:00:00.000","GOLD - COMMODITY EXCHANGE INC.","411273","48916","164628","38859","95611","129038","14702","39312","17362"
"2007-05-15T00:00:00.000","GOLD - COMMODITY EXCHANGE INC.","408936","54004","147325","42281","96253","107716","20305","42056","15569"
"2007-05-22T00:00:00.000","GOLD - COMMODITY EXCHANGE INC.","416813","61832","143540","49429","91937","95529","29281","45765","16198"
"2007-05-29T00:00:00.000","GOLD - COMMODITY EXCHANGE INC.","425688","73524","150245","48560","90534","91921","28204","42483","11303"
"2007-06-05T00:00:00.000","GOLD - COMMODITY EXCHANGE INC.","385046","56262","142446","46605","96817","101257","24239","41795","11196"
"2007-06-12T00:00:00.000","GOLD - COMMODITY EXCHANGE INC.","412150","74628","137153","53046","88526","80246","36872","44830","12308"
"2007-06-19T00:00:00.000","GOLD - COMMODITY EXCHANGE INC.","410324","73524","136494","49708","95958","81722","31746","44485","12856"
"2007-06-26T00:00:00.000","GOLD - COMMODITY EXCHANGE INC.","407640","74252","130455","52749","80130","72368","45874","46700","10117"
"2007-07-03T00:00:00.000","GOLD - COMMODITY EXCHANGE INC.","375642","60148","124137","49282","76525","69308","34443","40344","9547"
"2007-07-10T00:00:00.000","GOLD - COMMODITY EXCHANGE INC.","387916","61866","129389","46334","81996","72474","33675","41036","7615"
"2007-07-17T00:00:00.000","GOLD - COMMODITY EXCHANGE INC.","385595","56310","129377","42059","81500","72985","27947","41803","7122"
"2007-07-24T00:00:00.000","GOLD - COMMODITY EXCHANGE INC.","401603","48605","141842","31099","99464","114752","19037","39499","12284"
"2007-07-31T00:00:00.000","GOLD - COMMODITY EXCHANGE INC.","351185","50567","121716","36539","78034","76461","21368","37245","11449"
"2007-08-07T00:00:00.000","GOLD - COMMODITY EXCHANGE INC.","352908","46992","118564","35750","85424","84522","20981","38869","13039"
"2007-08-14T00:00:00.000","GOLD - COMMODITY EXCHANGE INC.","347973","47066","121483","33680","85157","77995","12117","40983","12650"
"2007-08-21T00:00:00.000","GOLD - COMMODITY EXCHANGE INC.","330204","53391","108671","37420","74134","65359","22367","37219","11281"
"2007-08-28T00:00:00.000","GOLD - COMMODITY EXCHANGE INC.","325767","51644","115819","35439","70128","66292","16289","37552","10344"
"2007-09-04T00:00:00.000","GOLD - COMMODITY EXCHANGE INC.","339439","45083","121543","27425","75319","85525","11759","40821","17607"
"2007-09-11T00:00:00.000","GOLD - COMMODITY EXCHANGE INC.","373686","40397","142145","33320","92494","109090","8575","46227","20073"
"2007-09-18T00:00:00.000","GOLD - COMMODITY EXCHANGE INC.","392748","40128","150952","34834","99274","125440","8362","42700","18128"
"2007-09-25T00:00:00.000","GOLD - COMMODITY EXCHANGE INC.","440945","48227","181245","30824","105818","153984","9943","47204","17200"
"2007-10-02T00:00:00.000","GOLD - COMMODITY EXCHANGE INC.","439865","42567","185644","30658","99612","165536","13596","45230","21275"
"2007-10-09T00:00:00.000","GOLD - COMMODITY EXCHANGE INC.","458936","43529","201058","28883","98375","177069","8722","44680","22331"
"2007-10-16T00:00:00.000","GOLD - COMMODITY EXCHANGE INC.","483872","44003","204248","27714","106565","191927","9649","46505","26924"
"2007-10-23T00:00:00.000","GOLD - COMMODITY EXCHANGE INC.","489471","46395","198116","31119","102167","185137","12077","41738","28494"
"2007-10-30T00:00:00.000","GOLD - COMMODITY EXCHANGE INC.","516163","51880","217358","31903","101558","194052","8156","38570","25860"
"2007-11-06T00:00:00.000","GOLD - COMMODITY EXCHANGE INC.","556856","58684","231953","27857","94597","198786","12371","42689","26979"
"2007-11-13T00:00:00.000","GOLD - COMMODITY EXCHANGE INC.","552546","66253","235001","28230","85899","185676","10739","42684","26836"
"2007-11-20T00:00:00.000","GOLD - COMMODITY EXCHANGE INC.","512430","72081","235949","23025","68782","172412","11566","40822","29278"
"2007-11-27T00:00:00.000","GOLD - COMMODITY EXCHANGE INC.","520782","93667","264869","28636","62758","163138","11283","43360","20134"
"2007-12-04T00:00:00.000","GOLD - COMMODITY EXCHANGE INC.","486709","85698","252208","29752","68140","149675","5754","41213","17610"
"2007-12-11T00:00:00.000","GOLD - COMMODITY EXCHANGE INC.","486198","77948","238538","29164","79317","155465","6109","41064","18646"
"2007-12-18T00:00:00.000","GOLD - COMMODITY EXCHANGE INC.","495001","77709","239026","28198","76488","155660","9422","42129","18094"
"2007-12-24T00:00:00.000","GOLD - COMMODITY EXCHANGE INC.","517020","80925","250597","31227","83086","164604","8469","45917","17677"
"2007-12-31T00:00:00.000","GOLD - COMMODITY EXCHANGE INC.","541854","84248","258727","25481","89414","181902","10649","45210","17025"
"2008-01-08T00:00:00.000","GOLD - COMMODITY EXCHANGE INC.","558309","78725","246814","28606","107207","191788","11019","46301","21666"
"2008-01-15T00:00:00.000","GOLD - COMMODITY EXCHANGE INC.","593953","80922","253690","31781","110127","197021","11137","50085","23922"
"2008-01-22T00:00:00.000","GOLD - COMMODITY EXCHANGE INC.","560173","71229","232617","32344","113983","193039","9618","48144","26490"
"2008-01-29T00:00:00.000","GOLD - COMMODITY EXCHANGE INC.","522142","77238","245905","31724","108058","191376","9652","45876","21820"
"2008-02-05T00:00:00.000","GOLD - COMMODITY EXCHANGE INC.","495139","68597","223050","32665","119793","191024","9337","43828","21773"
"2008-02-12T00:00:00.000","GOLD - COMMODITY EXCHANGE INC.","475749","58819","211996","32824","123247","190428","12352","50378","21858"
"2008-02-19T00:00:00.000","GOLD - COMMODITY EXCHANGE INC.","489789","60308","220971","32866","124943","200191","12457","51526","27001"
"2008-02-26T00:00:00.000","GOLD - COMMODITY EXCHANGE INC.","495102","60026","219955","35084","127430","197000","10695","53270","30212"
"2008-03-04T00:00:00.000","GOLD - COMMODITY EXCHANGE INC.","486992","51882","204993","37049","124047","188294","12567","52303","32250"
"2008-03-11T00:00:00.000","GOLD - COMMODITY EXCHANGE INC.","482035","44107","203350","35972","119987","186110","10395","52938","32310"
"2008-03-18T00:00:00.000","GOLD - COMMODITY EXCHANGE INC.","489055","49965","217235","37073","108931","179620","11055","52807","29363"
"2008-03-25T00:00:00.000","GOLD - COMMODITY EXCHANGE INC.","452193","52158","185842","32234","104675","169444","14286","45207","24623"
"2008-04-01T00:00:00.000","GOLD - COMMODITY EXCHANGE INC.","399393","54419","182555","36035","100967","146935","11584","44023","18096"
"2008-04-08T00:00:00.000","GOLD - COMMODITY EXCHANGE INC.","407212","53163","183964","35777","99548","151135","15005","45688","16425"
"2008-04-15T00:00:00.000","GOLD - COMMODITY EXCHANGE INC.","422699","52420","194052","38777","102257","156260","13481","46650","17452"
"2008-04-22T00:00:00.000","GOLD - COMMODITY EXCHANGE INC.","424218","57832","198587","39347","98191","157492","14400","44373","19842"
"2008-04-29T00:00:00.000","GOLD - COMMODITY EXCHANGE INC.","429670","59991","191942","40142","93673","151602","19235","43242","14961"
"2008-05-06T00:00:00.000","GOLD - COMMODITY EXCHANGE INC.","433741","64631","193758","40116","93717","149175","24848","43544","11904"
"2008-05-13T00:00:00.000","GOLD - COMMODITY EXCHANGE INC.","439636","64995","195323","42545","89814","150407","31816","47402","13055"
"2008-05-20T00:00:00.000","GOLD - COMMODITY EXCHANGE INC.","453084","55186","206645","35010","98732","165800","18529","50524","15676"
"2008-05-27T00:00:00.000","GOLD - COMMODITY EXCHANGE INC.","430961","49833","199202","36584","105500","166394","20722","54560","8720"
"2008-06-03T00:00:00.000","GOLD - COMMODITY EXCHANGE INC.","398441","50033","190356","37852","99700","155935","22278","44609","8055"
"2008-06-10T00:00:00.000","GOLD - COMMODITY EXCHANGE INC.","396392","46137","172005","43288","100501","144056","29172","45119","8755"
"2008-06-17T00:00:00.000","GOLD - COMMODITY EXCHANGE INC.","390471","49329","169853","40672","103588","137007","19823","43630","9624"
"2008-06-24T00:00:00.000","GOLD - COMMODITY EXCHANGE INC.","401226","47120","164205","42217","111888","143673","23409","46545","13271"
"2008-07-01T00:00:00.000","GOLD - COMMODITY EXCHANGE INC.","434024","47593","183262","35201","126559","173983","17352","49556","18508"
"2008-07-08T00:00:00.000","GOLD - COMMODITY EXCHANGE INC.","443202","54563","193023","35245","125445","174230","17127","50815","18316"
"2008-07-15T00:00:00.000","GOLD - COMMODITY EXCHANGE INC.","483920","67361","225726","33031","121243","184704","15798","56230","22353"
"2008-07-22T00:00:00.000","GOLD - COMMODITY EXCHANGE INC.","475606","66618","223432","35390","115637","177227","14225","53943","22292"
"2008-07-29T00:00:00.000","GOLD - COMMODITY EXCHANGE INC.","446013","73864","209685","28864","112714","158000","14757","54285","15209"
"2008-08-05T00:00:00.000","GOLD - COMMODITY EXCHANGE INC.","408430","59111","181180","30607","107455","142508","13682","50020","15118"
"2008-08-12T00:00:00.000","GOLD - COMMODITY EXCHANGE INC.","365611","58796","138227","31093","107475","105895","16226","53418","12427"
"2008-08-19T00:00:00.000","GOLD - COMMODITY EXCHANGE INC.","372968","74464","137620","36656","103654","94403","20486","49701","11252"
"2008-08-26T00:00:00.000","GOLD - COMMODITY EXCHANGE INC.","380766","83377","134486","32101","102911","96269","29048","50971","12913"
"2008-09-02T00:00:00.000","GOLD - COMMODITY EXCHANGE INC.","382329","89492","132482","34858","99899","89713","36022","49538","10038"
"2008-09-09T00:00:00.000","GOLD - COMMODITY EXCHANGE INC.","392592","95866","133259","40814","97405","85376","41009","48570","10282"
"2008-09-16T00:00:00.000","GOLD - COMMODITY EXCHANGE INC.","393814","95621","123007","26141","101777","89779","43587","57941","13842"
"2008-09-23T00:00:00.000","GOLD - COMMODITY EXCHANGE INC.","368254","67824","134539","19097","93658","96573","23508","60239","12288"
"2008-09-30T00:00:00.000","GOLD - COMMODITY EXCHANGE INC.","336598","59126","132007","25116","93073","88674","13550","52352","9690"
"2008-10-07T00:00:00.000","GOLD - COMMODITY EXCHANGE INC.","329480","53389","124075","28943","89564","87411","17386","50261","8673"
"2008-10-14T00:00:00.000","GOLD - COMMODITY EXCHANGE INC.","323496","44649","118509","31767","83650","84083","14296","47010","9972"
"2008-10-21T00:00:00.000","GOLD - COMMODITY EXCHANGE INC.","319472","48637","114637","35728","78521","74401","18759","51550","7990"
"2008-10-28T00:00:00.000","GOLD - COMMODITY EXCHANGE INC.","313709","56038","107142","37159","71131","69214","23048","48424","16275"
"2008-11-04T00:00:00.000","GOLD - COMMODITY EXCHANGE INC.","303908","46820","91693","35755","67288","71373","25156","46793","24815"
"2008-11-11T00:00:00.000","GOLD - COMMODITY EXCHANGE INC.","293831","46095","95326","33343","53608","65794","28922","50557","23470"
"2008-11-18T00:00:00.000","GOLD - COMMODITY EXCHANGE INC.","289700","49789","102803","31885","49987","62986","23776","48077","22458"
"2008-11-25T00:00:00.000","GOLD - COMMODITY EXCHANGE INC.","276567","45465","125566","33785","46919","73051","15312","41963","17830"
"2008-12-02T00:00:00.000","GOLD - COMMODITY EXCHANGE INC.","264796","40510","123721","35924","47001","69409","8657","42183","18566"
"2008-12-09T00:00:00.000","GOLD - COMMODITY EXCHANGE INC.","261001","42060","122729","33815","48018","69760","11925","41524","16204"
"2008-12-16T00:00:00.000","GOLD - COMMODITY EXCHANGE INC.","282915","41680","138953","28645","54483","85191","11859","47483","12566"
"2008-12-22T00:00:00.000","GOLD - COMMODITY EXCHANGE INC.","291022","42216","142335","29296","61974","94571","6768","46675","14690"
"2008-12-30T00:00:00.000","GOLD - COMMODITY EXCHANGE INC.","300448","39773","148893","28748","62401","99432","7545","46860","12786"
"2009-01-06T00:00:00.000","GOLD - COMMODITY EXCHANGE INC.","320391","41419","160630","32942","63213","104828","6338","47741","12627"
"2009-01-13T00:00:00.000","GOLD - COMMODITY EXCHANGE INC.","318185","44622","162290","35190","59085","96909","6889","49258","11660"
"2009-01-20T00:00:00.000","GOLD - COMMODITY EXCHANGE INC.","331507","50884","168082","37529","59262","101220","8898","45690","14075"
"2009-01-27T00:00:00.000","GOLD - COMMODITY EXCHANGE INC.","354191","54060","189353","37011","60094","118261","12696","47391","11842"
"2009-02-03T00:00:00.000","GOLD - COMMODITY EXCHANGE INC.","346288","49115","196357","34804","65151","130230","12946","50790","12768"
"2009-02-10T00:00:00.000","GOLD - COMMODITY EXCHANGE INC.","350858","47975","204778","34693","66602","135286","12626","53612","12650"
"2009-02-17T00:00:00.000","GOLD - COMMODITY EXCHANGE INC.","361619","45457","207757","32315","66375","137668","14501","58298","15544"
"2009-02-24T00:00:00.000","GOLD - COMMODITY EXCHANGE INC.","372697","43925","206586","39592","67867","142009","11416","57821","26549"
"2009-03-03T00:00:00.000","GOLD - COMMODITY EXCHANGE INC.","365271","42133","205790","41224","65968","142338","7446","47242","22841"
"2009-03-10T00:00:00.000","GOLD - COMMODITY EXCHANGE INC.","371321","46038","202008","41893","58774","136814","8042","41346","25330"
"2009-03-17T00:00:00.000","GOLD - COMMODITY EXCHANGE INC.","376237","64072","214632","37618","62742","134182","6202","41008","18593"
"2009-03-24T00:00:00.000","GOLD - COMMODITY EXCHANGE INC.","387177","76736","227236","33170","63959","134155","8485","44480","18223"
"2009-03-31T00:00:00.000","GOLD - COMMODITY EXCHANGE INC.","368618","63616","209462","28355","64435","138279","7794","44707","20333"
"2009-04-07T00:00:00.000","GOLD - COMMODITY EXCHANGE INC.","344929","51487","172719","31985","63976","126084","14927","39293","22638"
"2009-04-14T00:00:00.000","GOLD - COMMODITY EXCHANGE INC.","336930","44867","163178","30433","65631","125729","13705","40137","22266"
"2009-04-21T00:00:00.000","GOLD - COMMODITY EXCHANGE INC.","339226","46132","161420","28407","62727","123645","12331","40683","23630"
"2009-04-28T00:00:00.000","GOLD - COMMODITY EXCHANGE INC.","343037","43248","163700","29816","62783","123760","15478","43061","22243"
"2009-05-05T00:00:00.000","GOLD - COMMODITY EXCHANGE INC.","341461","35070","160800","28198","62913","126846","12219","44647","29283"
"2009-05-12T00:00:00.000","GOLD - COMMODITY EXCHANGE INC.","359517","36463","171845","30015","65813","136934","12773","47575","32859"
"2009-05-19T00:00:00.000","GOLD - COMMODITY EXCHANGE INC.","367931","39456","185443","31997","69075","140605","13146","45327","23202"
"2009-05-26T00:00:00.000","GOLD - COMMODITY EXCHANGE INC.","396965","35275","200904","32139","74646","155440","12542","54293","19883"
"2009-06-02T00:00:00.000","GOLD - COMMODITY EXCHANGE INC.","391057","37314","217115","29657","76377","162201","9047","53767","19581"
"2009-06-09T00:00:00.000","GOLD - COMMODITY EXCHANGE INC.","387181","33928","211612","31767","79130","166473","5836","49312","20275"
"2009-06-16T00:00:00.000","GOLD - COMMODITY EXCHANGE INC.","371997","34351","201391","32014","72342","153484","6654","49203","20490"
"2009-06-23T00:00:00.000","GOLD - COMMODITY EXCHANGE INC.","370347","33442","193081","35537","70328","149419","10207","46235","19153"
"2009-06-30T00:00:00.000","GOLD - COMMODITY EXCHANGE INC.","379199","35013","198856","38001","71976","147628","10141","46377","19678"
"2009-07-07T00:00:00.000","GOLD - COMMODITY EXCHANGE INC.","372985","35998","198152","40951","70104","144471","5708","45915","20534"
"2009-07-14T00:00:00.000","GOLD - COMMODITY EXCHANGE INC.","370509","33427","184042","41244","72916","140260","8088","45444","18812"
"2009-07-21T00:00:00.000","GOLD - COMMODITY EXCHANGE INC.","390939","34947","189716","38638","88095","158071","7736","43198","20231"
"2009-07-28T00:00:00.000","GOLD - COMMODITY EXCHANGE INC.","386340","38357","192360","37453","85971","154908","7570","44544","19111"
"2009-08-04T00:00:00.000","GOLD - COMMODITY EXCHANGE INC.","392834","35888","197225","34174","101030","174707","7021","42302","16474"
"2009-08-11T00:00:00.000","GOLD - COMMODITY EXCHANGE INC.","385002","33969","194453","34744","97165","167169","7234","44820","14669"
"2009-08-18T00:00:00.000","GOLD - COMMODITY EXCHANGE INC.","373810","35030","181702","35224","93097","153525","12039","49942","13898"
"2009-08-25T00:00:00.000","GOLD - COMMODITY EXCHANGE INC.","379629","34032","186242","36233","95365","156834","7238","48638","15252"
"2009-09-01T00:00:00.000","GOLD - COMMODITY EXCHANGE INC.","384703","34229","171642","35705","115000","157220","7182","49579","15116"
"2009-09-08T00:00:00.000","GOLD - COMMODITY EXCHANGE INC.","451713","35941","225602","36572","117708","194723","7174","56985","19858"
"2009-09-15T00:00:00.000","GOLD - COMMODITY EXCHANGE INC.","467892","35158","227069","34830","127580","207387","5527","55942","22155"
"2009-09-22T00:00:00.000","GOLD - COMMODITY EXCHANGE INC.","467145","34672","223434","33998","132846","208236","5170","57689","24006"
"2009-09-29T00:00:00.000","GOLD - COMMODITY EXCHANGE INC.","454585","40629","223576","34250","126537","198175","3726","54819","17882"
"2009-10-06T00:00:00.000","GOLD - COMMODITY EXCHANGE INC.","484307","35439","223592","35957","129668","215753","6378","54126","23833"
"2009-10-13T00:00:00.000","GOLD - COMMODITY EXCHANGE INC.","504187","36541","237816","39405","134056","232086","5232","56128","29027"
"2009-10-20T00:00:00.000","GOLD - COMMODITY EXCHANGE INC.","509678","36742","236996","38833","136072","233990","6715","52874","30042"
"2009-10-27T00:00:00.000","GOLD - COMMODITY EXCHANGE INC.","497479","36640","225639","39014","133494","217920","7549","55026","23620"
"2009-11-03T00:00:00.000","GOLD - COMMODITY EXCHANGE INC.","493991","36678","229511","41498","132517","227499","9278","52025","28927"
"2009-11-09T00:00:00.000","GOLD - COMMODITY EXCHANGE INC.","530505","37063","230201","46560","136206","223460","8495","56938","33843"
"2009-11-17T00:00:00.000","GOLD - COMMODITY EXCHANGE INC.","533119","37355","231739","47957","135119","222637","8401","61753","40292"
"2009-11-24T00:00:00.000","GOLD - COMMODITY EXCHANGE INC.","521253","38162","241240","46498","149524","225366","3589","69414","28860"
"2009-12-01T00:00:00.000","GOLD - COMMODITY EXCHANGE INC.","521433","41154","232019","44990","162356","224030","6874","73286","31378"
"2009-12-08T00:00:00.000","GOLD - COMMODITY EXCHANGE INC.","505652","36817","229114","39735","146624","213164","5353","77792","31174"
"2009-12-15T00:00:00.000","GOLD - COMMODITY EXCHANGE INC.","504368","37536","233192","39986","148121","212517","4429","75965","27945"
"2009-12-22T00:00:00.000","GOLD - COMMODITY EXCHANGE INC.","499233","39181","230615","44188","138419","206996","4813","66491","30598"
"2009-12-29T00:00:00.000","GOLD - COMMODITY EXCHANGE INC.","491712","41013","226658","44223","137520","201751","5926","61880","27215"
"2010-01-05T00:00:00.000","GOLD - COMMODITY EXCHANGE INC.","507643","40511","227533","45718","137247","198506","6907","64502","28334"
"2010-01-12T00:00:00.000","GOLD - COMMODITY EXCHANGE INC.","523266","40771","237041","45191","131409","202180","11137","69080","30781"
"2010-01-19T00:00:00.000","GOLD - COMMODITY EXCHANGE INC.","528924","43562","234633","46708","129284","200320","7695","60956","32112"
"2010-01-26T00:00:00.000","GOLD - COMMODITY EXCHANGE INC.","507565","42580","215889","49961","125270","182133","7766","64090","26533"
"2010-02-02T00:00:00.000","GOLD - COMMODITY EXCHANGE INC.","480860","36275","199560","48602","129896","187024","8423","59024","27456"
"2010-02-09T00:00:00.000","GOLD - COMMODITY EXCHANGE INC.","466905","39206","186145","54500","120988","166132","13404","56643","27852"
"2010-02-16T00:00:00.000","GOLD - COMMODITY EXCHANGE INC.","466509","39006","176708","48447","130623","167613","10459","57102","25398"
"2010-02-23T00:00:00.000","GOLD - COMMODITY EXCHANGE INC.","466572","33555","188865","46135","128869","171565","6909","61541","25575"
"2010-03-02T00:00:00.000","GOLD - COMMODITY EXCHANGE INC.","482786","33337","194206","46283","136951","182360","5689","57405","26704"
"2010-03-09T00:00:00.000","GOLD - COMMODITY EXCHANGE INC.","493909","39179","198734","48572","140804","179078","4670","61790","28004"
"2010-03-16T00:00:00.000","GOLD - COMMODITY EXCHANGE INC.","496481","48383","194109","48552","145121","176715","6438","62350","32281"
"2010-03-23T00:00:00.000","GOLD - COMMODITY EXCHANGE INC.","495143","57625","191137","49818","140129","162654","8962","58818","28638"
"2010-03-30T00:00:00.000","GOLD - COMMODITY EXCHANGE INC.","466678","62006","189646","58930","138981","155355","8135","54519","27973"
"2010-04-06T00:00:00.000","GOLD - COMMODITY EXCHANGE INC.","497388","51492","205216","61357","152539","181635","6500","60667","32356"
"2010-04-13T00:00:00.000","GOLD - COMMODITY EXCHANGE INC.","528856","51345","223301","67053","158581","200201","3506","62398","38351"
"2010-04-20T00:00:00.000","GOLD - COMMODITY EXCHANGE INC.","521338","52092","227044","70571","153015","199008","6768","52236","33825"
"2010-04-27T00:00:00.000","GOLD - COMMODITY EXCHANGE INC.","538591","53932","230598","73487","162343","210203","4760","53269","33044"
"2010-05-04T00:00:00.000","GOLD - COMMODITY EXCHANGE INC.","551616","54736","242652","75279","158949","217433","9645","54078","31319"
"2010-05-11T00:00:00.000","GOLD - COMMODITY EXCHANGE INC.","583504","55366","272119","87572","153463","224664","7134","57711","39416"
"2010-05-18T00:00:00.000","GOLD - COMMODITY EXCHANGE INC.","579758","53535","272632","91471","152118","226337","6542","55648","43773"
"2010-05-25T00:00:00.000","GOLD - COMMODITY EXCHANGE INC.","591360","57469","266645","88700","147903","212919","7703","58265","35790"
"2010-06-01T00:00:00.000","GOLD - COMMODITY EXCHANGE INC.","553950","58949","269626","93065","150011","210717","4459","55852","37564"
"2010-06-08T00:00:00.000","GOLD - COMMODITY EXCHANGE INC.","564792","62913","279284","93916","151122","215177","5161","55552","38170"
"2010-06-15T00:00:00.000","GOLD - COMMODITY EXCHANGE INC.","569204","61991","282292","95114","153757","215511","4021","58146","39385"
"2010-06-22T00:00:00.000","GOLD - COMMODITY EXCHANGE INC.","602411","66644","289653","95068","160975","223219","4354","60701","40932"
"2010-06-29T00:00:00.000","GOLD - COMMODITY EXCHANGE INC.","601138","68538","276753","94531","176272","219365","4903","60627","30364"
"2010-07-06T00:00:00.000","GOLD - COMMODITY EXCHANGE INC.","577732","77071","257312","93543","162444","193032","11299","58241","30932"
"2010-07-13T00:00:00.000","GOLD - COMMODITY EXCHANGE INC.","568078","74126","254873","92109","159710","188892","8138","54975","30808"
"2010-07-20T00:00:00.000","GOLD - COMMODITY EXCHANGE INC.","559473","94437","249069","93794","154826","169169","20798","58794","28858"
"2010-07-27T00:00:00.000","GOLD - COMMODITY EXCHANGE INC.","560066","77122","243301","93008","154384","167161","14269","61090","25081"
"2010-08-03T00:00:00.000","GOLD - COMMODITY EXCHANGE INC.","518643","69440","223867","89916","157518","167800","11435","54904","25754"
"2010-08-10T00:00:00.000","GOLD - COMMODITY EXCHANGE INC.","523078","65111","222710","88837","162218","167837","9244","56648","24554"
"2010-08-17T00:00:00.000","GOLD - COMMODITY EXCHANGE INC.","543674","62060","230214","89512","170928","182555","5336","58399","31390"
"2010-08-24T00:00:00.000","GOLD - COMMODITY EXCHANGE INC.","556464","61661","238173","90026","177814","201864","5780","54380","29273"
"2010-08-31T00:00:00.000","GOLD - COMMODITY EXCHANGE INC.","577352","61309","246193","88647","188324","215631","6431","56878","28001"
"2010-09-07T00:00:00.000","GOLD - COMMODITY EXCHANGE INC.","585564","62019","249144","88351","188906","217437","6410","57930","29260"
"2010-09-14T00:00:00.000","GOLD - COMMODITY EXCHANGE INC.","594058","63662","249317","85848","193132","225821","7571","60416","34405"
"2010-09-21T00:00:00.000","GOLD - COMMODITY EXCHANGE INC.","597592","61264","245558","89489","197503","219781","5982","66787","36573"
"2010-09-28T00:00:00.000","GOLD - COMMODITY EXCHANGE INC.","619408","64254","254438","94689","207245","231457","7049","65815","32574"
"2010-10-05T00:00:00.000","GOLD - COMMODITY EXCHANGE INC.","617204","62166","251555","95369","205478","227061","8345","73510","32606"
"2010-10-12T00:00:00.000","GOLD - COMMODITY EXCHANGE INC.","616382","63352","253865","93690","203199","233925","9966","70639","38724"
"2010-10-19T00:00:00.000","GOLD - COMMODITY EXCHANGE INC.","630626","60869","251520","94404","196835","220360","11613","78915","37910"
"2010-10-26T00:00:00.000","GOLD - COMMODITY EXCHANGE INC.","607582","57351","241996","94845","192635","209780","11743","73373","32324"
"2010-11-02T00:00:00.000","GOLD - COMMODITY EXCHANGE INC.","618381","64004","248982","97926","189560","211627","16033","71080","36446"
"2010-11-09T00:00:00.000","GOLD - COMMODITY EXCHANGE INC.","650764","63279","259501","95902","190633","208053","19379","89952","32447"
"2010-11-16T00:00:00.000","GOLD - COMMODITY EXCHANGE INC.","637435","72080","241271","95957","191674","183835","17233","83322","31445"
"2010-11-23T00:00:00.000","GOLD - COMMODITY EXCHANGE INC.","622712","73229","244657","95262","187727","185172","15166","76797","25474"
"2010-11-30T00:00:00.000","GOLD - COMMODITY EXCHANGE INC.","600158","70724","238714","91958","194437","187247","11873","78577","26344"
"2010-12-07T00:00:00.000","GOLD - COMMODITY EXCHANGE INC.","603632","67722","245522","91799","192672","190212","10455","79292","26298"
"2010-12-14T00:00:00.000","GOLD - COMMODITY EXCHANGE INC.","594652","70601","237163","94016","195589","180601","11976","79316","27746"
"2010-12-21T00:00:00.000","GOLD - COMMODITY EXCHANGE INC.","582133","75999","230824","97973","194956","172385","14735","79337","30563"
"2010-12-28T00:00:00.000","GOLD - COMMODITY EXCHANGE INC.","594490","75043","232924","95816","197705","180866","12952","77279","29405"
"2011-01-04T00:00:00.000","GOLD - COMMODITY EXCHANGE INC.","592613","77312","238426","94514","187982","172298","16163","78007","31824"
"2011-01-11T00:00:00.000","GOLD - COMMODITY EXCHANGE INC.","588179","82648","232082","97363","172993","160750","21194","73583","35767"
"2011-01-18T00:00:00.000","GOLD - COMMODITY EXCHANGE INC.","587832","84503","217764","94446","167656","159114","25874","78290","46537"
"2011-01-25T00:00:00.000","GOLD - COMMODITY EXCHANGE INC.","506047","65401","192983","93948","163849","160562","22345","72163","49791"
"2011-02-01T00:00:00.000","GOLD - COMMODITY EXCHANGE INC.","462907","58405","179393","79773","151982","145530","21797","66735","39274"
"2011-02-08T00:00:00.000","GOLD - COMMODITY EXCHANGE INC.","469779","56819","180532","75858","162056","159732","18223","67067","41483"
"2011-02-15T00:00:00.000","GOLD - COMMODITY EXCHANGE INC.","473345","57109","183366","73331","165700","166406","12172","64537","45927"
"2011-02-22T00:00:00.000","GOLD - COMMODITY EXCHANGE INC.","502119","56286","190810","77369","174651","185082","16633","61885","49910"
"2011-03-01T00:00:00.000","GOLD - COMMODITY EXCHANGE INC.","515784","56252","197958","71436","180326","199371","10555","58383","49946"
"2011-03-08T00:00:00.000","GOLD - COMMODITY EXCHANGE INC.","515214","57023","203437","68788","169838","197377","8757","56057","53737"
"2011-03-15T00:00:00.000","GOLD - COMMODITY EXCHANGE INC.","507760","63914","200540","73577","157105","187986","11748","52675","54342"
"2011-03-22T00:00:00.000","GOLD - COMMODITY EXCHANGE INC.","509131","60835","202740","72601","155495","183912","5037","47600","51638"
"2011-03-29T00:00:00.000","GOLD - COMMODITY EXCHANGE INC.","492087","68129","223141","63666","149423","196020","4603","46323","44619"
"2011-04-05T00:00:00.000","GOLD - COMMODITY EXCHANGE INC.","508956","67043","225667","66572","166613","213018","6324","46774","48762"
"2011-04-12T00:00:00.000","GOLD - COMMODITY EXCHANGE INC.","514871","67726","229536","67862","159740","208714","6810","52621","52780"
"2011-04-19T00:00:00.000","GOLD - COMMODITY EXCHANGE INC.","537946","64845","237148","68294","162539","216243","4506","57965","54776"
"2011-04-26T00:00:00.000","GOLD - COMMODITY EXCHANGE INC.","530132","66717","227756","71574","159529","207496","5079","53111","54262"
"2011-05-03T00:00:00.000","GOLD - COMMODITY EXCHANGE INC.","522323","58271","220564","71213","149022","203624","10746","55816","56038"
"2011-05-10T00:00:00.000","GOLD - COMMODITY EXCHANGE INC.","510151","63407","223300","81148","142836","191435","10461","49540","54175"
"2011-05-17T00:00:00.000","GOLD - COMMODITY EXCHANGE INC.","509164","69957","222215","81691","136382","181722","7934","45699","54884"
"2011-05-24T00:00:00.000","GOLD - COMMODITY EXCHANGE INC.","531180","74501","234288","78629","136079","191481","14589","48980","53478"
"2011-05-31T00:00:00.000","GOLD - COMMODITY EXCHANGE INC.","501400","69831","242422","74032","141949","197416","10101","49769","45310"
"2011-06-07T00:00:00.000","GOLD - COMMODITY EXCHANGE INC.","502251","63831","241565","80091","150041","203518","7648","48319","45481"
"2011-06-14T00:00:00.000","GOLD - COMMODITY EXCHANGE INC.","497780","65793","236983","79154","145393","197429","9643","50284","46375"
"2011-06-21T00:00:00.000","GOLD - COMMODITY EXCHANGE INC.","515016","67326","246313","76888","149148","213479","7220","48775","51807"
"2011-06-28T00:00:00.000","GOLD - COMMODITY EXCHANGE INC.","495761","71857","224246","81495","137861","178804","9233","47178","50847"
"2011-07-05T00:00:00.000","GOLD - COMMODITY EXCHANGE INC.","489782","72293","217916","78864","135243","173769","8346","46120","53768"
"2011-07-12T00:00:00.000","GOLD - COMMODITY EXCHANGE INC.","520202","67907","238727","71779","145208","208383","9278","54132","55640"
"2011-07-19T00:00:00.000","GOLD - COMMODITY EXCHANGE INC.","542342","68996","245575","72982","160217","220116","9827","57376","48368"
"2011-07-26T00:00:00.000","GOLD - COMMODITY EXCHANGE INC.","536454","68546","269102","67650","150067","221551","8050","56922","34806"
"2011-08-02T00:00:00.000","GOLD - COMMODITY EXCHANGE INC.","529403","71500","267440","63956","155650","237847","9023","54127","35776"
"2011-08-09T00:00:00.000","GOLD - COMMODITY EXCHANGE INC.","510223","77275","263118","69425","132788","201303","9893","58085","45922"
"2011-08-16T00:00:00.000","GOLD - COMMODITY EXCHANGE INC.","514107","79163","267985","63910","123935","213261","13386","50693","50482"
"2011-08-23T00:00:00.000","GOLD - COMMODITY EXCHANGE INC.","528520","88843","275923","68569","111925","202430","10108","56211","60852"
"2011-08-30T00:00:00.000","GOLD - COMMODITY EXCHANGE INC.","509326","94120","282732","60237","88980","189799","6727","47431","53556"
"2011-09-06T00:00:00.000","GOLD - COMMODITY EXCHANGE INC.","523294","90283","290583","63389","90803","195197","7002","53260","57084"
"2011-09-13T00:00:00.000","GOLD - COMMODITY EXCHANGE INC.","512068","93436","278050","66079","91933","182461","6192","52934","60356"
"2011-09-20T00:00:00.000","GOLD - COMMODITY EXCHANGE INC.","499356","96243","278187","69260","84944","159718","8293","53091","53987"
"2011-09-27T00:00:00.000","GOLD - COMMODITY EXCHANGE INC.","465414","101853","264266","70248","74518","136103","13628","45620","40294"
"2011-10-04T00:00:00.000","GOLD - COMMODITY EXCHANGE INC.","436920","94415","261028","73944","72082","133320","12631","47315","34848"
"2011-10-11T00:00:00.000","GOLD - COMMODITY EXCHANGE INC.","438090","92505","263237","71694","69440","134111","12090","45014","32533"
"2011-10-18T00:00:00.000","GOLD - COMMODITY EXCHANGE INC.","437739","94982","262866","72048","63317","132678","14779","42546","33467"
"2011-10-25T00:00:00.000","GOLD - COMMODITY EXCHANGE INC.","443723","91090","265927","68973","62250","141961","15391","40185","37034"
"2011-11-01T00:00:00.000","GOLD - COMMODITY EXCHANGE INC.","442435","88995","269063","63643","65975","144879","11868","38270","31336"
"2011-11-08T00:00:00.000","GOLD - COMMODITY EXCHANGE INC.","464982","85134","273627","60169","68611","155632","9577","44554","34902"
"2011-11-15T00:00:00.000","GOLD - COMMODITY EXCHANGE INC.","470490","87774","275813","51941","68065","159850","8940","45567","37263"
"2011-11-22T00:00:00.000","GOLD - COMMODITY EXCHANGE INC.","457070","98776","263309","40204","68084","146180","8498","47886","24598"
"2011-11-29T00:00:00.000","GOLD - COMMODITY EXCHANGE INC.","423176","88104","256033","40247","65863","141009","7215","45022","24023"
"2011-12-06T00:00:00.000","GOLD - COMMODITY EXCHANGE INC.","422956","78704","256384","43192","67012","146486","8794","46266","24247"
"2011-12-13T00:00:00.000","GOLD - COMMODITY EXCHANGE INC.","427699","83774","255642","50987","65336","137811","10674","46657","23291"
"2011-12-20T00:00:00.000","GOLD - COMMODITY EXCHANGE INC.","423465","85338","242705","58225","65412","124617","13147","48356","25890"
"2011-12-27T00:00:00.000","GOLD - COMMODITY EXCHANGE INC.","418945","86324","241508","58198","66946","120594","14551","46819","22074"
"2012-01-03T00:00:00.000","GOLD - COMMODITY EXCHANGE INC.","423275","86576","238940","57148","66627","121961","17399","47378","20969"
"2012-01-10T00:00:00.000","GOLD - COMMODITY EXCHANGE INC.","417923","88406","239346","52261","67895","118994","15014","47268","18488"
"2012-01-17T00:00:00.000","GOLD - COMMODITY EXCHANGE INC.","432838","89853","255762","51350","58417","120582","11927","46791","19417"
"2012-01-24T00:00:00.000","GOLD - COMMODITY EXCHANGE INC.","427032","85155","256803","48199","56319","127512","10356","45967","20900"
"2012-01-31T00:00:00.000","GOLD - COMMODITY EXCHANGE INC.","425133","83849","264347","33019","62383","149921","5973","47557","20146"
"2012-02-07T00:00:00.000","GOLD - COMMODITY EXCHANGE INC.","436061","79733","268892","35358","67271","161575","5966","46045","24147"
"2012-02-14T00:00:00.000","GOLD - COMMODITY EXCHANGE INC.","431164","79725","260523","37712","66322","156994","8005","43338","24907"
"2012-02-21T00:00:00.000","GOLD - COMMODITY EXCHANGE INC.","456676","79452","272935","36492","72311","169144","8850","45199","24532"
"2012-02-28T00:00:00.000","GOLD - COMMODITY EXCHANGE INC.","479044","78899","280680","36861","80431","184843","7700","46207","30130"
"2012-03-06T00:00:00.000","GOLD - COMMODITY EXCHANGE INC.","443249","81877","250981","43615","74719","153286","11445","44826","23402"
"2012-03-13T00:00:00.000","GOLD - COMMODITY EXCHANGE INC.","442319","81152","247753","46312","71399","146286","12668","44191","26903"
"2012-03-20T00:00:00.000","GOLD - COMMODITY EXCHANGE INC.","431039","85230","236802","51279","65845","129938","16840","45071","26706"
"2012-03-27T00:00:00.000","GOLD - COMMODITY EXCHANGE INC.","417304","76535","235618","50185","76178","136546","12463","45823","22085"
"2012-04-03T00:00:00.000","GOLD - COMMODITY EXCHANGE INC.","407761","79367","229690","51098","78239","126887","13847","48705","19980"
"2012-04-10T00:00:00.000","GOLD - COMMODITY EXCHANGE INC.","403989","78673","221202","49178","77698","119710","15480","51286","18863"
"2012-04-17T00:00:00.000","GOLD - COMMODITY EXCHANGE INC.","398526","75591","224882","46945","73745","117770","10194","50930","16501"
"2012-04-24T00:00:00.000","GOLD - COMMODITY EXCHANGE INC.","395389","78916","219917","45255","71491","115706","12356","49297","17653"
"2012-05-01T00:00:00.000","GOLD - COMMODITY EXCHANGE INC.","411972","79198","228645","45266","73822","119865","9809","49703","19366"
"2012-05-08T00:00:00.000","GOLD - COMMODITY EXCHANGE INC.","417798","82697","216394","44175","61933","113307","22935","52823","19892"
"2012-05-15T00:00:00.000","GOLD - COMMODITY EXCHANGE INC.","422091","81982","212571","46907","55235","112920","32822","51131","17087"
"2012-05-22T00:00:00.000","GOLD - COMMODITY EXCHANGE INC.","435706","93201","228881","54353","54271","113453","38808","56098","15592"
"2012-05-29T00:00:00.000","GOLD - COMMODITY EXCHANGE INC.","419991","89263","217183","54724","57513","113383","40857","54056","15870"
"2012-06-05T00:00:00.000","GOLD - COMMODITY EXCHANGE INC.","423941","75259","217097","55084","69368","124211","35621","59751","19477"
"2012-06-12T00:00:00.000","GOLD - COMMODITY EXCHANGE INC.","412244","75355","214547","49384","68982","120365","32492","60894","16452"
"2012-06-19T00:00:00.000","GOLD - COMMODITY EXCHANGE INC.","418492","77449","229915","52122","63347","121411","28260","62982","19729"
"2012-06-26T00:00:00.000","GOLD - COMMODITY EXCHANGE INC.","413618","79372","223244","57339","57627","110884","33389","63705","18581"
"2012-07-03T00:00:00.000","GOLD - COMMODITY EXCHANGE INC.","425068","80343","236464","50550","61066","125464","29245","61799","20803"
"2012-07-10T00:00:00.000","GOLD - COMMODITY EXCHANGE INC.","429854","80672","234237","54038","53239","115071","34784","67085","21137"
"2012-07-17T00:00:00.000","GOLD - COMMODITY EXCHANGE INC.","431317","79877","238078","55690","56308","109800","28444","70674","23071"
"2012-07-24T00:00:00.000","GOLD - COMMODITY EXCHANGE INC.","420296","82393","220064","55448","54022","92963","33154","73122","19954"
"2012-07-31T00:00:00.000","GOLD - COMMODITY EXCHANGE INC.","403403","79471","227217","52701","60967","105196","24339","66135","20928"
"2012-08-07T00:00:00.000","GOLD - COMMODITY EXCHANGE INC.","388254","77035","211868","49288","60873","96887","27177","66195","20405"
"2012-08-14T00:00:00.000","GOLD - COMMODITY EXCHANGE INC.","388187","74399","206767","50179","61751","95478","28822","65957","18309"
"2012-08-21T00:00:00.000","GOLD - COMMODITY EXCHANGE INC.","398747","72285","215517","41776","69766","111063","19478","59717","20618"
"2012-08-28T00:00:00.000","GOLD - COMMODITY EXCHANGE INC.","426559","73133","233502","38045","81300","127743","14577","66937","21612"
"2012-09-04T00:00:00.000","GOLD - COMMODITY EXCHANGE INC.","444489","71947","250540","40011","80804","136347","13420","68598","21061"
"2012-09-11T00:00:00.000","GOLD - COMMODITY EXCHANGE INC.","460531","72737","266203","39378","83003","147696","10083","66707","22304"
"2012-09-18T00:00:00.000","GOLD - COMMODITY EXCHANGE INC.","478609","44354","236273","39854","97568","155972","11670","69016","22203"
"2012-09-25T00:00:00.000","GOLD - COMMODITY EXCHANGE INC.","489516","44057","256629","45297","95080","167404","9176","66590","20922"
"2012-10-02T00:00:00.000","GOLD - COMMODITY EXCHANGE INC.","480908","42029","258285","45440","98454","171822","8832","67612","22276"
"2012-10-09T00:00:00.000","GOLD - COMMODITY EXCHANGE INC.","484359","41908","258562","45750","96084","177644","10171","69757","25281"
"2012-10-16T00:00:00.000","GOLD - COMMODITY EXCHANGE INC.","462826","39443","238865","45506","93467","169829","11245","63159","27723"
"2012-10-23T00:00:00.000","GOLD - COMMODITY EXCHANGE INC.","455836","40928","232022","46353","87924","159412","12776","62683","27276"
"2012-10-30T00:00:00.000","GOLD - COMMODITY EXCHANGE INC.","454742","41732","226728","50003","87771","149389","13961","58143","23349"
"2012-11-06T00:00:00.000","GOLD - COMMODITY EXCHANGE INC.","447154","44160","211709","52213","92406","128668","13499","67836","22832"
"2012-11-13T00:00:00.000","GOLD - COMMODITY EXCHANGE INC.","459761","44875","227746","48431","90355","137972","13042","69875","23211"
"2012-11-20T00:00:00.000","GOLD - COMMODITY EXCHANGE INC.","474129","44224","233033","48306","95561","147339","11400","70094","25218"
"2012-11-27T00:00:00.000","GOLD - COMMODITY EXCHANGE INC.","479373","47394","244733","42719","104092","159947","7640","68484","20384"
"2012-12-04T00:00:00.000","GOLD - COMMODITY EXCHANGE INC.","434416","48256","223187","41757","84422","134304","15559","67873","20882"
"2012-12-11T00:00:00.000","GOLD - COMMODITY EXCHANGE INC.","433586","50170","212748","39045","91347","134234","14579","67721","23677"
"2012-12-18T00:00:00.000","GOLD - COMMODITY EXCHANGE INC.","435742","50213","199985","40727","93089","130786","22755","71855","22105"
"2012-12-24T00:00:00.000","GOLD - COMMODITY EXCHANGE INC.","426300","51885","188906","37952","88595","128403","29509","72033","20831"
"2012-12-31T00:00:00.000","GOLD - COMMODITY EXCHANGE INC.","427991","50991","186493","40449","93606","124967","27848","73693","22293"
"2013-01-08T00:00:00.000","GOLD - COMMODITY EXCHANGE INC.","441304","51806","187324","53802","96756","117603","30254","76266","20807"
"2013-01-15T00:00:00.000","GOLD - COMMODITY EXCHANGE INC.","447773","52729","188070","50280","100052","118437","27333","74518","20506"
"2013-01-22T00:00:00.000","GOLD - COMMODITY EXCHANGE INC.","461369","55162","195954","47206","102364","121758","23861","74037","20037"
"2013-01-29T00:00:00.000","GOLD - COMMODITY EXCHANGE INC.","430718","62343","193626","55064","90878","111076","34575","70027","19580"
"2013-02-05T00:00:00.000","GOLD - COMMODITY EXCHANGE INC.","423982","49831","184696","51722","91464","113058","34510","79748","20831"
"2013-02-12T00:00:00.000","GOLD - COMMODITY EXCHANGE INC.","435088","54166","179008","55538","91349","113939","47357","80002","19749"
"2013-02-19T00:00:00.000","GOLD - COMMODITY EXCHANGE INC.","447290","56079","160514","56500","84147","109507","66697","86363","25522"
"2013-02-26T00:00:00.000","GOLD - COMMODITY EXCHANGE INC.","433858","50828","159967","53742","82223","112888","62035","89068","23322"
"2013-03-05T00:00:00.000","GOLD - COMMODITY EXCHANGE INC.","434586","54198","153960","51325","85361","108352","67182","86896","20479"
"2013-03-12T00:00:00.000","GOLD - COMMODITY EXCHANGE INC.","445651","55461","150703","50051","96930","112966","68642","88651","18468"
"2013-03-19T00:00:00.000","GOLD - COMMODITY EXCHANGE INC.","440712","53473","152898","36981","99920","121388","56609","87507","16676"
"2013-03-26T00:00:00.000","GOLD - COMMODITY EXCHANGE INC.","419727","58542","153528","36400","99887","110766","54831","89623","13112"
"2013-04-02T00:00:00.000","GOLD - COMMODITY EXCHANGE INC.","417176","53548","136021","42206","102255","110504","66308","92130","16120"
"2013-04-09T00:00:00.000","GOLD - COMMODITY EXCHANGE INC.","416513","53345","129907","43492","110732","113423","63436","90389","21017"
"2013-04-16T00:00:00.000","GOLD - COMMODITY EXCHANGE INC.","413083","61088","134458","39834","108393","122687","54025","81990","21770"
"2013-04-23T00:00:00.000","GOLD - COMMODITY EXCHANGE INC.","415074","68445","118507","43342","97668","119662","66743","77526","26190"
"2013-04-30T00:00:00.000","GOLD - COMMODITY EXCHANGE INC.","421087","77240","120192","43088","95699","116815","65224","76495","31034"
"2013-05-07T00:00:00.000","GOLD - COMMODITY EXCHANGE INC.","437931","83822","121285","49861","100117","115705","67172","73638","32748"
"2013-05-14T00:00:00.000","GOLD - COMMODITY EXCHANGE INC.","443806","97264","124330","43781","100861","112533","73149","74388","30046"
"2013-05-21T00:00:00.000","GOLD - COMMODITY EXCHANGE INC.","446087","95314","129648","43209","92997","113088","76730","76313","32412"
"2013-05-28T00:00:00.000","GOLD - COMMODITY EXCHANGE INC.","411001","75989","113560","45571","67221","114281","67244","58284","48442"
"2013-06-04T00:00:00.000","GOLD - COMMODITY EXCHANGE INC.","373061","67333","100463","43384","71906","112259","58671","58712","51100"
"2013-06-11T00:00:00.000","GOLD - COMMODITY EXCHANGE INC.","373844","66809","96688","43835","72278","116492","61174","57523","53836"
"2013-06-18T00:00:00.000","GOLD - COMMODITY EXCHANGE INC.","377106","69754","90094","46412","70187","110415","71162","56356","51917"
"2013-06-25T00:00:00.000","GOLD - COMMODITY EXCHANGE INC.","390647","77991","97257","44960","60902","107441","77152","57460","53597"
"2013-07-02T00:00:00.000","GOLD - COMMODITY EXCHANGE INC.","410399","87590","102780","56018","63604","103011","81627","55701","56334"
"2013-07-09T00:00:00.000","GOLD - COMMODITY EXCHANGE INC.","431574","97549","112677","60807","64720","105942","82060","54272","61597"
"2013-07-16T00:00:00.000","GOLD - COMMODITY EXCHANGE INC.","440283","112727","126621","56214","66927","106737","64896","49834","68213"
"2013-07-23T00:00:00.000","GOLD - COMMODITY EXCHANGE INC.","434750","111059","125351","49117","69521","111993","56639","49204","70367"
"2013-07-30T00:00:00.000","GOLD - COMMODITY EXCHANGE INC.","397035","102399","106813","45472","66832","108850","56821","45669","69332"
"2013-08-06T00:00:00.000","GOLD - COMMODITY EXCHANGE INC.","396062","100446","104902","48021","97724","105340","70596","48472","31581"
"2013-08-13T00:00:00.000","GOLD - COMMODITY EXCHANGE INC.","390547","97495","104789","48387","101967","100561","62573","47963","32025"
"2013-08-20T00:00:00.000","GOLD - COMMODITY EXCHANGE INC.","385410","86423","98763","51336","106661","104483","56067","46865","34885"
"2013-08-27T00:00:00.000","GOLD - COMMODITY EXCHANGE INC.","384102","81581","102111","48785","115893","105531","35142","44543","36643"
"2013-09-03T00:00:00.000","GOLD - COMMODITY EXCHANGE INC.","388584","81562","106201","52306","120128","107642","32242","44309","41518"
"2013-09-10T00:00:00.000","GOLD - COMMODITY EXCHANGE INC.","384164","84890","101758","54162","117518","100358","35578","41148","37204"
"2013-09-17T00:00:00.000","GOLD - COMMODITY EXCHANGE INC.","384592","85522","96426","58014","112447","96370","41590","42586","38570"
"2013-09-24T00:00:00.000","GOLD - COMMODITY EXCHANGE INC.","378216","83916","96807","55458","114094","99035","35023","41433","38306"
"2013-10-01T00:00:00.000","GOLD - COMMODITY EXCHANGE INC.","374151","92044","101222","48638","117588","97777","36394","43764","32100"
"2013-10-08T00:00:00.000","GOLD - COMMODITY EXCHANGE INC.","370406","88837","105698","47956","121511","97919","26363","42288","31527"
"2013-10-15T00:00:00.000","GOLD - COMMODITY EXCHANGE INC.","381727","91615","103060","58571","111950","97326","44536","42337","33194"
"2013-10-22T00:00:00.000","GOLD - COMMODITY EXCHANGE INC.","390369","89361","109995","53299","114813","105074","38476","42761","32694"
"2013-10-29T00:00:00.000","GOLD - COMMODITY EXCHANGE INC.","387166","90404","116664","47817","128344","109627","21224","43782","31949"
"2013-11-05T00:00:00.000","GOLD - COMMODITY EXCHANGE INC.","386796","87629","116465","54848","119912","105007","26923","44024","30972"
"2013-11-12T00:00:00.000","GOLD - COMMODITY EXCHANGE INC.","403840","88916","109031","63134","108804","100760","54653","43302","28057"
"2013-11-19T00:00:00.000","GOLD - COMMODITY EXCHANGE INC.","397590","85180","97592","66739","105842","97331","62800","43522","29933"
"2013-11-26T00:00:00.000","GOLD - COMMODITY EXCHANGE INC.","394432","92112","86202","63173","97319","93619","77658","39795","29201"
"2013-12-03T00:00:00.000","GOLD - COMMODITY EXCHANGE INC.","386436","89853","77558","60771","95365","93671","83730","40875","28125"
"2013-12-10T00:00:00.000","GOLD - COMMODITY EXCHANGE INC.","377313","85670","75406","60775","100001","94330","78527","39536","28959"
"2013-12-17T00:00:00.000","GOLD - COMMODITY EXCHANGE INC.","385432","90760","79659","64050","102250","93399","79637","39669","27527"
"2013-12-24T00:00:00.000","GOLD - COMMODITY EXCHANGE INC.","384974","87970","76015","60796","99269","93958","82765","41432","25286"
"2013-12-31T00:00:00.000","GOLD - COMMODITY EXCHANGE INC.","379550","85708","80151","56130","94708","96059","78334","41123","26625"
"2014-01-07T00:00:00.000","GOLD - COMMODITY EXCHANGE INC.","383021","85519","82409","55103","100097","98659","74421","40585","25936"
"2014-01-14T00:00:00.000","GOLD - COMMODITY EXCHANGE INC.","415426","101424","95297","52669","104051","104303","76033","41554","25811"
"2014-01-21T00:00:00.000","GOLD - COMMODITY EXCHANGE INC.","410959","105533","99956","53047","104715","104723","74506","41295","24929"
"2014-01-28T00:00:00.000","GOLD - COMMODITY EXCHANGE INC.","382739","83687","96093","51561","104134","109782","62544","40376","21273"
"2014-02-04T00:00:00.000","GOLD - COMMODITY EXCHANGE INC.","368279","84257","92687","49463","106815","107407","63755","40347","19060"
"2014-02-11T00:00:00.000","GOLD - COMMODITY EXCHANGE INC.","376973","80473","89428","52698","116397","116817","64731","39969","20854"
"2014-02-18T00:00:00.000","GOLD - COMMODITY EXCHANGE INC.","390535","72428","98901","55230","120508","123273","54503","41205","25344"
"2014-02-25T00:00:00.000","GOLD - COMMODITY EXCHANGE INC.","387503","68140","104950","48341","128194","127279","31023","42591","29383"
"2014-03-04T00:00:00.000","GOLD - COMMODITY EXCHANGE INC.","393266","66707","110079","49261","127038","128351","27184","43053","29054"
"2014-03-11T00:00:00.000","GOLD - COMMODITY EXCHANGE INC.","415340","61001","106750","48423","128041","127797","21766","42685","29826"
"2014-03-18T00:00:00.000","GOLD - COMMODITY EXCHANGE INC.","420626","61350","121662","44752","130374","137216","16153","46108","30357"
"2014-03-25T00:00:00.000","GOLD - COMMODITY EXCHANGE INC.","398264","58922","86941","44944","144546","125231","18218","43852","33548"
"2014-04-01T00:00:00.000","GOLD - COMMODITY EXCHANGE INC.","363451","54606","79339","48309","137605","117969","26516","40183","31491"
"2014-04-08T00:00:00.000","GOLD - COMMODITY EXCHANGE INC.","365400","54960","78829","52999","130873","109728","28201","39965","32893"
"2014-04-15T00:00:00.000","GOLD - COMMODITY EXCHANGE INC.","369577","58448","73033","56204","129224","105454","32464","41978","35676"
"2014-04-22T00:00:00.000","GOLD - COMMODITY EXCHANGE INC.","372593","59447","74937","59228","134264","105681","28575","41199","36472"
"2014-04-29T00:00:00.000","GOLD - COMMODITY EXCHANGE INC.","378092","61248","77932","59711","140198","106919","29512","40850","33030"
"2014-05-06T00:00:00.000","GOLD - COMMODITY EXCHANGE INC.","404700","64437","83172","55586","147322","119385","28746","41597","34280"
"2014-05-13T00:00:00.000","GOLD - COMMODITY EXCHANGE INC.","397029","63958","89873","60842","137248","114561","32107","42615","33435"
"2014-05-20T00:00:00.000","GOLD - COMMODITY EXCHANGE INC.","399371","60814","86888","55661","135597","112385","31232","45013","29675"
"2014-05-27T00:00:00.000","GOLD - COMMODITY EXCHANGE INC.","397695","50019","64916","65353","129094","111146","53577","44469","28647"
"2014-06-03T00:00:00.000","GOLD - COMMODITY EXCHANGE INC.","382141","48855","63220","67407","116486","111245","73063","46087","25118"
"2014-06-10T00:00:00.000","GOLD - COMMODITY EXCHANGE INC.","378689","45471","59335","67848","117134","111795","73741","47772","24699"
"2014-06-17T00:00:00.000","GOLD - COMMODITY EXCHANGE INC.","379843","45840","63426","66800","127539","113624","60065","48428","23692"
"2014-06-24T00:00:00.000","GOLD - COMMODITY EXCHANGE INC.","392388","43455","81598","57677","151141","134571","34641","48862","27933"
"2014-07-01T00:00:00.000","GOLD - COMMODITY EXCHANGE INC.","401813","38911","91232","51592","159726","149227","23273","52060","31989"
"2014-07-08T00:00:00.000","GOLD - COMMODITY EXCHANGE INC.","410992","35090","92825","57659","165927","154719","20943","48745","32500"
"2014-07-15T00:00:00.000","GOLD - COMMODITY EXCHANGE INC.","408368","36257","91384","59019","160798","149260","27173","50690","30319"
"2014-07-22T00:00:00.000","GOLD - COMMODITY EXCHANGE INC.","405617","35624","92941","61849","164723","148121","22395","49714","29294"
"2014-07-29T00:00:00.000","GOLD - COMMODITY EXCHANGE INC.","374467","34871","90450","58093","151446","135724","27094","53256","22733"
"2014-08-05T00:00:00.000","GOLD - COMMODITY EXCHANGE INC.","360342","31968","79502","58268","142376","123819","33140","52567","21783"
"2014-08-12T00:00:00.000","GOLD - COMMODITY EXCHANGE INC.","368114","30213","85589","53137","158448","138357","21930","52968","21714"
"2014-08-19T00:00:00.000","GOLD - COMMODITY EXCHANGE INC.","366401","30797","84900","58213","151772","128398","25193","55448","20677"
"2014-08-26T00:00:00.000","GOLD - COMMODITY EXCHANGE INC.","363608","31479","73638","62318","143707","118012","36830","54010","22023"
"2014-09-02T00:00:00.000","GOLD - COMMODITY EXCHANGE INC.","371515","32793","71204","69658","134954","116120","53202","56402","22441"
"2014-09-09T00:00:00.000","GOLD - COMMODITY EXCHANGE INC.","384341","37265","76014","70734","129940","118708","58501","58847","23913"
"2014-09-16T00:00:00.000","GOLD - COMMODITY EXCHANGE INC.","386080","37158","70141","72485","115745","113659","73364","57090","25198"
"2014-09-23T00:00:00.000","GOLD - COMMODITY EXCHANGE INC.","385788","38784","69623","75993","109473","110427","80297","59955","26201"
"2014-09-30T00:00:00.000","GOLD - COMMODITY EXCHANGE INC.","379874","37100","68903","72866","101792","111264","80341","59811","25864"
"2014-10-07T00:00:00.000","GOLD - COMMODITY EXCHANGE INC.","380087","39274","70192","62844","95333","110064","80201","64011","27427"
"2014-10-14T00:00:00.000","GOLD - COMMODITY EXCHANGE INC.","397855","42111","74570","55993","102357","123582","81386","69998","26779"
"2014-10-21T00:00:00.000","GOLD - COMMODITY EXCHANGE INC.","411057","39585","84500","55548","115531","132835","70347","74294","28798"
"2014-10-28T00:00:00.000","GOLD - COMMODITY EXCHANGE INC.","414410","38273","88088","64780","113829","128420","68353","67465","26793"
"2014-11-04T00:00:00.000","GOLD - COMMODITY EXCHANGE INC.","417377","39318","77108","76965","94482","113324","74519","63575","39155"
"2014-11-11T00:00:00.000","GOLD - COMMODITY EXCHANGE INC.","443422","49129","86992","81186","93347","110478","79863","66790","41362"
"2014-11-18T00:00:00.000","GOLD - COMMODITY EXCHANGE INC.","459657","56408","96660","77541","108286","119566","71166","68389","35367"
"2014-11-25T00:00:00.000","GOLD - COMMODITY EXCHANGE INC.","388145","36606","73368","75262","106985","113999","59549","53395","31638"
"2014-12-02T00:00:00.000","GOLD - COMMODITY EXCHANGE INC.","368121","30598","75927","68077","112156","117804","49170","52831","32135"
"2014-12-09T00:00:00.000","GOLD - COMMODITY EXCHANGE INC.","375323","33262","88237","54078","115704","130648","39985","56213","32014"
"2014-12-16T00:00:00.000","GOLD - COMMODITY EXCHANGE INC.","371743","34330","93684","58092","113829","127571","35746","54576","27993"
"2014-12-23T00:00:00.000","GOLD - COMMODITY EXCHANGE INC.","375212","31936","82559","63961","118563","123087","40890","57893","29180"
"2014-12-30T00:00:00.000","GOLD - COMMODITY EXCHANGE INC.","373982","28690","82890","59587","118521","124928","37878","57969","29182"
"2015-01-06T00:00:00.000","GOLD - COMMODITY EXCHANGE INC.","394021","32669","92020","58869","122190","128325","34129","59380","31398"
"2015-01-13T00:00:00.000","GOLD - COMMODITY EXCHANGE INC.","402108","34607","99314","57011","129980","132173","30232","60786","32501"
"2015-01-20T00:00:00.000","GOLD - COMMODITY EXCHANGE INC.","430128","29306","114948","56831","148999","155602","26261","67655","34541"
"2015-01-27T00:00:00.000","GOLD - COMMODITY EXCHANGE INC.","438279","24610","121126","49720","159364","173110","19873","65297","29609"
"2015-02-03T00:00:00.000","GOLD - COMMODITY EXCHANGE INC.","419524","27037","117623","52559","165246","167310","18984","61696","25007"
"2015-02-10T00:00:00.000","GOLD - COMMODITY EXCHANGE INC.","393232","23007","101513","58748","150833","140835","21298","58201","22464"
"2015-02-17T00:00:00.000","GOLD - COMMODITY EXCHANGE INC.","389530","22366","96511","63983","133473","128595","32903","59526","23484"
"2015-02-24T00:00:00.000","GOLD - COMMODITY EXCHANGE INC.","399307","24350","95758","67813","132099","124595","35108","59821","23137"
"2015-03-03T00:00:00.000","GOLD - COMMODITY EXCHANGE INC.","405124","23666","89987","71498","128564","115279","42320","65282","22421"
"2015-03-10T00:00:00.000","GOLD - COMMODITY EXCHANGE INC.","410918","26168","78115","78066","115461","107032","58359","64789","31570"
"2015-03-17T00:00:00.000","GOLD - COMMODITY EXCHANGE INC.","429738","30755","74063","76537","89719","97847","78623","64421","30552"
"2015-03-24T00:00:00.000","GOLD - COMMODITY EXCHANGE INC.","433767","27523","72822","81595","89221","98784","87349","69450","26604"
"2015-03-31T00:00:00.000","GOLD - COMMODITY EXCHANGE INC.","387585","25366","75694","70154","100941","103808","67752","69010","25047"
"2015-04-07T00:00:00.000","GOLD - COMMODITY EXCHANGE INC.","390571","24724","85642","62352","109723","112747","57072","70383","25301"
"2015-04-14T00:00:00.000","GOLD - COMMODITY EXCHANGE INC.","395089","23642","83946","59580","102869","110439","62390","74302","23954"
"2015-04-21T00:00:00.000","GOLD - COMMODITY EXCHANGE INC.","397379","21523","75074","58445","109900","108259","60134","76308","23188"
"2015-04-28T00:00:00.000","GOLD - COMMODITY EXCHANGE INC.","403575","18237","71952","57350","110507","114952","64369","74977","24303"
"2015-05-05T00:00:00.000","GOLD - COMMODITY EXCHANGE INC.","399988","20250","60415","66517","100514","98957","76100","74148","24565"
"2015-05-12T00:00:00.000","GOLD - COMMODITY EXCHANGE INC.","405612","20691","64014","65253","99432","104207","76488","75050","25329"
"2015-05-19T00:00:00.000","GOLD - COMMODITY EXCHANGE INC.","428597","17951","94860","61564","116989","132306","53689","69884","25880"
"2015-05-26T00:00:00.000","GOLD - COMMODITY EXCHANGE INC.","411961","17429","91862","66036","101323","125069","58825","66882","28432"
"2015-06-02T00:00:00.000","GOLD - COMMODITY EXCHANGE INC.","398724","16934","90560","67739","102263","125229","63482","69070","26407"
"2015-06-09T00:00:00.000","GOLD - COMMODITY EXCHANGE INC.","406069","18488","79791","77467","94753","121125","83486","65688","28237"
"2015-06-16T00:00:00.000","GOLD - COMMODITY EXCHANGE INC.","415718","16454","75845","76500","93746","124527","89529","66526","25801"
"2015-06-23T00:00:00.000","GOLD - COMMODITY EXCHANGE INC.","430978","15949","91484","71617","96970","124843","84927","78101","22903"
"2015-06-30T00:00:00.000","GOLD - COMMODITY EXCHANGE INC.","442301","16748","81821","77261","86957","115188","99565","79288","27756"
"2015-07-07T00:00:00.000","GOLD - COMMODITY EXCHANGE INC.","452145","18678","72089","82437","81615","111482","109383","82294","33945"
"2015-07-14T00:00:00.000","GOLD - COMMODITY EXCHANGE INC.","462664","22205","74248","81349","77775","108413","109536","82601","33654"
"2015-07-21T00:00:00.000","GOLD - COMMODITY EXCHANGE INC.","459760","26690","66493","80298","62079","106297","119853","81423","39588"
"2015-07-28T00:00:00.000","GOLD - COMMODITY EXCHANGE INC.","438282","22082","58546","83026","61828","106284","120917","76693","37595"
"2015-08-04T00:00:00.000","GOLD - COMMODITY EXCHANGE INC.","434273","20798","60201","87818","63235","103573","114860","81219","40032"
"2015-08-11T00:00:00.000","GOLD - COMMODITY EXCHANGE INC.","435489","18426","62110","86266","67040","108507","113937","79271","41399"
"2015-08-18T00:00:00.000","GOLD - COMMODITY EXCHANGE INC.","432728","17508","63587","86133","70002","112075","104158","73637","39895"
"2015-08-25T00:00:00.000","GOLD - COMMODITY EXCHANGE INC.","432154","14467","80360","82325","79068","119456","78842","70437","40318"
"2015-09-01T00:00:00.000","GOLD - COMMODITY EXCHANGE INC.","410274","12944","80229","74975","76778","112641","72044","70112","38024"
"2015-09-08T00:00:00.000","GOLD - COMMODITY EXCHANGE INC.","421732","20513","77612","74098","72978","112684","85859","70931","38463"
"2015-09-15T00:00:00.000","GOLD - COMMODITY EXCHANGE INC.","413333","17304","60606","78146","67823","104300","95493","69925","39185"
"2015-09-22T00:00:00.000","GOLD - COMMODITY EXCHANGE INC.","419304","19677","75195","69713","71423","107531","86702","74549","34253"
"2015-09-29T00:00:00.000","GOLD - COMMODITY EXCHANGE INC.","415700","25515","87605","61785","72838","112633","72069","70159","34078"
"2015-10-06T00:00:00.000","GOLD - COMMODITY EXCHANGE INC.","430228","25741","92163","63322","85369","115414","69576","75586","34605"
"2015-10-13T00:00:00.000","GOLD - COMMODITY EXCHANGE INC.","435928","24080","103595","63188","102167","128350","51137","74949","35003"
"2015-10-20T00:00:00.000","GOLD - COMMODITY EXCHANGE INC.","467792","24068","125536","56278","118110","156199","39855","77028","42071"
"2015-10-27T00:00:00.000","GOLD - COMMODITY EXCHANGE INC.","466780","24021","126967","56525","119427","147660","33568","78325","34983"
"2015-11-03T00:00:00.000","GOLD - COMMODITY EXCHANGE INC.","443900","26094","115320","64033","99795","116702","49495","78082","28947"
"2015-11-10T00:00:00.000","GOLD - COMMODITY EXCHANGE INC.","436426","25898","90778","69343","76357","91880","75011","82681","31161"
"2015-11-17T00:00:00.000","GOLD - COMMODITY EXCHANGE INC.","435376","25079","75078","73481","51955","90510","104433","82885","34563"
"2015-11-24T00:00:00.000","GOLD - COMMODITY EXCHANGE INC.","397705","25625","67103","66384","36889","91059","107723","68381","35415"
"2015-12-01T00:00:00.000","GOLD - COMMODITY EXCHANGE INC.","390940","27538","59821","66447","37075","89982","110548","68810","38494"
"2015-12-08T00:00:00.000","GOLD - COMMODITY EXCHANGE INC.","394128","25951","62512","63378","40814","92488","109910","70276","33231"
"2015-12-15T00:00:00.000","GOLD - COMMODITY EXCHANGE INC.","390944","20596","61412","68154","35604","83617","110836","72317","31442"
"2015-12-22T00:00:00.000","GOLD - COMMODITY EXCHANGE INC.","405294","19453","73397","70804","39111","79979","100041","74297","27808"
"2015-12-29T00:00:00.000","GOLD - COMMODITY EXCHANGE INC.","401880","23044","67018","65832","37193","76071","103272","74158","27855"
"2016-01-05T00:00:00.000","GOLD - COMMODITY EXCHANGE INC.","413688","22948","67800","62783","37206","79732","95659","73800","31313"
"2016-01-12T00:00:00.000","GOLD - COMMODITY EXCHANGE INC.","397565","23309","75124","52700","44470","82908","82816","75747","31121"
"2016-01-19T00:00:00.000","GOLD - COMMODITY EXCHANGE INC.","408835","24206","73168","53388","44569","84054","83615","74266","31011"
"2016-01-26T00:00:00.000","GOLD - COMMODITY EXCHANGE INC.","385350","19845","72454","47192","54416","95745","78942","74726","32489"
"2016-02-02T00:00:00.000","GOLD - COMMODITY EXCHANGE INC.","379185","24395","80385","48605","69970","100566","71530","76402","32616"
"2016-02-09T00:00:00.000","GOLD - COMMODITY EXCHANGE INC.","410833","23988","91728","52921","90104","121059","60423","80695","42903"
"2016-02-16T00:00:00.000","GOLD - COMMODITY EXCHANGE INC.","428912","26085","111860","55745","101954","126219","45206","82882","46535"
"2016-02-23T00:00:00.000","GOLD - COMMODITY EXCHANGE INC.","445290","19329","123277","53429","112630","141373","32276","86008","50127"
"2016-03-01T00:00:00.000","GOLD - COMMODITY EXCHANGE INC.","450555","16920","129587","56255","115019","133823","29453","89363","41320"
"2016-03-08T00:00:00.000","GOLD - COMMODITY EXCHANGE INC.","499110","17739","143726","54685","124070","160317","32890","92578","45195"
"2016-03-15T00:00:00.000","GOLD - COMMODITY EXCHANGE INC.","493086","19486","143435","60147","121729","159202","29425","88457","48722"
"2016-03-22T00:00:00.000","GOLD - COMMODITY EXCHANGE INC.","510579","19858","150125","59953","129680","174457","29558","84189","50257"
"2016-03-29T00:00:00.000","GOLD - COMMODITY EXCHANGE INC.","480461","24190","150685","56815","138284","184135","29930","77947","42346"
"2016-04-05T00:00:00.000","GOLD - COMMODITY EXCHANGE INC.","474094","21204","151023","57395","134821","186716","33958","77065","39423"
"2016-04-12T00:00:00.000","GOLD - COMMODITY EXCHANGE INC.","504523","21129","164322","60602","149196","202500","31866","83841","40668"
"2016-04-19T00:00:00.000","GOLD - COMMODITY EXCHANGE INC.","503331","20069","166296","56336","150230","208661","34554","82482","39752"
"2016-04-26T00:00:00.000","GOLD - COMMODITY EXCHANGE INC.","497884","18752","165367","55117","148610","206476","34426","81697","32890"
"2016-05-03T00:00:00.000","GOLD - COMMODITY EXCHANGE INC.","565774","19259","189227","54485","179418","248842","29947","89634","36881"
"2016-05-10T00:00:00.000","GOLD - COMMODITY EXCHANGE INC.","579777","20797","178897","54725","181621","246782","35591","90469","36762"
"2016-05-17T00:00:00.000","GOLD - COMMODITY EXCHANGE INC.","595077","21631","170642","54437","195669","247059","34618","93689","39842"
"2016-05-24T00:00:00.000","GOLD - COMMODITY EXCHANGE INC.","542958","59557","156435","47330","175665","205180","48719","86086","35915"
"2016-05-31T00:00:00.000","GOLD - COMMODITY EXCHANGE INC.","494321","47227","142196","47595","166664","192160","43549","82429","33905"
"2016-06-07T00:00:00.000","GOLD - COMMODITY EXCHANGE INC.","496330","26136","147563","46410","168675","212061","34695","83627","32374"
"2016-06-14T00:00:00.000","GOLD - COMMODITY EXCHANGE INC.","545357","26395","176665","44717","192524","257500","28260","90057","39435"
"2016-06-21T00:00:00.000","GOLD - COMMODITY EXCHANGE INC.","571517","28287","177414","42538","205548","274936","24528","83889","41568"
"2016-06-28T00:00:00.000","GOLD - COMMODITY EXCHANGE INC.","613792","30055","179646","41808","218538","285895","24845","87233","46363"
"2016-07-05T00:00:00.000","GOLD - COMMODITY EXCHANGE INC.","652971","29270","178378","43240","234339","300070","26994","89520","46633"
"2016-07-12T00:00:00.000","GOLD - COMMODITY EXCHANGE INC.","633020","35210","176993","39218","222887","296106","36977","81975","43641"
"2016-07-19T00:00:00.000","GOLD - COMMODITY EXCHANGE INC.","617069","31861","167764","37838","217412","287317","34920","79554","46040"
"2016-07-26T00:00:00.000","GOLD - COMMODITY EXCHANGE INC.","576325","31448","166649","35575","209397","278777","31356","68649","37115"
"2016-08-02T00:00:00.000","GOLD - COMMODITY EXCHANGE INC.","582211","29097","175971","37132","214285","288542","33813","77259","37805"
"2016-08-09T00:00:00.000","GOLD - COMMODITY EXCHANGE INC.","575399","29067","165875","32598","208731","281496","36244","74975","33780"
"2016-08-16T00:00:00.000","GOLD - COMMODITY EXCHANGE INC.","572496","30091","169299","32762","204547","277152","34425","74383","33259"
"2016-08-23T00:00:00.000","GOLD - COMMODITY EXCHANGE INC.","572973","23865","163651","32034","209723","284550","30866","75235","34310"
"2016-08-30T00:00:00.000","GOLD - COMMODITY EXCHANGE INC.","558398","22280","158022","31637","197108","266680","35086","73906","29159"
"2016-09-06T00:00:00.000","GOLD - COMMODITY EXCHANGE INC.","590656","22474","176277","28000","204170","291692","22157","78683","40358"
"2016-09-13T00:00:00.000","GOLD - COMMODITY EXCHANGE INC.","575002","24700","173534","29423","191960","271631","28654","80145","37709"
"2016-09-20T00:00:00.000","GOLD - COMMODITY EXCHANGE INC.","558791","25040","163063","33793","186385","246119","32972","80207","37175"
"2016-09-27T00:00:00.000","GOLD - COMMODITY EXCHANGE INC.","583161","26681","176013","32038","197300","282151","26974","76821","40094"
"2016-10-04T00:00:00.000","GOLD - COMMODITY EXCHANGE INC.","544824","27604","155278","29901","173469","244765","44649","79371","33979"
"2016-10-11T00:00:00.000","GOLD - COMMODITY EXCHANGE INC.","500328","28660","143233","34348","140974","203033","54240","80353","33927"
"2016-10-18T00:00:00.000","GOLD - COMMODITY EXCHANGE INC.","497061","30322","136610","35745","132128","190008","59054","84337","35673"
"2016-10-25T00:00:00.000","GOLD - COMMODITY EXCHANGE INC.","507617","29237","140772","34869","140933","199094","55184","86282","33212"
"2016-11-01T00:00:00.000","GOLD - COMMODITY EXCHANGE INC.","521506","27666","153593","36607","149931","203670","37403","84638","35774"
"2016-11-08T00:00:00.000","GOLD - COMMODITY EXCHANGE INC.","528203","27597","158095","31113","146201","211670","38033","78190","34589"
"2016-11-15T00:00:00.000","GOLD - COMMODITY EXCHANGE INC.","479237","27283","134182","28878","121945","178132","43452","67618","24638"
"2016-11-22T00:00:00.000","GOLD - COMMODITY EXCHANGE INC.","461062","20805","119000","23389","117366","171864","47475","69782","27086"
"2016-11-29T00:00:00.000","GOLD - COMMODITY EXCHANGE INC.","405661","24102","114690","25014","102249","162086","55145","67645","23016"
"2016-12-06T00:00:00.000","GOLD - COMMODITY EXCHANGE INC.","393524","21781","105209","28749","100265","150856","68538","76819","22757"
"2016-12-13T00:00:00.000","GOLD - COMMODITY EXCHANGE INC.","397034","22199","103372","28815","97528","146150","77432","83605","23012"
"2016-12-20T00:00:00.000","GOLD - COMMODITY EXCHANGE INC.","398661","22130","101474","39604","94282","137588","83783","81479","20450"
"2016-12-27T00:00:00.000","GOLD - COMMODITY EXCHANGE INC.","401513","23547","97994","41038","87558","130595","87229","75943","20966"
"2017-01-03T00:00:00.000","GOLD - COMMODITY EXCHANGE INC.","424673","24768","97997","45237","89620","127786","91229","81069","21076"
"2017-01-10T00:00:00.000","GOLD - COMMODITY EXCHANGE INC.","444001","24588","96661","43277","97020","135563","79884","78437","24634"
"2017-01-17T00:00:00.000","GOLD - COMMODITY EXCHANGE INC.","467937","23844","99443","55461","102973","141566","82931","76578","28172"
"2017-01-24T00:00:00.000","GOLD - COMMODITY EXCHANGE INC.","482374","23117","108482","58497","99506","135159","75405","74695","25042"
"2017-01-31T00:00:00.000","GOLD - COMMODITY EXCHANGE INC.","398433","20746","110568","58393","100374","140663","70826","71751","22433"
"2017-02-07T00:00:00.000","GOLD - COMMODITY EXCHANGE INC.","415543","22551","115774","62157","103080","142542","72393","73866","26866"
"2017-02-14T00:00:00.000","GOLD - COMMODITY EXCHANGE INC.","415128","20992","113422","63220","98578","135739","72114","76520","30393"
"2017-02-21T00:00:00.000","GOLD - COMMODITY EXCHANGE INC.","427168","20557","116326","61324","105119","142639","64597","77034","31313"
"2017-02-28T00:00:00.000","GOLD - COMMODITY EXCHANGE INC.","446081","19559","126908","56402","128960","166437","52191","81057","31505"
"2017-03-07T00:00:00.000","GOLD - COMMODITY EXCHANGE INC.","434401","20164","118027","57578","112363","150277","60030","79692","36254"
"2017-03-14T00:00:00.000","GOLD - COMMODITY EXCHANGE INC.","426170","20937","109327","56881","91778","121179","74805","89136","29472"
"2017-03-21T00:00:00.000","GOLD - COMMODITY EXCHANGE INC.","446880","18872","117388","57057","87538","130259","74064","89460","29403"
"2017-03-28T00:00:00.000","GOLD - COMMODITY EXCHANGE INC.","449418","17857","131503","59196","97664","150879","59836","76960","30183"
"2017-04-04T00:00:00.000","GOLD - COMMODITY EXCHANGE INC.","427808","16834","139711","58279","106418","163428","54302","75633","29323"
"2017-04-11T00:00:00.000","GOLD - COMMODITY EXCHANGE INC.","456131","17653","153297","58431","110151","179841","46830","73163","33508"
"2017-04-18T00:00:00.000","GOLD - COMMODITY EXCHANGE INC.","472263","17577","167357","56226","117510","199001","47765","80310","35778"
"2017-04-25T00:00:00.000","GOLD - COMMODITY EXCHANGE INC.","475985","17618","169292","57558","120464","207394","47014","80074","39777"
"2017-05-02T00:00:00.000","GOLD - COMMODITY EXCHANGE INC.","461905","17427","170723","59280","109970","195331","51720","80701","34678"
"2017-05-09T00:00:00.000","GOLD - COMMODITY EXCHANGE INC.","433033","17259","155245","59970","86406","151419","55457","84696","30652"
"2017-05-16T00:00:00.000","GOLD - COMMODITY EXCHANGE INC.","435021","20336","148925","63431","77701","132094","66226","89438","28582"
"2017-05-23T00:00:00.000","GOLD - COMMODITY EXCHANGE INC.","462572","19274","166109","57061","84517","161893","50845","79859","31140"
"2017-05-30T00:00:00.000","GOLD - COMMODITY EXCHANGE INC.","434246","21570","177812","60524","87501","175304","51171","75238","32281"
"2017-06-06T00:00:00.000","GOLD - COMMODITY EXCHANGE INC.","494041","18528","192484","68622","111020","229476","63427","82764","44348"
"2017-06-13T00:00:00.000","GOLD - COMMODITY EXCHANGE INC.","471134","16856","183073","67130","104524","214955","67459","82223","39445"
"2017-06-20T00:00:00.000","GOLD - COMMODITY EXCHANGE INC.","445841","16301","164235","71455","88537","165035","65659","87585","36286"
"2017-06-27T00:00:00.000","GOLD - COMMODITY EXCHANGE INC.","453144","16646","156631","74033","83911","144515","71860","92071","33054"
"2017-07-03T00:00:00.000","GOLD - COMMODITY EXCHANGE INC.","457201","18166","146455","77273","56210","129780","96091","91901","31791"
"2017-07-11T00:00:00.000","GOLD - COMMODITY EXCHANGE INC.","475669","24005","141642","85352","41631","123619","100397","94018","56980"
"2017-07-18T00:00:00.000","GOLD - COMMODITY EXCHANGE INC.","484204","24116","144914","92227","45064","127028","98115","90204","58979"
"2017-07-25T00:00:00.000","GOLD - COMMODITY EXCHANGE INC.","463827","21746","159307","94201","59983","136359","62735","83940","66733"
"2017-08-01T00:00:00.000","GOLD - COMMODITY EXCHANGE INC.","448709","19082","167618","85526","80375","158082","39624","81684","70470"
"2017-08-08T00:00:00.000","GOLD - COMMODITY EXCHANGE INC.","448727","19019","168329","85898","96099","164828","28843","81549","68697"
"2017-08-15T00:00:00.000","GOLD - COMMODITY EXCHANGE INC.","477921","16379","179160","82435","116285","195433","18877","82297","71119"
"2017-08-22T00:00:00.000","GOLD - COMMODITY EXCHANGE INC.","500443","15981","195128","86325","127096","209717","15638","85994","71635"
"2017-08-29T00:00:00.000","GOLD - COMMODITY EXCHANGE INC.","538875","17352","205953","75594","135022","235065","13939","83818","73897"
"2017-09-05T00:00:00.000","GOLD - COMMODITY EXCHANGE INC.","566817","18473","212267","76165","144178","251489","14301","84584","76474"
"2017-09-12T00:00:00.000","GOLD - COMMODITY EXCHANGE INC.","580606","17582","209237","76515","156958","270413","16896","81079","79836"
"2017-09-19T00:00:00.000","GOLD - COMMODITY EXCHANGE INC.","570096","17562","207442","83263","146424","251735","18353","78911","76204"
"2017-09-26T00:00:00.000","GOLD - COMMODITY EXCHANGE INC.","549637","18923","208745","88232","131881","219134","23158","84121","67503"
"2017-10-03T00:00:00.000","GOLD - COMMODITY EXCHANGE INC.","525127","17710","203648","84906","123391","204361","24917","82935","58524"
"2017-10-10T00:00:00.000","GOLD - COMMODITY EXCHANGE INC.","520005","18662","201414","80325","120570","193154","21824","86073","57291"
"2017-10-17T00:00:00.000","GOLD - COMMODITY EXCHANGE INC.","528800","18809","206035","83262","117660","196555","27040","88062","56853"
"2017-10-24T00:00:00.000","GOLD - COMMODITY EXCHANGE INC.","526674","18360","201023","84376","112366","192701","24333","82820","59803"
"2017-10-31T00:00:00.000","GOLD - COMMODITY EXCHANGE INC.","531918","17081","200789","86265","113205","182652","16687","86058","58928"
"2017-11-07T00:00:00.000","GOLD - COMMODITY EXCHANGE INC.","536843","17307","198381","82790","117003","187782","17070","84789","59711"
"2017-11-14T00:00:00.000","GOLD - COMMODITY EXCHANGE INC.","533054","18323","202533","83054","114635","190657","14559","80839","61853"
"2017-11-21T00:00:00.000","GOLD - COMMODITY EXCHANGE INC.","531612","19514","204896","80549","120223","187292","14137","85642","56970"
"2017-11-28T00:00:00.000","GOLD - COMMODITY EXCHANGE INC.","503810","17891","202648","75448","137232","208518","9978","78866","52989"
"2017-12-05T00:00:00.000","GOLD - COMMODITY EXCHANGE INC.","472795","20819","179239","82926","114396","167174","32664","84060","45241"
"2017-12-12T00:00:00.000","GOLD - COMMODITY EXCHANGE INC.","446618","19245","150986","106267","93989","123139","46913","78773","47931"
"2017-12-19T00:00:00.000","GOLD - COMMODITY EXCHANGE INC.","453595","17300","148160","106269","103626","116642","35397","80831","48281"
"2017-12-26T00:00:00.000","GOLD - COMMODITY EXCHANGE INC.","456470","19715","161264","105936","113856","127715","19957","74875","46685"
"2018-01-02T00:00:00.000","GOLD - COMMODITY EXCHANGE INC.","500731","22495","180714","108799","128180","168423","20249","73005","57911"
"2018-01-09T00:00:00.000","GOLD - COMMODITY EXCHANGE INC.","555455","21117","198371","105725","148742","216115","20065","73046","65808"
"2018-01-16T00:00:00.000","GOLD - COMMODITY EXCHANGE INC.","582333","22861","212879","108318","150807","227373","25841","74490","64311"
"2018-01-23T00:00:00.000","GOLD - COMMODITY EXCHANGE INC.","582421","23933","217184","109160","150461","236003","26467","69809","64661"
"2018-01-30T00:00:00.000","GOLD - COMMODITY EXCHANGE INC.","559332","22684","209619","106587","144728","230597","23035","67730","68030"
"2018-02-06T00:00:00.000","GOLD - COMMODITY EXCHANGE INC.","535321","26595","202225","104742","134563","206377","23448","67451","59503"
"2018-02-13T00:00:00.000","GOLD - COMMODITY EXCHANGE INC.","511745","22749","194149","98254","121390","186183","16426","65677","59828"
"2018-02-20T00:00:00.000","GOLD - COMMODITY EXCHANGE INC.","528154","30967","207285","96427","134987","190398","14943","66807","51340"
"2018-02-27T00:00:00.000","GOLD - COMMODITY EXCHANGE INC.","532860","30993","206218","106048","130619","177475","27456","74506","45807"
"2018-03-06T00:00:00.000","GOLD - COMMODITY EXCHANGE INC.","508100","25642","199419","106499","137625","172492","21786","73095","39978"
"2018-03-13T00:00:00.000","GOLD - COMMODITY EXCHANGE INC.","526762","25466","195189","107910","126997","162337","26472","72094","40011"
"2018-03-20T00:00:00.000","GOLD - COMMODITY EXCHANGE INC.","545499","25478","182047","109340","120041","148152","36345","75730","38806"
"2018-03-27T00:00:00.000","GOLD - COMMODITY EXCHANGE INC.","529690","25165","204181","106631","153975","183080","20917","75952","34761"
"2018-04-03T00:00:00.000","GOLD - COMMODITY EXCHANGE INC.","493141","30267","197029","113668","135771","155590","28948","79087","39140"
"2018-04-10T00:00:00.000","GOLD - COMMODITY EXCHANGE INC.","499588","32193","197288","116790","127347","154044","28482","80413","50603"
"2018-04-17T00:00:00.000","GOLD - COMMODITY EXCHANGE INC.","510229","33041","206888","122287","133702","157925","25287","79363","48932"
"2018-04-24T00:00:00.000","GOLD - COMMODITY EXCHANGE INC.","506410","32696","196159","123783","122120","143258","43597","82546","45561"
"2018-05-01T00:00:00.000","GOLD - COMMODITY EXCHANGE INC.","507756","33204","181259","124348","108165","119064","79747","90513","23051"
"2018-05-08T00:00:00.000","GOLD - COMMODITY EXCHANGE INC.","491398","34195","182428","121849","108600","109508","67869","89040","23239"
"2018-05-15T00:00:00.000","GOLD - COMMODITY EXCHANGE INC.","519958","35688","175548","121526","99755","103256","84258","98212","24767"
"2018-05-22T00:00:00.000","GOLD - COMMODITY EXCHANGE INC.","502942","37972","167276","118596","104867","91411","74880","98266","23840"
"2018-05-29T00:00:00.000","GOLD - COMMODITY EXCHANGE INC.","469382","33583","170958","114188","113502","107882","53881","85770","24641"
"2018-06-05T00:00:00.000","GOLD - COMMODITY EXCHANGE INC.","450641","42172","140296","97169","133392","100027","49147","85294","24758"
"2018-06-12T00:00:00.000","GOLD - COMMODITY EXCHANGE INC.","448695","43227","138843","93548","138519","104313","48809","88439","23703"
"2018-06-19T00:00:00.000","GOLD - COMMODITY EXCHANGE INC.","468345","45041","116231","95221","138155","94297","83769","108618","22634"
"2018-06-26T00:00:00.000","GOLD - COMMODITY EXCHANGE INC.","468573","45108","116919","101135","124287","94845","94869","100273","23577"
"2018-07-03T00:00:00.000","GOLD - COMMODITY EXCHANGE INC.","494164","40794","112038","96505","118411","104275","105529","106208","26627"
"2018-07-10T00:00:00.000","GOLD - COMMODITY EXCHANGE INC.","503593","34107","103749","92406","123158","107402","109929","106908","22947"
"2018-07-17T00:00:00.000","GOLD - COMMODITY EXCHANGE INC.","528278","29729","101723","102289","103930","107775","134224","110652","26362"
"2018-07-24T00:00:00.000","GOLD - COMMODITY EXCHANGE INC.","496620","27066","84366","96946","105314","110249","146671","110371","25352"
"2018-07-31T00:00:00.000","GOLD - COMMODITY EXCHANGE INC.","452655","26485","79249","96716","91870","110580","153108","98675","20810"
"2018-08-07T00:00:00.000","GOLD - COMMODITY EXCHANGE INC.","459474","24692","72357","105342","83286","105849","171965","102443","23639"
"2018-08-14T00:00:00.000","GOLD - COMMODITY EXCHANGE INC.","476739","27574","66183","109688","78429","104803","188127","106976","27340"
"2018-08-21T00:00:00.000","GOLD - COMMODITY EXCHANGE INC.","483730","26516","63915","109023","73309","107143","197171","106357","25039"
"2018-08-28T00:00:00.000","GOLD - COMMODITY EXCHANGE INC.","479283","26507","67699","108361","75431","105971","181743","101399","28690"
"2018-09-04T00:00:00.000","GOLD - COMMODITY EXCHANGE INC.","473118","27115","65731","111868","66727","101651","184373","98111","28886"
"2018-09-11T00:00:00.000","GOLD - COMMODITY EXCHANGE INC.","469450","28256","68613","111917","71547","100593","175812","97774","30145"
"2018-09-18T00:00:00.000","GOLD - COMMODITY EXCHANGE INC.","469436","29357","68328","111685","71023","97904","180367","99893","28274"
"2018-09-25T00:00:00.000","GOLD - COMMODITY EXCHANGE INC.","460279","27277","67802","110272","62667","98513","182190","94427","28398"
"2018-10-02T00:00:00.000","GOLD - COMMODITY EXCHANGE INC.","459776","31567","70177","108806","61321","100671","180274","91819","34038"
"2018-10-09T00:00:00.000","GOLD - COMMODITY EXCHANGE INC.","465253","35501","69634","111386","51387","82218","191672","97528","26249"
"2018-10-16T00:00:00.000","GOLD - COMMODITY EXCHANGE INC.","474418","36197","98154","105647","75686","95333","144715","93867","26818"
"2018-10-23T00:00:00.000","GOLD - COMMODITY EXCHANGE INC.","477832","34663","102587","102239","80835","99368","137484","93210","25706"
"2018-10-30T00:00:00.000","GOLD - COMMODITY EXCHANGE INC.","474941","36057","97111","102321","72472","80105","135628","88649","19932"
"2018-11-06T00:00:00.000","GOLD - COMMODITY EXCHANGE INC.","494911","37023","99334","99126","74951","82188","129634","86953","20481"
"2018-11-13T00:00:00.000","GOLD - COMMODITY EXCHANGE INC.","539520","47551","89514","105368","65228","79529","158723","88887","18940"
"2018-11-20T00:00:00.000","GOLD - COMMODITY EXCHANGE INC.","525940","47454","93564","101125","78155","84356","136207","81150","20403"
"2018-11-27T00:00:00.000","GOLD - COMMODITY EXCHANGE INC.","442801","35196","76210","101201","76287","79992","138382","76787","16526"
"2018-12-04T00:00:00.000","GOLD - COMMODITY EXCHANGE INC.","399919","19212","74759","92265","94967","99414","109201","73605","14817"
"2018-12-11T00:00:00.000","GOLD - COMMODITY EXCHANGE INC.","402250","18936","83116","95532","108720","89942","90008","79658","19093"
"2018-12-18T00:00:00.000","GOLD - COMMODITY EXCHANGE INC.","412485","18531","78969","93951","126188","100828","89630","81340","16578"
"2018-12-24T00:00:00.000","GOLD - COMMODITY EXCHANGE INC.","442727","20170","86065","90994","153318","119146","77178","89476","20459"
"2018-12-31T00:00:00.000","GOLD - COMMODITY EXCHANGE INC.","451360","19300","92197","91520","163237","121205","71021","88936","15348"
"2019-01-08T00:00:00.000","GOLD - COMMODITY EXCHANGE INC.","455232","12969","75020","95600","154736","112690","80219","86870","20125"
"2019-01-15T00:00:00.000","GOLD - COMMODITY EXCHANGE INC.","501605","43351","103302","99528","147690","115651","90716","86145","23167"
"2019-01-22T00:00:00.000","GOLD - COMMODITY EXCHANGE INC.","513509","50087","110130","102479","134513","105295","89085","81215","22921"
"2019-01-29T00:00:00.000","GOLD - COMMODITY EXCHANGE INC.","483390","14289","84947","102371","150322","126404","94007","85914","18718"
"2019-02-05T00:00:00.000","GOLD - COMMODITY EXCHANGE INC.","479736","15593","89160","111952","169627","134954","90079","83246","19026"
"2019-02-12T00:00:00.000","GOLD - COMMODITY EXCHANGE INC.","476083","16566","90733","113352","165296","132365","89746","81805","19550"
"2019-02-19T00:00:00.000","GOLD - COMMODITY EXCHANGE INC.","504639","15236","103673","102849","180889","166411","84034","87675","24405"
"2019-02-26T00:00:00.000","GOLD - COMMODITY EXCHANGE INC.","501268","15312","101061","102816","176912","154217","75658","82618","25481"
"2019-03-05T00:00:00.000","GOLD - COMMODITY EXCHANGE INC.","471311","13920","86101","105762","147578","125903","94656","76725","19954"
"2019-03-12T00:00:00.000","GOLD - COMMODITY EXCHANGE INC.","530030","27128","87449","104043","152196","123293","105886","81957","20545"
"2019-03-19T00:00:00.000","GOLD - COMMODITY EXCHANGE INC.","514163","33592","97589","99696","151358","123909","93434","80416","22495"
"2019-03-26T00:00:00.000","GOLD - COMMODITY EXCHANGE INC.","509575","14704","84053","96748","178833","135373","77386","79524","17573"
"2019-04-02T00:00:00.000","GOLD - COMMODITY EXCHANGE INC.","440170","16339","74574","98592","158587","110816","86198","82968","13030"
"2019-04-09T00:00:00.000","GOLD - COMMODITY EXCHANGE INC.","447539","16242","75839","89285","162497","117917","80880","81590","13263"
"2019-04-16T00:00:00.000","GOLD - COMMODITY EXCHANGE INC.","440581","18586","61796","102113","137333","96196","111583","87017","15357"
"2019-04-23T00:00:00.000","GOLD - COMMODITY EXCHANGE INC.","440048","17090","53073","111538","132951","88989","122818","87702","16478"
"2019-04-30T00:00:00.000","GOLD - COMMODITY EXCHANGE INC.","430011","16898","67873","107267","144604","95159","95083","82116","15973"
"2019-05-07T00:00:00.000","GOLD - COMMODITY EXCHANGE INC.","450039","19282","67234","97242","145649","102975","93428","82826","16962"
"2019-05-14T00:00:00.000","GOLD - COMMODITY EXCHANGE INC.","517995","37635","102517","93005","165306","138467","85921","87894","15904"
"2019-05-21T00:00:00.000","GOLD - COMMODITY EXCHANGE INC.","508643","42131","104863","97934","143140","114986","99049","88642","15774"
"2019-05-28T00:00:00.000","GOLD - COMMODITY EXCHANGE INC.","505126","47857","110653","101915","149073","119314","93040","75149","14735"
"2019-06-04T00:00:00.000","GOLD - COMMODITY EXCHANGE INC.","481495","19523","106293","92611","178417","159663","63481","80814","20881"
"2019-06-11T00:00:00.000","GOLD - COMMODITY EXCHANGE INC.","496663","22226","114842","95607","205018","169640","40480","80474","25396"
"2019-06-18T00:00:00.000","GOLD - COMMODITY EXCHANGE INC.","525636","22520","124772","99745","221348","191766","41250","82867","29060"
"2019-06-25T00:00:00.000","GOLD - COMMODITY EXCHANGE INC.","577605","27515","155003","110102","242764","204918","27177","93190","34377"
"2019-07-02T00:00:00.000","GOLD - COMMODITY EXCHANGE INC.","605949","26439","169945","111301","254617","214186","20099","98516","33657"
"2019-07-09T00:00:00.000","GOLD - COMMODITY EXCHANGE INC.","598977","23099","172713","113865","242667","208301","25690","97804","35652"
"2019-07-16T00:00:00.000","GOLD - COMMODITY EXCHANGE INC.","601900","36109","173109","106552","246960","211322","31263","98213","32771"
"2019-07-23T00:00:00.000","GOLD - COMMODITY EXCHANGE INC.","616859","35072","175270","105569","253210","208153","29980","103728","30651"
"2019-07-30T00:00:00.000","GOLD - COMMODITY EXCHANGE INC.","563298","16484","151075","103601","256977","215581","29868","96633","27958"
"2019-08-06T00:00:00.000","GOLD - COMMODITY EXCHANGE INC.","600317","21577","160907","97634","282629","248687","21854","101871","36159"
"2019-08-13T00:00:00.000","GOLD - COMMODITY EXCHANGE INC.","593962","20942","159798","96263","281134","245631","22020","100592","34113"
"2019-08-20T00:00:00.000","GOLD - COMMODITY EXCHANGE INC.","594807","21303","166620","94900","285833","249696","19850","102598","32451"
"2019-08-27T00:00:00.000","GOLD - COMMODITY EXCHANGE INC.","636183","28589","172923","95266","284738","258269","31553","104340","34218"
"2019-09-03T00:00:00.000","GOLD - COMMODITY EXCHANGE INC.","634358","23849","178506","97751","280835","265175","33549","100210","31289"
"2019-09-10T00:00:00.000","GOLD - COMMODITY EXCHANGE INC.","614753","23199","177027","109076","260859","239475","33294","94639","31095"
"2019-09-17T00:00:00.000","GOLD - COMMODITY EXCHANGE INC.","630990","21281","180842","108242","267080","241936","28080","99575","30832"
"2019-09-24T00:00:00.000","GOLD - COMMODITY EXCHANGE INC.","658944","20674","185082","109466","290203","265508","27637","104885","30312"
"2019-10-01T00:00:00.000","GOLD - COMMODITY EXCHANGE INC.","604885","23159","173858","109866","262855","219990","29179","102810","24628"
"2019-10-08T00:00:00.000","GOLD - COMMODITY EXCHANGE INC.","616957","22269","176511","112484","269184","231976","31475","102407","27345"
"2019-10-15T00:00:00.000","GOLD - COMMODITY EXCHANGE INC.","607387","22787","168098","117918","260882","213987","38200","105383","28143"
"2019-10-22T00:00:00.000","GOLD - COMMODITY EXCHANGE INC.","625528","22191","167457","119656","269747","218317","33879","104600","29906"
"2019-10-29T00:00:00.000","GOLD - COMMODITY EXCHANGE INC.","643442","22136","161711","122994","284635","230664","32106","104759","26802"
"2019-11-05T00:00:00.000","GOLD - COMMODITY EXCHANGE INC.","690181","17855","157995","126365","303363","233167","35920","111424","28843"
"2019-11-12T00:00:00.000","GOLD - COMMODITY EXCHANGE INC.","708463","41974","164545","123638","302535","209432","33991","113757","22132"
"2019-11-19T00:00:00.000","GOLD - COMMODITY EXCHANGE INC.","719211","38835","166073","122366","314223","221795","26596","115501","24841"
"2019-11-26T00:00:00.000","GOLD - COMMODITY EXCHANGE INC.","669268","24107","145103","121252","305723","218724","24437","106562","29215"
"2019-12-03T00:00:00.000","GOLD - COMMODITY EXCHANGE INC.","701016","25300","154111","122418","316394","232276","24314","114249","31506"
"2019-12-10T00:00:00.000","GOLD - COMMODITY EXCHANGE INC.","690003","25199","147377","124100","304205","212929","29281","116240","28968"
"2019-12-17T00:00:00.000","GOLD - COMMODITY EXCHANGE INC.","716987","24515","157858","123907","309183","228616","26895","115877","31323"
"2019-12-24T00:00:00.000","GOLD - COMMODITY EXCHANGE INC.","748737","26943","164091","122413","325661","245366","26520","118944","32138"
"2019-12-31T00:00:00.000","GOLD - COMMODITY EXCHANGE INC.","786166","25430","171537","124486","344870","258357","25625","123263","28070"
"2020-01-07T00:00:00.000","GOLD - COMMODITY EXCHANGE INC.","785857","23615","167363","124087","336420","261083","31326","122397","29863"
"2020-01-14T00:00:00.000","GOLD - COMMODITY EXCHANGE INC.","796883","40178","181318","125556","334235","262402","31943","114407","25631"
"2020-01-21T00:00:00.000","GOLD - COMMODITY EXCHANGE INC.","793829","42645","185232","121988","331304","258269","34437","116524","22661"
"2020-01-28T00:00:00.000","GOLD - COMMODITY EXCHANGE INC.","715539","22487","161450","119308","341159","254259","34321","122142","11988"
"2020-02-04T00:00:00.000","GOLD - COMMODITY EXCHANGE INC.","654572","16469","155103","119930","312983","223762","42152","132147","13951"
"2020-02-11T00:00:00.000","GOLD - COMMODITY EXCHANGE INC.","658024","17009","158762","120850","316888","231499","35828","125036","12733"
"2020-02-18T00:00:00.000","GOLD - COMMODITY EXCHANGE INC.","715317","17130","176211","113558","340089","278286","39740","130063","14960"
"2020-02-25T00:00:00.000","GOLD - COMMODITY EXCHANGE INC.","732917","20685","184340","111284","323250","263218","32372","126121","21102"
"2020-03-03T00:00:00.000","GOLD - COMMODITY EXCHANGE INC.","691985","18481","178821","109639","300310","242921","27560","123252","18880"
"2020-03-10T00:00:00.000","GOLD - COMMODITY EXCHANGE INC.","633470","30447","171242","114320","301829","220642","10457","115648","26302"
"2020-03-17T00:00:00.000","GOLD - COMMODITY EXCHANGE INC.","573925","28316","161694","95537","263868","164979","10900","152426","24589"
"2020-03-24T00:00:00.000","GOLD - COMMODITY EXCHANGE INC.","547334","22853","157635","92974","270015","158965","1556","158963","28006"
"2020-03-31T00:00:00.000","GOLD - COMMODITY EXCHANGE INC.","495652","25659","137868","81549","253299","156820","4222","130709","24458"
"2020-04-07T00:00:00.000","GOLD - COMMODITY EXCHANGE INC.","480050","19757","129690","80746","246424","157005","4523","122875","26415"
"2020-04-14T00:00:00.000","GOLD - COMMODITY EXCHANGE INC.","489965","19415","127666","78256","250413","162412","7168","124205","26948"
"2020-04-21T00:00:00.000","GOLD - COMMODITY EXCHANGE INC.","493158","18506","126959","76849","248469","155492","9221","126771","23471"
"2020-04-28T00:00:00.000","GOLD - COMMODITY EXCHANGE INC.","500816","17954","130880","74946","255649","154025","7619","133357","17034"
"2020-05-05T00:00:00.000","GOLD - COMMODITY EXCHANGE INC.","490343","17834","126428","76763","249805","142326","9085","133245","16482"
"2020-05-12T00:00:00.000","GOLD - COMMODITY EXCHANGE INC.","496739","22089","127265","78459","251816","144015","21798","133756","13145"
"2020-05-19T00:00:00.000","GOLD - COMMODITY EXCHANGE INC.","528205","21879","129189","79365","262229","153961","26897","141433","16709"
"2020-05-26T00:00:00.000","GOLD - COMMODITY EXCHANGE INC.","519374","16983","105449","77107","262963","145566","32485","142582","17749"
"2020-06-02T00:00:00.000","GOLD - COMMODITY EXCHANGE INC.","475745","17550","99413","75127","249887","133655","33300","138541","19862"
"2020-06-09T00:00:00.000","GOLD - COMMODITY EXCHANGE INC.","475661","18289","101180","76023","236589","126407","35230","137565","20129"
"2020-06-16T00:00:00.000","GOLD - COMMODITY EXCHANGE INC.","489563","17761","105338","76758","247201","135945","31257","141450","21790"
"2020-06-23T00:00:00.000","GOLD - COMMODITY EXCHANGE INC.","532101","17771","111941","74444","267566","161593","32078","146866","24424"
"2020-06-30T00:00:00.000","GOLD - COMMODITY EXCHANGE INC.","561628","19798","115221","75447","281487","173526","34971","155416","27301"
"2020-07-07T00:00:00.000","GOLD - COMMODITY EXCHANGE INC.","572776","20352","112705","72947","283186","179810","40467","157220","29205"
"2020-07-14T00:00:00.000","GOLD - COMMODITY EXCHANGE INC.","580175","22532","118784","73071","278837","177400","42427","152805","25350"
"2020-07-21T00:00:00.000","GOLD - COMMODITY EXCHANGE INC.","603138","23045","123303","71634","275235","181256","40987","152981","26814"
"2020-07-28T00:00:00.000","GOLD - COMMODITY EXCHANGE INC.","598629","20494","110969","74894","262796","159894","42758","152694","33029"
"2020-08-04T00:00:00.000","GOLD - COMMODITY EXCHANGE INC.","561837","19158","116748","79645","258400","165357","51885","156490","31216"
"2020-08-11T00:00:00.000","GOLD - COMMODITY EXCHANGE INC.","553345","20119","113766","81712","256396","155418","57726","151449","25088"
"2020-08-18T00:00:00.000","GOLD - COMMODITY EXCHANGE INC.","544010","19419","110411","82563","259342","151016","55578","151353","23273"
"2020-08-25T00:00:00.000","GOLD - COMMODITY EXCHANGE INC.","549282","21545","114604","83785","257171","145055","58206","156504","22315"
"2020-09-01T00:00:00.000","GOLD - COMMODITY EXCHANGE INC.","547704","17887","115747","80332","259878","147175","49433","158943","25889"
"2020-09-08T00:00:00.000","GOLD - COMMODITY EXCHANGE INC.","557457","17766","118943","79781","259644","155528","51236","157645","25464"
"2020-09-15T00:00:00.000","GOLD - COMMODITY EXCHANGE INC.","578925","19681","121622","81024","264269","166571","55473","157941","28062"
"2020-09-22T00:00:00.000","GOLD - COMMODITY EXCHANGE INC.","575877","20734","113771","83669","257040","144670","63222","164345","26733"
"2020-09-29T00:00:00.000","GOLD - COMMODITY EXCHANGE INC.","562396","18095","114937","80681","270017","140320","45948","175786","26499"
"2020-10-06T00:00:00.000","GOLD - COMMODITY EXCHANGE INC.","555555","17090","114476","80604","271686","139350","44738","181572","27597"
"2020-10-13T00:00:00.000","GOLD - COMMODITY EXCHANGE INC.","553197","15637","116151","80511","264652","138169","56388","188817","29927"
"2020-10-20T00:00:00.000","GOLD - COMMODITY EXCHANGE INC.","562993","16306","117914","80534","273050","149108","58543","191098","32059"
"2020-10-27T00:00:00.000","GOLD - COMMODITY EXCHANGE INC.","560900","16885","110953","78297","280691","149140","47265","176923","30164"
"2020-11-03T00:00:00.000","GOLD - COMMODITY EXCHANGE INC.","544774","15422","108060","76841","273541","140094","49399","181704","29490"
"2020-11-10T00:00:00.000","GOLD - COMMODITY EXCHANGE INC.","547449","15986","108842","75840","266407","130105","50322","188411","28458"
"2020-11-17T00:00:00.000","GOLD - COMMODITY EXCHANGE INC.","557533","16015","113514","74682","271755","139550","49103","190148","29325"
"2020-11-24T00:00:00.000","GOLD - COMMODITY EXCHANGE INC.","555253","16425","112076","74823","264001","137503","52155","182821","24267"
"2020-12-01T00:00:00.000","GOLD - COMMODITY EXCHANGE INC.","538042","18504","119429","73475","265813","134446","48903","189898","15127"
"2020-12-08T00:00:00.000","GOLD - COMMODITY EXCHANGE INC.","549520","15367","118240","71031","268881","147844","49033","190427","20018"
"2020-12-15T00:00:00.000","GOLD - COMMODITY EXCHANGE INC.","550366","14192","118294","69353","271593","151901","50022","188709","19004"
"2020-12-21T00:00:00.000","GOLD - COMMODITY EXCHANGE INC.","560769","12636","120377","68376","275734","158194","50070","191676","21604"
"2020-12-29T00:00:00.000","GOLD - COMMODITY EXCHANGE INC.","556414","12327","117811","69183","270953","159673","50678","182139","22262"
"2021-01-05T00:00:00.000","GOLD - COMMODITY EXCHANGE INC.","568888","13307","118767","66849","282312","167096","50527","182850","20101"
"2021-01-12T00:00:00.000","GOLD - COMMODITY EXCHANGE INC.","555538","15210","113944","67748","259315","131057","52823","182160","14167"
"2021-01-19T00:00:00.000","GOLD - COMMODITY EXCHANGE INC.","541330","13477","114372","67123","253695","127161","49090","180346","11779"
"2021-01-26T00:00:00.000","GOLD - COMMODITY EXCHANGE INC.","534574","10278","113013","66964","263177","142815","46416","170717","9570"
"2021-02-02T00:00:00.000","GOLD - COMMODITY EXCHANGE INC.","520011","10760","114887","64507","258337","137062","49284","177290","7942"
"2021-02-09T00:00:00.000","GOLD - COMMODITY EXCHANGE INC.","506741","9490","112486","63984","253183","134733","47093","174593","10826"
"2021-02-16T00:00:00.000","GOLD - COMMODITY EXCHANGE INC.","503016","11567","111400","64698","239943","125997","58041","177586","10573"
"2021-02-23T00:00:00.000","GOLD - COMMODITY EXCHANGE INC.","481125","10658","103728","64009","222668","125124","56001","158957","12347"
"2021-03-02T00:00:00.000","GOLD - COMMODITY EXCHANGE INC.","467008","12025","98920","63300","198608","106608","60648","158925","15247"
"2021-03-09T00:00:00.000","GOLD - COMMODITY EXCHANGE INC.","473871","14579","96258","63924","190125","96223","66793","158616","12883"
"2021-03-16T00:00:00.000","GOLD - COMMODITY EXCHANGE INC.","476467","15152","94226","64465","194866","100669","59548","155568","16493"
"2021-03-23T00:00:00.000","GOLD - COMMODITY EXCHANGE INC.","485457","15470","93043","63078","187308","107941","64420","154833","24287"
"2021-03-30T00:00:00.000","GOLD - COMMODITY EXCHANGE INC.","467321","16441","89329","63726","184564","113009","69936","150444","25989"
"2021-04-06T00:00:00.000","GOLD - COMMODITY EXCHANGE INC.","463353","11916","90527","65739","201927","121563","55091","154140","31103"
"2021-04-13T00:00:00.000","GOLD - COMMODITY EXCHANGE INC.","460733","11585","86637","67517","201253","112070","58263","157443","30376"
"2021-04-20T00:00:00.000","GOLD - COMMODITY EXCHANGE INC.","471738","11755","87520","67853","205281","116843","60419","159142","34068"
"2021-04-27T00:00:00.000","GOLD - COMMODITY EXCHANGE INC.","473305","11542","83268","69531","204982","117144","66493","153573","33605"
"2021-05-04T00:00:00.000","GOLD - COMMODITY EXCHANGE INC.","470341","11043","78286","68469","203149","117434","63809","152760","35644"
"2021-05-11T00:00:00.000","GOLD - COMMODITY EXCHANGE INC.","498693","16359","87150","67146","223439","131295","49680","150866","40226"
"2021-05-18T00:00:00.000","GOLD - COMMODITY EXCHANGE INC.","520410","18969","84133","67198","234935","141776","49786","148491","41592"
"2021-05-25T00:00:00.000","GOLD - COMMODITY EXCHANGE INC.","510164","12526","90986","68215","240624","143862","36607","144404","37017"
"2021-06-01T00:00:00.000","GOLD - COMMODITY EXCHANGE INC.","489198","11017","80820","64564","242936","147270","37297","141556","37828"
"2021-06-08T00:00:00.000","GOLD - COMMODITY EXCHANGE INC.","491858","13828","78884","63894","243644","145037","37373","143744","42021"
"2021-06-15T00:00:00.000","GOLD - COMMODITY EXCHANGE INC.","480127","15205","79346","65057","232142","138546","41754","135401","40157"
"2021-06-22T00:00:00.000","GOLD - COMMODITY EXCHANGE INC.","453940","14480","70690","66653","212825","110038","47502","143115","39437"
"2021-06-29T00:00:00.000","GOLD - COMMODITY EXCHANGE INC.","453360","14517","68972","67200","207865","115438","54056","138768","37924"
"2021-07-06T00:00:00.000","GOLD - COMMODITY EXCHANGE INC.","465811","14158","75008","66765","220641","131218","53258","139327","34466"
"2021-07-13T00:00:00.000","GOLD - COMMODITY EXCHANGE INC.","495798","14757","75926","66111","225970","135938","49647","139605","35060"
"2021-07-20T00:00:00.000","GOLD - COMMODITY EXCHANGE INC.","490520","14367","78197","67561","232279","135163","44735","142149","36605"
"2021-07-27T00:00:00.000","GOLD - COMMODITY EXCHANGE INC.","500187","13874","70160","67644","240172","131635","41405","142053","32895"
"2021-08-03T00:00:00.000","GOLD - COMMODITY EXCHANGE INC.","485663","17427","73826","73284","248169","132920","43047","140223","33761"
"2021-08-10T00:00:00.000","GOLD - COMMODITY EXCHANGE INC.","477232","15344","62975","72207","220217","111892","76489","165368","32365"
"2021-08-17T00:00:00.000","GOLD - COMMODITY EXCHANGE INC.","485485","14549","66385","73900","236064","117272","58194","167165","34701"
"2021-08-24T00:00:00.000","GOLD - COMMODITY EXCHANGE INC.","504735","14405","69571","73832","253344","126636","51192","172448","37239"
"2021-08-31T00:00:00.000","GOLD - COMMODITY EXCHANGE INC.","507113","13580","66321","72573","260344","136555","54878","174449","39576"
"2021-09-07T00:00:00.000","GOLD - COMMODITY EXCHANGE INC.","506772","14223","66798","72865","256098","129044","61449","176973","38529"
"2021-09-14T00:00:00.000","GOLD - COMMODITY EXCHANGE INC.","506356","13149","67186","72791","253005","130837","59615","176151","39613"
"2021-09-21T00:00:00.000","GOLD - COMMODITY EXCHANGE INC.","492765","15089","61902","72105","237936","119777","72933","176893","36090"
"2021-09-28T00:00:00.000","GOLD - COMMODITY EXCHANGE INC.","490858","18460","60320","72672","220963","118923","88062","174891","37353"
"2021-10-05T00:00:00.000","GOLD - COMMODITY EXCHANGE INC.","483789","14867","57675","77225","238119","126745","72579","169194","40778"
"2021-10-12T00:00:00.000","GOLD - COMMODITY EXCHANGE INC.","484382","14259","62099","77500","237274","131668","73149","166835","39815"
"2021-10-19T00:00:00.000","GOLD - COMMODITY EXCHANGE INC.","485974","12474","63126","76694","245232","124560","66761","175322","39772"
"2021-10-26T00:00:00.000","GOLD - COMMODITY EXCHANGE INC.","509794","13505","64600","72885","261444","141280","54918","172366","44168"
"2021-11-02T00:00:00.000","GOLD - COMMODITY EXCHANGE INC.","507616","13986","66307","71365","258921","136944","51705","174147","44257"
"2021-11-09T00:00:00.000","GOLD - COMMODITY EXCHANGE INC.","571025","17412","76212","68244","284933","168133","42523","172978","48407"
"2021-11-16T00:00:00.000","GOLD - COMMODITY EXCHANGE INC.","612612","17998","86192","68512","287857","185468","43083","175061","57666"
"2021-11-23T00:00:00.000","GOLD - COMMODITY EXCHANGE INC.","559823","14322","82848","67987","267295","152273","46934","174136","45064"
"2021-11-30T00:00:00.000","GOLD - COMMODITY EXCHANGE INC.","531868","13584","67407","70183","274963","137469","45384","172784","39009"
"2021-12-07T00:00:00.000","GOLD - COMMODITY EXCHANGE INC.","499307","11713","65860","76290","267766","125067","44326","175451","39007"
"2021-12-14T00:00:00.000","GOLD - COMMODITY EXCHANGE INC.","503709","11823","63346","76488","256376","121492","58075","176650","37666"
"2021-12-21T00:00:00.000","GOLD - COMMODITY EXCHANGE INC.","500846","11693","67486","74493","254729","124120","52372","172508","38445"
"2021-12-28T00:00:00.000","GOLD - COMMODITY EXCHANGE INC.","508912","11047","69200","74017","261528","130389","46726","173490","43997"
"2022-01-04T00:00:00.000","GOLD - COMMODITY EXCHANGE INC.","502717","11574","65049","74428","258411","124252","44744","172331","40484"
"2022-01-11T00:00:00.000","GOLD - COMMODITY EXCHANGE INC.","546516","15004","65710","81976","256343","119297","44987","170805","45378"
"2022-01-18T00:00:00.000","GOLD - COMMODITY EXCHANGE INC.","539204","19188","70150","87223","257329","119807","48014","170721","48307"
"2022-01-25T00:00:00.000","GOLD - COMMODITY EXCHANGE INC.","572078","13494","79264","86207","270183","140640","39265","172775","53999"
"2022-02-01T00:00:00.000","GOLD - COMMODITY EXCHANGE INC.","515331","13294","65627","95639","244648","108309","58395","167685","45457"
"2022-02-08T00:00:00.000","GOLD - COMMODITY EXCHANGE INC.","512842","12653","66144","97101","255044","117234","47767","162325","45086"
"2022-02-15T00:00:00.000","GOLD - COMMODITY EXCHANGE INC.","558645","13840","77522","97299","272492","151530","43824","161739","55832"
"2022-02-22T00:00:00.000","GOLD - COMMODITY EXCHANGE INC.","611488","14747","85658","97911","296722","183356","44380","166740","62568"
"2022-03-01T00:00:00.000","GOLD - COMMODITY EXCHANGE INC.","615600","18689","94503","95700","305695","187215","38594","166962","57961"
"2022-03-08T00:00:00.000","GOLD - COMMODITY EXCHANGE INC.","638502","23736","99813","100587","331456","181510","38537","183108","51693"
"2022-03-15T00:00:00.000","GOLD - COMMODITY EXCHANGE INC.","617605","26287","93725","96765","326768","165597","39060","181134","45883"
"2022-03-22T00:00:00.000","GOLD - COMMODITY EXCHANGE INC.","605191","28886","93799","103016","319698","152589","37457","176071","43171"
"2022-03-29T00:00:00.000","GOLD - COMMODITY EXCHANGE INC.","574521","18389","70315","89623","323634","146486","38184","181146","31852"
"2022-04-05T00:00:00.000","GOLD - COMMODITY EXCHANGE INC.","560666","18989","71333","87989","314403","148320","46693","176250","32336"
"2022-04-12T00:00:00.000","GOLD - COMMODITY EXCHANGE INC.","577639","20272","72001","88326","324690","165244","48219","172920","35658"
"2022-04-19T00:00:00.000","GOLD - COMMODITY EXCHANGE INC.","575202","22596","72545","89457","315033","157560","56294","173185","34694"
"2022-04-26T00:00:00.000","GOLD - COMMODITY EXCHANGE INC.","557785","22665","66838","90532","295653","138215","57098","172296","35389"
"2022-05-03T00:00:00.000","GOLD - COMMODITY EXCHANGE INC.","560441","23431","63612","92223","283894","128828","60981","164611","33290"
"2022-05-10T00:00:00.000","GOLD - COMMODITY EXCHANGE INC.","571447","22242","65143","89722","274577","123931","61939","165016","33693"
"2022-05-17T00:00:00.000","GOLD - COMMODITY EXCHANGE INC.","555756","24468","62025","89655","258977","115572","72212","167439","35439"
"2022-05-24T00:00:00.000","GOLD - COMMODITY EXCHANGE INC.","530098","21184","63194","88932","258869","121174","60117","161028","38272"
"2022-05-31T00:00:00.000","GOLD - COMMODITY EXCHANGE INC.","513722","19970","65269","87433","242190","112731","61938","156728","34932"
"2022-06-07T00:00:00.000","GOLD - COMMODITY EXCHANGE INC.","494130","16570","61112","83943","239287","115215","57684","155141","37404"
"2022-06-14T00:00:00.000","GOLD - COMMODITY EXCHANGE INC.","497456","14920","55975","90077","227591","109111","72206","157485","39792"
"2022-06-21T00:00:00.000","GOLD - COMMODITY EXCHANGE INC.","500276","13019","57208","89736","232476","113220","63417","154899","41415"
"2022-06-28T00:00:00.000","GOLD - COMMODITY EXCHANGE INC.","497005","13971","57758","88706","226926","110850","74748","157862","36271"
"2022-07-05T00:00:00.000","GOLD - COMMODITY EXCHANGE INC.","498210","15404","53894","88196","215291","103472","86438","164334","35708"
"2022-07-12T00:00:00.000","GOLD - COMMODITY EXCHANGE INC.","542493","18149","46218","88915","198634","91669","97802","159457","35203"
"2022-07-19T00:00:00.000","GOLD - COMMODITY EXCHANGE INC.","524786","21601","46644","91690","178909","91056","109794","149948","36255"
"2022-07-26T00:00:00.000","GOLD - COMMODITY EXCHANGE INC.","487515","16057","41222","90911","174168","92216","111309","149445","37662"
"2022-08-02T00:00:00.000","GOLD - COMMODITY EXCHANGE INC.","459649","13831","44218","87907","193085","96634","80779","145494","37023"
"2022-08-09T00:00:00.000","GOLD - COMMODITY EXCHANGE INC.","453540","12940","49401","83302","201395","100013","59279","142893","40776"
"2022-08-16T00:00:00.000","GOLD - COMMODITY EXCHANGE INC.","453960","14278","48802","82580","201765","96765","60392","141431","36640"
"2022-08-23T00:00:00.000","GOLD - COMMODITY EXCHANGE INC.","457762","14957","47144","84037","189922","95850","73739","141577","37841"
"2022-08-30T00:00:00.000","GOLD - COMMODITY EXCHANGE INC.","459165","14612","45959","86070","184402","91761","79973","143553","37607"
"2022-09-06T00:00:00.000","GOLD - COMMODITY EXCHANGE INC.","465908","15564","41624","87940","175944","85842","92804","145685","34866"
"2022-09-13T00:00:00.000","GOLD - COMMODITY EXCHANGE INC.","463674","12589","39708","88814","172633","80300","98637","145632","29951"
"2022-09-20T00:00:00.000","GOLD - COMMODITY EXCHANGE INC.","469395","16194","33858","96320","154084","78544","115239","136013","33596"
"2022-09-27T00:00:00.000","GOLD - COMMODITY EXCHANGE INC.","457061","15381","28004","95632","145147","74171","117265","132983","37808"
"2022-10-04T00:00:00.000","GOLD - COMMODITY EXCHANGE INC.","437065","12114","31266","92811","170207","82806","89681","133158","37898"
"2022-10-11T00:00:00.000","GOLD - COMMODITY EXCHANGE INC.","431395","11578","34246","89504","170564","78365","83945","134196","34196"
"2022-10-18T00:00:00.000","GOLD - COMMODITY EXCHANGE INC.","434701","14351","29916","88947","163412","73344","99042","137546","34892"
"2022-10-25T00:00:00.000","GOLD - COMMODITY EXCHANGE INC.","456072","18036","28462","91650","161437","72016","110804","140837","34017"
"2022-11-01T00:00:00.000","GOLD - COMMODITY EXCHANGE INC.","467276","17255","26028","94979","160988","78213","119614","138128","32104"
"2022-11-08T00:00:00.000","GOLD - COMMODITY EXCHANGE INC.","488471","16738","35324","94889","167447","88059","104405","135076","36392"
"2022-11-15T00:00:00.000","GOLD - COMMODITY EXCHANGE INC.","495171","14602","51584","93757","191083","95065","69608","132217","31405"
"2022-11-22T00:00:00.000","GOLD - COMMODITY EXCHANGE INC.","449542","14133","54527","96891","186561","92161","72730","122123","25441"
"2022-11-29T00:00:00.000","GOLD - COMMODITY EXCHANGE INC.","433661","12158","48784","98970","181577","88032","73312","121129","25846"
"2022-12-06T00:00:00.000","GOLD - COMMODITY EXCHANGE INC.","422100","11712","49665","92319","184445","93629","70142","117843","26205"
"2022-12-13T00:00:00.000","GOLD - COMMODITY EXCHANGE INC.","437040","13758","50601","94229","195915","103737","66288","120672","32472"
"2022-12-20T00:00:00.000","GOLD - COMMODITY EXCHANGE INC.","436653","13860","51557","92184","197001","104813","65718","121323","31570"
"2022-12-27T00:00:00.000","GOLD - COMMODITY EXCHANGE INC.","440040","13950","56342","91331","202715","106983","56106","122542","36539"
"2023-01-03T00:00:00.000","GOLD - COMMODITY EXCHANGE INC.","449393","13217","57119","90625","206697","109140","54559","121661","34576"
"2023-01-10T00:00:00.000","GOLD - COMMODITY EXCHANGE INC.","481519","12243","60946","88381","212156","116604","54795","126962","38236"
"2023-01-17T00:00:00.000","GOLD - COMMODITY EXCHANGE INC.","491818","14854","58789","90498","222476","124222","54845","122652","38789"
"2023-01-24T00:00:00.000","GOLD - COMMODITY EXCHANGE INC.","499927","12705","54314","92041","230986","131501","51622","121810","44016"
"2023-01-31T00:00:00.000","GOLD - COMMODITY EXCHANGE INC.","471642","14955","51775","88758","232458","138125","53678","118292","42458"
"2023-02-07T00:00:00.000","GOLD - COMMODITY EXCHANGE INC.","439755","15251","46233","90840","212824","115521","55945","107777","38538"
"2023-02-14T00:00:00.000","GOLD - COMMODITY EXCHANGE INC.","426116","12225","42118","92860","192039","106106","64933","104268","39912"
"2023-02-21T00:00:00.000","GOLD - COMMODITY EXCHANGE INC.","422648","10696","40479","91556","191128","104710","68004","105475","35080"
"2023-02-28T00:00:00.000","GOLD - COMMODITY EXCHANGE INC.","426890","12772","41995","93853","192117","99425","72850","108994","26976"
"2023-03-07T00:00:00.000","GOLD - COMMODITY EXCHANGE INC.","458474","11617","41216","95312","184633","103439","89040","112135","28060"
"2023-03-14T00:00:00.000","GOLD - COMMODITY EXCHANGE INC.","459064","11602","47669","100461","219834","118560","58839","112263","31653"
"2023-03-21T00:00:00.000","GOLD - COMMODITY EXCHANGE INC.","469874","14502","55788","94971","237253","125090","43861","112801","35425"
"2023-03-28T00:00:00.000","GOLD - COMMODITY EXCHANGE INC.","478611","15709","60038","93156","250335","130530","31370","114605","32135"
"2023-04-04T00:00:00.000","GOLD - COMMODITY EXCHANGE INC.","476592","15763","51702","93463","275774","142348","32217","123816","38731"
"2023-04-11T00:00:00.000","GOLD - COMMODITY EXCHANGE INC.","476567","16516","51449","95817","277432","135015","30409","125150","37011"
"2023-04-18T00:00:00.000","GOLD - COMMODITY EXCHANGE INC.","482254","17347","51291","97059","279540","137170","34474","122891","35694"
"2023-04-25T00:00:00.000","GOLD - COMMODITY EXCHANGE INC.","473209","17543","52563","97156","274064","135979","33176","117207","34746"
"2023-05-02T00:00:00.000","GOLD - COMMODITY EXCHANGE INC.","493804","18762","54293","98325","280378","143191","29401","119222","37445"
"2023-05-09T00:00:00.000","GOLD - COMMODITY EXCHANGE INC.","518951","18250","55018","99775","285522","143463","32477","123009","38181"
"2023-05-16T00:00:00.000","GOLD - COMMODITY EXCHANGE INC.","521832","18148","52362","99973","277316","139786","35803","115464","39633"
"2023-05-23T00:00:00.000","GOLD - COMMODITY EXCHANGE INC.","479080","18435","44860","99737","260335","128550","35411","107599","40006"
"2023-05-30T00:00:00.000","GOLD - COMMODITY EXCHANGE INC.","449515","12396","43768","93334","251967","122904","36201","114402","31789"
"2023-06-06T00:00:00.000","GOLD - COMMODITY EXCHANGE INC.","436301","13860","43638","91274","259683","120985","27557","116482","34269"
"2023-06-13T00:00:00.000","GOLD - COMMODITY EXCHANGE INC.","432898","14225","41384","93585","252488","110512","35869","116805","31239"
"2023-06-20T00:00:00.000","GOLD - COMMODITY EXCHANGE INC.","438037","13663","40542","94588","254246","110314","34275","118994","32058"
"2023-06-27T00:00:00.000","GOLD - COMMODITY EXCHANGE INC.","431861","11393","37626","95100","244202","108209","38534","112672","30437"
"2023-07-03T00:00:00.000","GOLD - COMMODITY EXCHANGE INC.","448063","13966","41391","90454","247746","123017","39869","112064","32115"
"2023-07-11T00:00:00.000","GOLD - COMMODITY EXCHANGE INC.","483170","13062","42136","89493","248168","124394","41951","116152","32841"
"2023-07-18T00:00:00.000","GOLD - COMMODITY EXCHANGE INC.","482104","14281","53555","84927","259368","147644","32326","116096","38066"
"2023-07-25T00:00:00.000","GOLD - COMMODITY EXCHANGE INC.","476176","16452","55396","86053","245319","132603","37316","115626","37274"
"2023-08-01T00:00:00.000","GOLD - COMMODITY EXCHANGE INC.","439383","16334","46546","88352","244985","123802","43793","115183","30268"
"2023-08-08T00:00:00.000","GOLD - COMMODITY EXCHANGE INC.","427759","15411","41861","88184","229288","114585","55979","114261","29882"
"2023-08-15T00:00:00.000","GOLD - COMMODITY EXCHANGE INC.","433611","17862","39392","86688","207088","113146","83610","119932","28332"
"2023-08-22T00:00:00.000","GOLD - COMMODITY EXCHANGE INC.","430239","18338","35940","87166","190600","105085","95976","121255","28418"
"2023-08-29T00:00:00.000","GOLD - COMMODITY EXCHANGE INC.","442806","20564","41031","83759","203886","120609","81367","115445","31415"
"2023-09-05T00:00:00.000","GOLD - COMMODITY EXCHANGE INC.","438672","17994","42368","81715","215580","120222","69857","115580","27939"
"2023-09-12T00:00:00.000","GOLD - COMMODITY EXCHANGE INC.","441221","17361","39709","83274","205736","117737","83166","117967","28674"
"2023-09-19T00:00:00.000","GOLD - COMMODITY EXCHANGE INC.","438078","15305","40593","82606","210250","121172","73782","116544","28771"
"2023-09-26T00:00:00.000","GOLD - COMMODITY EXCHANGE INC.","435620","13152","39819","88126","196295","114668","91230","120892","28515"
"2023-10-03T00:00:00.000","GOLD - COMMODITY EXCHANGE INC.","431226","16614","38810","85747","175533","100500","108061","127906","29119"
"2023-10-10T00:00:00.000","GOLD - COMMODITY EXCHANGE INC.","436499","19010","37437","91619","163620","93934","120701","126398","28198"
"2023-10-17T00:00:00.000","GOLD - COMMODITY EXCHANGE INC.","439581","11737","41703","84592","182625","104708","89605","126704","29069"
"2023-10-24T00:00:00.000","GOLD - COMMODITY EXCHANGE INC.","463476","10642","50787","81233","206961","122456","66708","129013","35376"
"2023-10-31T00:00:00.000","GOLD - COMMODITY EXCHANGE INC.","475808","11165","55350","79294","217816","140111","65271","120942","32357"
"2023-11-07T00:00:00.000","GOLD - COMMODITY EXCHANGE INC.","484347","10487","55470","82014","223122","140609","62374","121044","33063"
"2023-11-14T00:00:00.000","GOLD - COMMODITY EXCHANGE INC.","486634","12176","55241","83706","217660","132924","68609","121428","30367"
"2023-11-21T00:00:00.000","GOLD - COMMODITY EXCHANGE INC.","508429","14081","59990","80946","225272","144381","65246","125320","32750"
"2023-11-28T00:00:00.000","GOLD - COMMODITY EXCHANGE INC.","505658","14333","64941","76804","244788","169695","54802","120150","34959"
"2023-12-05T00:00:00.000","GOLD - COMMODITY EXCHANGE INC.","487469","12631","62325","76376","253627","159907","50520","128933","34776"
"2023-12-12T00:00:00.000","GOLD - COMMODITY EXCHANGE INC.","469939","13420","58535","76081","243774","149634","54106","123902","31197"
"2023-12-19T00:00:00.000","GOLD - COMMODITY EXCHANGE INC.","481203","12836","60852","75017","254059","155697","47421","125275","32212"
"2023-12-26T00:00:00.000","GOLD - COMMODITY EXCHANGE INC.","491343","13243","58256","74400","261732","152801","46347","137042","35778"
"2024-01-02T00:00:00.000","GOLD - COMMODITY EXCHANGE INC.","500364","13674","55375","76117","269894","154384","45235","136322","37822"
"2024-01-09T00:00:00.000","GOLD - COMMODITY EXCHANGE INC.","489849","11949","56950","78213","250913","134333","45874","137332","37177"
"2024-01-16T00:00:00.000","GOLD - COMMODITY EXCHANGE INC.","489334","12864","53418","75791","242657","130931","47702","131429","34765"
"2024-01-23T00:00:00.000","GOLD - COMMODITY EXCHANGE INC.","465872","13724","52673","78535","231679","111298","50265","129802","21361"
"2024-01-30T00:00:00.000","GOLD - COMMODITY EXCHANGE INC.","430328","15272","49631","77882","214041","108093","52069","111129","19362"
"2024-02-06T00:00:00.000","GOLD - COMMODITY EXCHANGE INC.","419121","14285","50903","77734","221357","114316","46247","114307","20638"
"2024-02-13T00:00:00.000","GOLD - COMMODITY EXCHANGE INC.","420812","15888","48131","78854","199591","100642","66466","116863","19871"
"2024-02-20T00:00:00.000","GOLD - COMMODITY EXCHANGE INC.","407063","10614","49065","77980","198940","98840","48917","112194","21855"
"2024-02-27T00:00:00.000","GOLD - COMMODITY EXCHANGE INC.","411195","11378","51050","78743","197423","103885","47732","111063","25580"
"2024-03-05T00:00:00.000","GOLD - COMMODITY EXCHANGE INC.","471616","11650","60537","77009","234914","145106","35343","119042","37512"
"2024-03-12T00:00:00.000","GOLD - COMMODITY EXCHANGE INC.","516057","30471","78911","75076","244909","173994","32911","109068","48549"
"2024-03-19T00:00:00.000","GOLD - COMMODITY EXCHANGE INC.","535047","32136","81346","77067","245387","172588","29692","106144","47438"
"2024-03-26T00:00:00.000","GOLD - COMMODITY EXCHANGE INC.","503642","32765","80270","80421","251256","163006","27211","102641","39142"
"2024-04-02T00:00:00.000","GOLD - COMMODITY EXCHANGE INC.","500045","32235","77122","80217","261044","173073","25993","108326","48156"
"2024-04-09T00:00:00.000","GOLD - COMMODITY EXCHANGE INC.","505214","34191","76217","79228","261784","174617","32885","105182","44495"
"2024-04-16T00:00:00.000","GOLD - COMMODITY EXCHANGE INC.","517193","37797","71700","78012","266867","169910","35174","108867","41680"
"2024-04-23T00:00:00.000","GOLD - COMMODITY EXCHANGE INC.","516249","37917","70510","75873","270152","176400","34261","103135","42383"
"2024-04-30T00:00:00.000","GOLD - COMMODITY EXCHANGE INC.","519791","37917","68644","73085","269856","171853","36826","106997","37814"
"2024-05-07T00:00:00.000","GOLD - COMMODITY EXCHANGE INC.","529835","35488","67658","73131","268227","164780","38681","107364","33896"
"2024-05-14T00:00:00.000","GOLD - COMMODITY EXCHANGE INC.","522952","35446","65005","75210","277761","171868","41433","105774","31713"
"2024-05-21T00:00:00.000","GOLD - COMMODITY EXCHANGE INC.","530591","20490","57460","76171","297864","190605","42082","110124","28841"
"2024-05-28T00:00:00.000","GOLD - COMMODITY EXCHANGE INC.","485430","18542","59186","69148","289454","174444","25616","112293","24536"
"2024-06-04T00:00:00.000","GOLD - COMMODITY EXCHANGE INC.","447488","15962","55848","56738","282783","172560","20261","112006","27003"
"2024-06-11T00:00:00.000","GOLD - COMMODITY EXCHANGE INC.","436857","15922","56729","55474","275178","168424","15459","108345","27384"
"2024-06-18T00:00:00.000","GOLD - COMMODITY EXCHANGE INC.","444345","15030","57588","55910","281082","177639","17018","109508","27045"
"2024-06-25T00:00:00.000","GOLD - COMMODITY EXCHANGE INC.","452190","15601","58204","58751","287636","174756","16554","110129","22102"
"2024-07-02T00:00:00.000","GOLD - COMMODITY EXCHANGE INC.","454730","14424","59169","59925","279979","167688","16873","112429","21701"
"2024-07-09T00:00:00.000","GOLD - COMMODITY EXCHANGE INC.","516324","14031","66422","62183","290421","181982","24515","121061","23753"
"2024-07-16T00:00:00.000","GOLD - COMMODITY EXCHANGE INC.","579862","23789","84107","62675","311661","216502","31970","133325","32833"
"2024-07-23T00:00:00.000","GOLD - COMMODITY EXCHANGE INC.","572306","15685","69900","58598","305308","197802","34942","143798","33584"
"2024-07-30T00:00:00.000","GOLD - COMMODITY EXCHANGE INC.","510914","19913","64678","55083","283175","185586","33222","127778","33541"
"2024-08-06T00:00:00.000","GOLD - COMMODITY EXCHANGE INC.","480645","16637","63782","56985","278874","180303","29517","117816","29853"
"2024-08-13T00:00:00.000","GOLD - COMMODITY EXCHANGE INC.","505872","16717","69652","54827","294394","203844","25929","124925","35576"
"2024-08-20T00:00:00.000","GOLD - COMMODITY EXCHANGE INC.","532867","15569","79564","53461","305972","222142","28837","133409","35461"
"2024-08-27T00:00:00.000","GOLD - COMMODITY EXCHANGE INC.","521759","10714","79098","52822","306757","217976","17685","125354","31200"
"2024-09-03T00:00:00.000","GOLD - COMMODITY EXCHANGE INC.","511136","11841","81470","55089","297347","212086","19996","127071","31603"
"2024-09-10T00:00:00.000","GOLD - COMMODITY EXCHANGE INC.","511501","12568","87942","52865","284390","213645","23190","126361","34315"
"2024-09-17T00:00:00.000","GOLD - COMMODITY EXCHANGE INC.","537627","12663","90250","45549","303089","241844","25489","127890","34179"
"2024-09-24T00:00:00.000","GOLD - COMMODITY EXCHANGE INC.","564640","13517","93547","45705","305381","256435","37406","131137","34776"
"2024-10-01T00:00:00.000","GOLD - COMMODITY EXCHANGE INC.","533107","12220","87446","42840","295138","247867","33405","122184","36715"
"2024-10-08T00:00:00.000","GOLD - COMMODITY EXCHANGE INC.","520316","12830","83981","44853","277678","227596","33537","121295","37174"
"2024-10-15T00:00:00.000","GOLD - COMMODITY EXCHANGE INC.","541232","13088","87786","43311","281271","233871","34450","123623","36610"
"2024-10-22T00:00:00.000","GOLD - COMMODITY EXCHANGE INC.","573760","12942","95037","39452","282058","242427","37267","129386","38342"
"2024-10-29T00:00:00.000","GOLD - COMMODITY EXCHANGE INC.","579468","12379","86999","40174","269225","234856","39683","131780","48300"
"2024-11-05T00:00:00.000","GOLD - COMMODITY EXCHANGE INC.","558034","13066","82429","39763","253459","219687","36684","117129","44803"
"2024-11-12T00:00:00.000","GOLD - COMMODITY EXCHANGE INC.","535981","13211","80667","36733","234859","203661","38365","112564","41409"
"2024-11-19T00:00:00.000","GOLD - COMMODITY EXCHANGE INC.","502952","13787","84104","34758","226763","193355","38181","115999","36806"
"2024-11-26T00:00:00.000","GOLD - COMMODITY EXCHANGE INC.","472660","14309","81389","32845","238285","203596","24306","99805","28757"
"2024-12-03T00:00:00.000","GOLD - COMMODITY EXCHANGE INC.","462040","10967","73308","32964","256898","203580","22845","104031","25030"
"2024-12-10T00:00:00.000","GOLD - COMMODITY EXCHANGE INC.","483346","11204","77649","33312","263738","218482","22404","105850","26342"
"2024-12-17T00:00:00.000","GOLD - COMMODITY EXCHANGE INC.","466571","9971","82426","32522","245300","201880","18378","101098","22559"
"2024-12-24T00:00:00.000","GOLD - COMMODITY EXCHANGE INC.","454646","9198","83987","31583","230130","186099","20602","103317","21185"
"2024-12-31T00:00:00.000","GOLD - COMMODITY EXCHANGE INC.","458584","9983","83344","31829","229764","182128","15959","100779","19669"
"2025-01-07T00:00:00.000","GOLD - COMMODITY EXCHANGE INC.","477043","10137","81104","32687","240366","191873","14232","99848","22578"
"2025-01-14T00:00:00.000","GOLD - COMMODITY EXCHANGE INC.","526467","21043","95030","30150","258615","206968","11346","105600","21859"
"2025-01-21T00:00:00.000","GOLD - COMMODITY EXCHANGE INC.","571387","20111","100717","30427","276429","226964","11095","110325","25410"
"2025-01-28T00:00:00.000","GOLD - COMMODITY EXCHANGE INC.","577505","19532","100430","29725","272549","227871","17331","110500","21631"
"2025-02-04T00:00:00.000","GOLD - COMMODITY EXCHANGE INC.","542004","19046","82490","21824","286555","240485","30952","116015","23040"
"2025-02-11T00:00:00.000","GOLD - COMMODITY EXCHANGE INC.","528719","20935","81836","19501","268488","229071","34268","114695","24994"
"2025-02-18T00:00:00.000","GOLD - COMMODITY EXCHANGE INC.","522330","22176","82595","16566","252218","222538","37209","111505","28160"
"2025-02-25T00:00:00.000","GOLD - COMMODITY EXCHANGE INC.","512179","24007","84497","14682","242292","212694","32882","104254","22441"
"2025-03-04T00:00:00.000","GOLD - COMMODITY EXCHANGE INC.","489270","24881","83460","16574","229110","204965","38307","98167","21564"
"2025-03-11T00:00:00.000","GOLD - COMMODITY EXCHANGE INC.","511276","24799","82058","18459","226388","204907","37331","91265","22741"
"2025-03-18T00:00:00.000","GOLD - COMMODITY EXCHANGE INC.","533566","23881","88261","16899","237687","220879","37045","100775","26677"
"2025-03-25T00:00:00.000","GOLD - COMMODITY EXCHANGE INC.","511482","14682","77439","16248","232089","213505","38773","103067","28003"
"2025-04-01T00:00:00.000","GOLD - COMMODITY EXCHANGE INC.","498746","11538","73853","24256","227002","204833","62834","123103","26668"
"2025-04-08T00:00:00.000","GOLD - COMMODITY EXCHANGE INC.","445468","14087","66734","27128","206664","175393","44407","94440","24711"
"2025-04-15T00:00:00.000","GOLD - COMMODITY EXCHANGE INC.","456628","14214","65819","29121","209428","168400","43546","103307","25951"
"2025-04-22T00:00:00.000","GOLD - COMMODITY EXCHANGE INC.","465351","18110","63420","37696","194654","166360","45458","92536","38060"
"2025-04-29T00:00:00.000","GOLD - COMMODITY EXCHANGE INC.","451868","17714","62788","34475","180162","150715","44820","89662","32239"
"2025-05-06T00:00:00.000","GOLD - COMMODITY EXCHANGE INC.","452414","17705","62990","37106","183924","144383","42292","93062","32656"
"2025-05-13T00:00:00.000","GOLD - COMMODITY EXCHANGE INC.","440842","17651","59184","33350","183024","144410","43183","93781","33799"
"2025-05-20T00:00:00.000","GOLD - COMMODITY EXCHANGE INC.","448000","20202","59019","34444","193275","149149","41520","88913","32561"
"2025-05-27T00:00:00.000","GOLD - COMMODITY EXCHANGE INC.","437538","15935","62127","39356","200751","147502","36686","86585","23217"
"2025-06-03T00:00:00.000","GOLD - COMMODITY EXCHANGE INC.","415941","14319","62427","40187","212905","159966","36384","87016","22693"
"2025-06-10T00:00:00.000","GOLD - COMMODITY EXCHANGE INC.","417143","13381","62746","38867","212220","160680","36589","85315","21925"
"2025-06-17T00:00:00.000","GOLD - COMMODITY EXCHANGE INC.","441214","11066","64028","40135","224900","167646","37135","92940","22803"
"2025-06-24T00:00:00.000","GOLD - COMMODITY EXCHANGE INC.","434958","12319","62734","40583","220728","163829","38701","92248","22372"
"2025-07-01T00:00:00.000","GOLD - COMMODITY EXCHANGE INC.","437662","12005","61418","37260","223916","165086","34726","93545","21925"
"2025-07-08T00:00:00.000","GOLD - COMMODITY EXCHANGE INC.","443144","13615","60427","35359","226901","164685","35743","97000","22974"
"2025-07-15T00:00:00.000","GOLD - COMMODITY EXCHANGE INC.","448531","14716","61452","33649","237601","172657","35930","97570","21182"
"2025-07-22T00:00:00.000","GOLD - COMMODITY EXCHANGE INC.","489423","11207","62569","33299","264274","194753","34819","117196","24092"
"2025-07-29T00:00:00.000","GOLD - COMMODITY EXCHANGE INC.","445259","12294","60464","39149","250058","170918","36662","110323","20983"
"2025-08-05T00:00:00.000","GOLD - COMMODITY EXCHANGE INC.","449647","21760","55777","36874","273003","186304","32317","105890","22827"
"2025-08-12T00:00:00.000","GOLD - COMMODITY EXCHANGE INC.","446152","9324","49074","35951","259266","182337","34050","105778","24580"
"2025-08-19T00:00:00.000","GOLD - COMMODITY EXCHANGE INC.","438541","9389","49394","39607","249567","173388","36003","101889","26684"
"2025-08-26T00:00:00.000","GOLD - COMMODITY EXCHANGE INC.","443760","9620","51948","45622","254259","175494","33577","100273","27879"
"2025-09-02T00:00:00.000","GOLD - COMMODITY EXCHANGE INC.","492908","8209","63511","47568","266164","196127","34625","119669","31641"
"2025-09-09T00:00:00.000","GOLD - COMMODITY EXCHANGE INC.","509625","9864","72418","48287","259108","198907","35388","125968","27747"
"2025-09-16T00:00:00.000","GOLD - COMMODITY EXCHANGE INC.","516221","10992","76376","46465","283452","195347","36376","131431","23992"
"2025-09-23T00:00:00.000","GOLD - COMMODITY EXCHANGE INC.","528789","11851","79003","49618","280869","198826","38277","133982","27782"
"2025-09-30T00:00:00.000","GOLD - COMMODITY EXCHANGE INC.","493748","10432","75829","41038","263877","184199","38972","134605","26924"
"2025-10-07T00:00:00.000","GOLD - COMMODITY EXCHANGE INC.","485559","12169","77521","45558","243978","170587","40828","130211","28014"
"2025-10-14T00:00:00.000","GOLD - COMMODITY EXCHANGE INC.","485788","14094","75551","51318","226728","152187","43877","126218","30612"
"2025-10-21T00:00:00.000","GOLD - COMMODITY EXCHANGE INC.","472421","13924","71702","56832","209171","135503","43276","118348","33966"
"2025-10-28T00:00:00.000","GOLD - COMMODITY EXCHANGE INC.","457122","12403","70597","48310","227143","138605","34446","127703","27198"
"2025-11-04T00:00:00.000","GOLD - COMMODITY EXCHANGE INC.","450399","9805","69256","47195","224286","130688","30143","125884","24122"
"2025-11-10T00:00:00.000","GOLD - COMMODITY EXCHANGE INC.","459997","9875","68621","43176","229253","134155","30068","131761","28779"
"2025-11-18T00:00:00.000","GOLD - COMMODITY EXCHANGE INC.","471953","10061","68958","44947","231635","130222","32017","139334","27200"
"2025-11-25T00:00:00.000","GOLD - COMMODITY EXCHANGE INC.","432946","9950","56642","39044","233755","136979","27670","116287","21008"
"2025-12-02T00:00:00.000","GOLD - COMMODITY EXCHANGE INC.","418490","10094","58801","33860","240501","140143","19819","121188","23952"
"2025-12-09T00:00:00.000","GOLD - COMMODITY EXCHANGE INC.","432569","10463","59856","34556","247742","143383","19835","125102","24764"
"2025-12-16T00:00:00.000","GOLD - COMMODITY EXCHANGE INC.","471093","16057","60306","31970","262079","152873","20277","128047","26665"
"2025-12-23T00:00:00.000","GOLD - COMMODITY EXCHANGE INC.","492103","17158","68442","30143","262385","160581","24311","129580","25150"
"2025-12-30T00:00:00.000","GOLD - COMMODITY EXCHANGE INC.","481866","12958","67439","37010","257775","148642","22602","126950","21817"
"2026-01-06T00:00:00.000","GOLD - COMMODITY EXCHANGE INC.","488116","13454","63996","37456","258949","146445","23232","127990","23571"
"2026-01-13T00:00:00.000","GOLD - COMMODITY EXCHANGE INC.","527455","13998","65163","31166","277107","158825","24080","137358","20865"
"2026-01-20T00:00:00.000","GOLD - COMMODITY EXCHANGE INC.","528004","18731","61020","29522","276922","163668","26224","132104","24778"
"2026-01-27T00:00:00.000","GOLD - COMMODITY EXCHANGE INC.","488463","14609","55198","34124","241820","143321","25162","108779","21542"
"2026-02-03T00:00:00.000","GOLD - COMMODITY EXCHANGE INC.","409694","14072","38706","40303","223447","118936","26864","95572","22040"
"2026-02-10T00:00:00.000","GOLD - COMMODITY EXCHANGE INC.","404391","15737","34182","43244","222537","119232","27210","93576","25586"
"2026-02-17T00:00:00.000","GOLD - COMMODITY EXCHANGE INC.","407078","13643","35041","41702","217086","123011","27118","90421","26399"
"2026-02-24T00:00:00.000","GOLD - COMMODITY EXCHANGE INC.","420182","14800","34618","38848","219836","121233","25259","90416","27213"
"2026-03-03T00:00:00.000","GOLD - COMMODITY EXCHANGE INC.","409789","15219","36010","39360","219152","123456","25539","90296","28068"
"2026-03-10T00:00:00.000","GOLD - COMMODITY EXCHANGE INC.","413956","14826","34522","38318","221598","125077","26678","90368","25635"
"2026-03-17T00:00:00.000","GOLD - COMMODITY EXCHANGE INC.","411388","15879","33713","36975","217789","130147","28104","85814","27988"
"2026-03-24T00:00:00.000","GOLD - COMMODITY EXCHANGE INC.","403925","12761","34977","36069","217681","119562","27941","101299","24593"
"2026-03-31T00:00:00.000","GOLD - COMMODITY EXCHANGE INC.","361409","10979","30889","30201","211931","120092","27278","87510","17122"
"2026-04-07T00:00:00.000","GOLD - COMMODITY EXCHANGE INC.","354877","11713","31009","30165","204620","120726","30694","84642","18369"
"2026-04-14T00:00:00.000","GOLD - COMMODITY EXCHANGE INC.","362274","13151","31681","28289","210841","125422","30281","84587","17202"
"2026-04-21T00:00:00.000","GOLD - COMMODITY EXCHANGE INC.","365842","12633","33051","28115","210637","123681","30705","89212","18182"
"2026-04-28T00:00:00.000","GOLD - COMMODITY EXCHANGE INC.","369530","12985","33177","28032","202653","122257","32505","89561","19742"
"2026-05-05T00:00:00.000","GOLD - COMMODITY EXCHANGE INC.","367932","12898","32010","27319","207142","123353","29099","88461","19412"
"2026-05-12T00:00:00.000","GOLD - COMMODITY EXCHANGE INC.","376496","11437","31639","25671","215727","127242","29227","92551","18944"
"2026-05-19T00:00:00.000","GOLD - COMMODITY EXCHANGE INC.","379325","14800","32714","28950","202665","122894","29354","88124","21831"
"2026-05-26T00:00:00.000","GOLD - COMMODITY EXCHANGE INC.","353489","12586","32096","29033","195289","124277","26831","76427","19613"
"2026-06-02T00:00:00.000","GOLD - COMMODITY EXCHANGE INC.","326052","10275","30429","27505","213696","129367","17188","76729","12888"
"2026-06-09T00:00:00.000","GOLD - COMMODITY EXCHANGE INC.","332709","10833","30133","28443","210179","126280","20417","81704","13730"
"2026-06-16T00:00:00.000","GOLD - COMMODITY EXCHANGE INC.","339330","12191","29238","29455","219971","128043","14322","83084","16585"
"2026-06-23T00:00:00.000","GOLD - COMMODITY EXCHANGE INC.","352167","15839","25175","27738","223806","131102","15707","85926","19982"
"2026-06-30T00:00:00.000","GOLD - COMMODITY EXCHANGE INC.","369541","15161","32207","25821","229845","134577","14486","95042","21114"
"2026-07-07T00:00:00.000","GOLD - COMMODITY EXCHANGE INC.","371776","14282","35268","25445","226741","134941","18780","98772","20687"
"2026-07-14T00:00:00.000","GOLD - COMMODITY EXCHANGE INC.","383689","15840","34989","25177","220816","136905","16126","90405","24502"
"2026-07-21T00:00:00.000","GOLD - COMMODITY EXCHANGE INC.","383368","15561","34882","24959","218837","141487","16656","83298","24219"
"2026-07-28T00:00:00.000","GOLD - COMMODITY EXCHANGE INC.","384603","15367","35916","23661","215421","135093","15298","84529","22254"
