timestamp,eurusd
1999-01-04T00:00:00Z,1.1812000000
1999-01-05T00:00:00Z,1.1760000000
1999-01-06T00:00:00Z,1.1636000000
1999-01-07T00:00:00Z,1.1672000000
1999-01-08T00:00:00Z,1.1554000000
1999-01-11T00:00:00Z,1.1534000000
1999-01-12T00:00:00Z,1.1548000000
1999-01-13T00:00:00Z,1.1698000000
1999-01-14T00:00:00Z,1.1689000000
1999-01-15T00:00:00Z,1.1591000000
1999-01-19T00:00:00Z,1.1610000000
1999-01-20T00:00:00Z,1.1575000000
1999-01-21T00:00:00Z,1.1577000000
1999-01-22T00:00:00Z,1.1582000000
1999-01-25T00:00:00Z,1.1566000000
1999-01-26T00:00:00Z,1.1577000000
1999-01-27T00:00:00Z,1.1481000000
1999-01-28T00:00:00Z,1.1395000000
1999-01-29T00:00:00Z,1.1371000000
1999-02-01T00:00:00Z,1.1303000000
1999-02-02T00:00:00Z,1.1328000000
1999-02-03T00:00:00Z,1.1339000000
1999-02-04T00:00:00Z,1.1306000000
1999-02-05T00:00:00Z,1.1283000000
1999-02-08T00:00:00Z,1.1296000000
1999-02-09T00:00:00Z,1.1300000000
1999-02-10T00:00:00Z,1.1331000000
1999-02-11T00:00:00Z,1.1303000000
1999-02-12T00:00:00Z,1.1282000000
1999-02-16T00:00:00Z,1.1189000000
1999-02-17T00:00:00Z,1.1230000000
1999-02-18T00:00:00Z,1.1223000000
1999-02-19T00:00:00Z,1.1075000000
1999-02-22T00:00:00Z,1.1037000000
1999-02-23T00:00:00Z,1.0993000000
1999-02-24T00:00:00Z,1.0972000000
1999-02-25T00:00:00Z,1.1068000000
1999-02-26T00:00:00Z,1.0995000000
1999-03-01T00:00:00Z,1.0891000000
1999-03-02T00:00:00Z,1.0931000000
1999-03-03T00:00:00Z,1.0888000000
1999-03-04T00:00:00Z,1.0824000000
1999-03-05T00:00:00Z,1.0843000000
1999-03-08T00:00:00Z,1.0899000000
1999-03-09T00:00:00Z,1.0873000000
1999-03-10T00:00:00Z,1.0961000000
1999-03-11T00:00:00Z,1.0932000000
1999-03-12T00:00:00Z,1.0936000000
1999-03-15T00:00:00Z,1.0930000000
1999-03-16T00:00:00Z,1.0915000000
1999-03-17T00:00:00Z,1.1015000000
1999-03-18T00:00:00Z,1.0990000000
1999-03-19T00:00:00Z,1.0923000000
1999-03-22T00:00:00Z,1.0915000000
1999-03-23T00:00:00Z,1.0918000000
1999-03-24T00:00:00Z,1.0921000000
1999-03-25T00:00:00Z,1.0871000000
1999-03-26T00:00:00Z,1.0743000000
1999-03-29T00:00:00Z,1.0716000000
1999-03-30T00:00:00Z,1.0732000000
1999-03-31T00:00:00Z,1.0808000000
1999-04-01T00:00:00Z,1.0782000000
1999-04-02T00:00:00Z,1.0782000000
1999-04-05T00:00:00Z,1.0706000000
1999-04-06T00:00:00Z,1.0838000000
1999-04-07T00:00:00Z,1.0784000000
1999-04-08T00:00:00Z,1.0835000000
1999-04-09T00:00:00Z,1.0786000000
1999-04-12T00:00:00Z,1.0842000000
1999-04-13T00:00:00Z,1.0780000000
1999-04-14T00:00:00Z,1.0779000000
1999-04-15T00:00:00Z,1.0717000000
1999-04-16T00:00:00Z,1.0688000000
1999-04-19T00:00:00Z,1.0608000000
1999-04-20T00:00:00Z,1.0630000000
1999-04-21T00:00:00Z,1.0612000000
1999-04-22T00:00:00Z,1.0598000000
1999-04-23T00:00:00Z,1.0634000000
1999-04-26T00:00:00Z,1.0590000000
1999-04-27T00:00:00Z,1.0649000000
1999-04-28T00:00:00Z,1.0616000000
1999-04-29T00:00:00Z,1.0591000000
1999-04-30T00:00:00Z,1.0564000000
1999-05-03T00:00:00Z,1.0571000000
1999-05-04T00:00:00Z,1.0593000000
1999-05-05T00:00:00Z,1.0724000000
1999-05-06T00:00:00Z,1.0779000000
1999-05-07T00:00:00Z,1.0781000000
1999-05-10T00:00:00Z,1.0787000000
1999-05-11T00:00:00Z,1.0720000000
1999-05-12T00:00:00Z,1.0666000000
1999-05-13T00:00:00Z,1.0626000000
1999-05-14T00:00:00Z,1.0650000000
1999-05-17T00:00:00Z,1.0672000000
1999-05-18T00:00:00Z,1.0672000000
1999-05-19T00:00:00Z,1.0641000000
1999-05-20T00:00:00Z,1.0630000000
1999-05-21T00:00:00Z,1.0577000000
1999-05-24T00:00:00Z,1.0593000000
1999-05-25T00:00:00Z,1.0587000000
1999-05-26T00:00:00Z,1.0471000000
1999-05-27T00:00:00Z,1.0439000000
1999-05-28T00:00:00Z,1.0422000000
1999-06-01T00:00:00Z,1.0449000000
1999-06-02T00:00:00Z,1.0357000000
1999-06-03T00:00:00Z,1.0355000000
1999-06-04T00:00:00Z,1.0327000000
1999-06-07T00:00:00Z,1.0296000000
1999-06-08T00:00:00Z,1.0438000000
1999-06-09T00:00:00Z,1.0450000000
1999-06-10T00:00:00Z,1.0477000000
1999-06-11T00:00:00Z,1.0516000000
1999-06-14T00:00:00Z,1.0416000000
1999-06-15T00:00:00Z,1.0420000000
1999-06-16T00:00:00Z,1.0298000000
1999-06-17T00:00:00Z,1.0329000000
1999-06-18T00:00:00Z,1.0368000000
1999-06-21T00:00:00Z,1.0323000000
1999-06-22T00:00:00Z,1.0323000000
1999-06-23T00:00:00Z,1.0316000000
1999-06-24T00:00:00Z,1.0372000000
1999-06-25T00:00:00Z,1.0448000000
1999-06-28T00:00:00Z,1.0373000000
1999-06-29T00:00:00Z,1.0337000000
1999-06-30T00:00:00Z,1.0310000000
1999-07-01T00:00:00Z,1.0236000000
1999-07-02T00:00:00Z,1.0244000000
1999-07-06T00:00:00Z,1.0249000000
1999-07-07T00:00:00Z,1.0224000000
1999-07-08T00:00:00Z,1.0198000000
1999-07-09T00:00:00Z,1.0186000000
1999-07-12T00:00:00Z,1.0139000000
1999-07-13T00:00:00Z,1.0176000000
1999-07-14T00:00:00Z,1.0215000000
1999-07-15T00:00:00Z,1.0220000000
1999-07-16T00:00:00Z,1.0203000000
1999-07-19T00:00:00Z,1.0203000000
1999-07-20T00:00:00Z,1.0420000000
1999-07-21T00:00:00Z,1.0526000000
1999-07-22T00:00:00Z,1.0509000000
1999-07-23T00:00:00Z,1.0497000000
1999-07-26T00:00:00Z,1.0651000000
1999-07-27T00:00:00Z,1.0627000000
1999-07-28T00:00:00Z,1.0644000000
1999-07-29T00:00:00Z,1.0719000000
1999-07-30T00:00:00Z,1.0694000000
1999-08-02T00:00:00Z,1.0661000000
1999-08-03T00:00:00Z,1.0680000000
1999-08-04T00:00:00Z,1.0766000000
1999-08-05T00:00:00Z,1.0793000000
1999-08-06T00:00:00Z,1.0770000000
1999-08-09T00:00:00Z,1.0694000000
1999-08-10T00:00:00Z,1.0752000000
1999-08-11T00:00:00Z,1.0660000000
1999-08-12T00:00:00Z,1.0636000000
1999-08-13T00:00:00Z,1.0568000000
1999-08-16T00:00:00Z,1.0557000000
1999-08-17T00:00:00Z,1.0525000000
1999-08-18T00:00:00Z,1.0505000000
1999-08-19T00:00:00Z,1.0643000000
1999-08-20T00:00:00Z,1.0654000000
1999-08-23T00:00:00Z,1.0553000000
1999-08-24T00:00:00Z,1.0506000000
1999-08-25T00:00:00Z,1.0461000000
1999-08-26T00:00:00Z,1.0441000000
1999-08-27T00:00:00Z,1.0460000000
1999-08-30T00:00:00Z,1.0445000000
1999-08-31T00:00:00Z,1.0581000000
1999-09-01T00:00:00Z,1.0582000000
1999-09-02T00:00:00Z,1.0689000000
1999-09-03T00:00:00Z,1.0605000000
1999-09-07T00:00:00Z,1.0581000000
1999-09-08T00:00:00Z,1.0590000000
1999-09-09T00:00:00Z,1.0543000000
1999-09-10T00:00:00Z,1.0402000000
1999-09-13T00:00:00Z,1.0400000000
1999-09-14T00:00:00Z,1.0408000000
1999-09-15T00:00:00Z,1.0385000000
1999-09-16T00:00:00Z,1.0418000000
1999-09-17T00:00:00Z,1.0399000000
1999-09-20T00:00:00Z,1.0408000000
1999-09-21T00:00:00Z,1.0460000000
1999-09-22T00:00:00Z,1.0500000000
1999-09-23T00:00:00Z,1.0415000000
1999-09-24T00:00:00Z,1.0466000000
1999-09-27T00:00:00Z,1.0431000000
1999-09-28T00:00:00Z,1.0509000000
1999-09-29T00:00:00Z,1.0613000000
1999-09-30T00:00:00Z,1.0643000000
1999-10-01T00:00:00Z,1.0718000000
1999-10-04T00:00:00Z,1.0703000000
1999-10-05T00:00:00Z,1.0693000000
1999-10-06T00:00:00Z,1.0704000000
1999-10-07T00:00:00Z,1.0721000000
1999-10-08T00:00:00Z,1.0630000000
1999-10-12T00:00:00Z,1.0737000000
1999-10-13T00:00:00Z,1.0758000000
1999-10-14T00:00:00Z,1.0799000000
1999-10-15T00:00:00Z,1.0887000000
1999-10-18T00:00:00Z,1.0863000000
1999-10-19T00:00:00Z,1.0833000000
1999-10-20T00:00:00Z,1.0765000000
1999-10-21T00:00:00Z,1.0808000000
1999-10-22T00:00:00Z,1.0678000000
1999-10-25T00:00:00Z,1.0666000000
1999-10-26T00:00:00Z,1.0578000000
1999-10-27T00:00:00Z,1.0532000000
1999-10-28T00:00:00Z,1.0519000000
1999-10-29T00:00:00Z,1.0518000000
1999-11-01T00:00:00Z,1.0494000000
1999-11-02T00:00:00Z,1.0506000000
1999-11-03T00:00:00Z,1.0485000000
1999-11-04T00:00:00Z,1.0440000000
1999-11-05T00:00:00Z,1.0400000000
1999-11-08T00:00:00Z,1.0363000000
1999-11-09T00:00:00Z,1.0401000000
1999-11-10T00:00:00Z,1.0436000000
1999-11-12T00:00:00Z,1.0315000000
1999-11-15T00:00:00Z,1.0315000000
1999-11-16T00:00:00Z,1.0312000000
1999-11-17T00:00:00Z,1.0403000000
1999-11-18T00:00:00Z,1.0297000000
1999-11-19T00:00:00Z,1.0313000000
1999-11-22T00:00:00Z,1.0327000000
1999-11-23T00:00:00Z,1.0261000000
1999-11-24T00:00:00Z,1.0176000000
1999-11-26T00:00:00Z,1.0137000000
1999-11-29T00:00:00Z,1.0100000000
1999-11-30T00:00:00Z,1.0077000000
1999-12-01T00:00:00Z,1.0059000000
1999-12-02T00:00:00Z,1.0023000000
1999-12-03T00:00:00Z,1.0016000000
1999-12-06T00:00:00Z,1.0252000000
1999-12-07T00:00:00Z,1.0222000000
1999-12-08T00:00:00Z,1.0263000000
1999-12-09T00:00:00Z,1.0161000000
1999-12-10T00:00:00Z,1.0158000000
1999-12-13T00:00:00Z,1.0120000000
1999-12-14T00:00:00Z,1.0067000000
1999-12-15T00:00:00Z,1.0066000000
1999-12-16T00:00:00Z,1.0169000000
1999-12-17T00:00:00Z,1.0088000000
1999-12-20T00:00:00Z,1.0066000000
1999-12-21T00:00:00Z,1.0093000000
1999-12-22T00:00:00Z,1.0080000000
1999-12-23T00:00:00Z,1.0162000000
1999-12-24T00:00:00Z,1.0128000000
1999-12-27T00:00:00Z,1.0136000000
1999-12-28T00:00:00Z,1.0068000000
1999-12-29T00:00:00Z,1.0045000000
1999-12-30T00:00:00Z,1.0024000000
1999-12-31T00:00:00Z,1.0070000000
2000-01-03T00:00:00Z,1.0155000000
2000-01-04T00:00:00Z,1.0309000000
2000-01-05T00:00:00Z,1.0335000000
2000-01-06T00:00:00Z,1.0324000000
2000-01-07T00:00:00Z,1.0294000000
2000-01-10T00:00:00Z,1.0252000000
2000-01-11T00:00:00Z,1.0322000000
2000-01-12T00:00:00Z,1.0281000000
2000-01-13T00:00:00Z,1.0270000000
2000-01-14T00:00:00Z,1.0128000000
2000-01-18T00:00:00Z,1.0121000000
2000-01-19T00:00:00Z,1.0115000000
2000-01-20T00:00:00Z,1.0133000000
2000-01-21T00:00:00Z,1.0100000000
2000-01-24T00:00:00Z,1.0019000000
2000-01-25T00:00:00Z,1.0041000000
2000-01-26T00:00:00Z,1.0011000000
2000-01-27T00:00:00Z,0.9890000000
2000-01-28T00:00:00Z,0.9765000000
2000-01-31T00:00:00Z,0.9757000000
2000-02-01T00:00:00Z,0.9731000000
2000-02-02T00:00:00Z,0.9768000000
2000-02-03T00:00:00Z,0.9887000000
2000-02-04T00:00:00Z,0.9760000000
2000-02-07T00:00:00Z,0.9783000000
2000-02-08T00:00:00Z,0.9862000000
2000-02-09T00:00:00Z,0.9914000000
2000-02-10T00:00:00Z,0.9865000000
2000-02-11T00:00:00Z,0.9847000000
2000-02-14T00:00:00Z,0.9783000000
2000-02-15T00:00:00Z,0.9834000000
2000-02-16T00:00:00Z,0.9842000000
2000-02-17T00:00:00Z,0.9863000000
2000-02-18T00:00:00Z,0.9850000000
2000-02-22T00:00:00Z,1.0060000000
2000-02-23T00:00:00Z,1.0017000000
2000-02-24T00:00:00Z,0.9931000000
2000-02-25T00:00:00Z,0.9763000000
2000-02-28T00:00:00Z,0.9669000000
2000-02-29T00:00:00Z,0.9643000000
2000-03-01T00:00:00Z,0.9700000000
2000-03-02T00:00:00Z,0.9619000000
2000-03-03T00:00:00Z,0.9618000000
2000-03-06T00:00:00Z,0.9603000000
2000-03-07T00:00:00Z,0.9560000000
2000-03-08T00:00:00Z,0.9576000000
2000-03-09T00:00:00Z,0.9684000000
2000-03-10T00:00:00Z,0.9659000000
2000-03-13T00:00:00Z,0.9648000000
2000-03-14T00:00:00Z,0.9644000000
2000-03-15T00:00:00Z,0.9696000000
2000-03-16T00:00:00Z,0.9710000000
2000-03-17T00:00:00Z,0.9694000000
2000-03-20T00:00:00Z,0.9710000000
2000-03-21T00:00:00Z,0.9703000000
2000-03-22T00:00:00Z,0.9608000000
2000-03-23T00:00:00Z,0.9691000000
2000-03-24T00:00:00Z,0.9724000000
2000-03-27T00:00:00Z,0.9645000000
2000-03-28T00:00:00Z,0.9614000000
2000-03-29T00:00:00Z,0.9524000000
2000-03-30T00:00:00Z,0.9594000000
2000-03-31T00:00:00Z,0.9574000000
2000-04-03T00:00:00Z,0.9560000000
2000-04-04T00:00:00Z,0.9588000000
2000-04-05T00:00:00Z,0.9647000000
2000-04-06T00:00:00Z,0.9580000000
2000-04-07T00:00:00Z,0.9590000000
2000-04-10T00:00:00Z,0.9588000000
2000-04-11T00:00:00Z,0.9591000000
2000-04-12T00:00:00Z,0.9551000000
2000-04-13T00:00:00Z,0.9524000000
2000-04-14T00:00:00Z,0.9564000000
2000-04-17T00:00:00Z,0.9550000000
2000-04-18T00:00:00Z,0.9477000000
2000-04-19T00:00:00Z,0.9369000000
2000-04-20T00:00:00Z,0.9376000000
2000-04-21T00:00:00Z,0.9379000000
2000-04-24T00:00:00Z,0.9396000000
2000-04-25T00:00:00Z,0.9265000000
2000-04-26T00:00:00Z,0.9217000000
2000-04-27T00:00:00Z,0.9083000000
2000-04-28T00:00:00Z,0.9089000000
2000-05-01T00:00:00Z,0.9120000000
2000-05-02T00:00:00Z,0.9068000000
2000-05-03T00:00:00Z,0.8891000000
2000-05-04T00:00:00Z,0.8907000000
2000-05-05T00:00:00Z,0.8953000000
2000-05-08T00:00:00Z,0.8950000000
2000-05-09T00:00:00Z,0.9023000000
2000-05-10T00:00:00Z,0.9097000000
2000-05-11T00:00:00Z,0.9021000000
2000-05-12T00:00:00Z,0.9080000000
2000-05-15T00:00:00Z,0.9138000000
2000-05-16T00:00:00Z,0.9053000000
2000-05-17T00:00:00Z,0.8921000000
2000-05-18T00:00:00Z,0.8952000000
2000-05-19T00:00:00Z,0.8946000000
2000-05-22T00:00:00Z,0.9036000000
2000-05-23T00:00:00Z,0.9032000000
2000-05-24T00:00:00Z,0.9096000000
2000-05-25T00:00:00Z,0.9072000000
2000-05-26T00:00:00Z,0.9310000000
2000-05-30T00:00:00Z,0.9314000000
2000-05-31T00:00:00Z,0.9328000000
2000-06-01T00:00:00Z,0.9307000000
2000-06-02T00:00:00Z,0.9432000000
2000-06-05T00:00:00Z,0.9471000000
2000-06-06T00:00:00Z,0.9570000000
2000-06-07T00:00:00Z,0.9600000000
2000-06-08T00:00:00Z,0.9548000000
2000-06-09T00:00:00Z,0.9526000000
2000-06-12T00:00:00Z,0.9544000000
2000-06-13T00:00:00Z,0.9619000000
2000-06-14T00:00:00Z,0.9590000000
2000-06-15T00:00:00Z,0.9530000000
2000-06-16T00:00:00Z,0.9648000000
2000-06-19T00:00:00Z,0.9622000000
2000-06-20T00:00:00Z,0.9557000000
2000-06-21T00:00:00Z,0.9455000000
2000-06-22T00:00:00Z,0.9398000000
2000-06-23T00:00:00Z,0.9358000000
2000-06-26T00:00:00Z,0.9382000000
2000-06-27T00:00:00Z,0.9444000000
2000-06-28T00:00:00Z,0.9444000000
2000-06-29T00:00:00Z,0.9515000000
2000-06-30T00:00:00Z,0.9545000000
2000-07-03T00:00:00Z,0.9526000000
2000-07-05T00:00:00Z,0.9548000000
2000-07-06T00:00:00Z,0.9527000000
2000-07-07T00:00:00Z,0.9484000000
2000-07-10T00:00:00Z,0.9521000000
2000-07-11T00:00:00Z,0.9497000000
2000-07-12T00:00:00Z,0.9401000000
2000-07-13T00:00:00Z,0.9339000000
2000-07-14T00:00:00Z,0.9374000000
2000-07-17T00:00:00Z,0.9351000000
2000-07-18T00:00:00Z,0.9322000000
2000-07-19T00:00:00Z,0.9237000000
2000-07-20T00:00:00Z,0.9292000000
2000-07-21T00:00:00Z,0.9343000000
2000-07-24T00:00:00Z,0.9314000000
2000-07-25T00:00:00Z,0.9391000000
2000-07-26T00:00:00Z,0.9413000000
2000-07-27T00:00:00Z,0.9331000000
2000-07-28T00:00:00Z,0.9246000000
2000-07-31T00:00:00Z,0.9266000000
2000-08-01T00:00:00Z,0.9228000000
2000-08-02T00:00:00Z,0.9137000000
2000-08-03T00:00:00Z,0.9042000000
2000-08-04T00:00:00Z,0.9075000000
2000-08-07T00:00:00Z,0.9105000000
2000-08-08T00:00:00Z,0.9019000000
2000-08-09T00:00:00Z,0.8991000000
2000-08-10T00:00:00Z,0.9077000000
2000-08-11T00:00:00Z,0.9046000000
2000-08-14T00:00:00Z,0.9037000000
2000-08-15T00:00:00Z,0.9135000000
2000-08-16T00:00:00Z,0.9143000000
2000-08-17T00:00:00Z,0.9152000000
2000-08-18T00:00:00Z,0.9068000000
2000-08-21T00:00:00Z,0.9027000000
2000-08-22T00:00:00Z,0.8965000000
2000-08-23T00:00:00Z,0.8967000000
2000-08-24T00:00:00Z,0.9028000000
2000-08-25T00:00:00Z,0.9024000000
2000-08-28T00:00:00Z,0.9002000000
2000-08-29T00:00:00Z,0.8966000000
2000-08-30T00:00:00Z,0.8924000000
2000-08-31T00:00:00Z,0.8878000000
2000-09-01T00:00:00Z,0.8993000000
2000-09-05T00:00:00Z,0.8876000000
2000-09-06T00:00:00Z,0.8702000000
2000-09-07T00:00:00Z,0.8740000000
2000-09-08T00:00:00Z,0.8664000000
2000-09-11T00:00:00Z,0.8624000000
2000-09-12T00:00:00Z,0.8596000000
2000-09-13T00:00:00Z,0.8640000000
2000-09-14T00:00:00Z,0.8617000000
2000-09-15T00:00:00Z,0.8572000000
2000-09-18T00:00:00Z,0.8523000000
2000-09-19T00:00:00Z,0.8514000000
2000-09-20T00:00:00Z,0.8462000000
2000-09-21T00:00:00Z,0.8558000000
2000-09-22T00:00:00Z,0.8793000000
2000-09-25T00:00:00Z,0.8738000000
2000-09-26T00:00:00Z,0.8815000000
2000-09-27T00:00:00Z,0.8805000000
2000-09-28T00:00:00Z,0.8826000000
2000-09-29T00:00:00Z,0.8837000000
2000-10-02T00:00:00Z,0.8806000000
2000-10-03T00:00:00Z,0.8741000000
2000-10-04T00:00:00Z,0.8726000000
2000-10-05T00:00:00Z,0.8685000000
2000-10-06T00:00:00Z,0.8680000000
2000-10-10T00:00:00Z,0.8682000000
2000-10-11T00:00:00Z,0.8715000000
2000-10-12T00:00:00Z,0.8644000000
2000-10-13T00:00:00Z,0.8568000000
2000-10-16T00:00:00Z,0.8489000000
2000-10-17T00:00:00Z,0.8507000000
2000-10-18T00:00:00Z,0.8391000000
2000-10-19T00:00:00Z,0.8406000000
2000-10-20T00:00:00Z,0.8400000000
2000-10-23T00:00:00Z,0.8364000000
2000-10-24T00:00:00Z,0.8364000000
2000-10-25T00:00:00Z,0.8270000000
2000-10-26T00:00:00Z,0.8271000000
2000-10-27T00:00:00Z,0.8406000000
2000-10-30T00:00:00Z,0.8432000000
2000-10-31T00:00:00Z,0.8486000000
2000-11-01T00:00:00Z,0.8584000000
2000-11-02T00:00:00Z,0.8594000000
2000-11-03T00:00:00Z,0.8614000000
2000-11-06T00:00:00Z,0.8584000000
2000-11-07T00:00:00Z,0.8583000000
2000-11-08T00:00:00Z,0.8559000000
2000-11-09T00:00:00Z,0.8574000000
2000-11-10T00:00:00Z,0.8625000000
2000-11-13T00:00:00Z,0.8607000000
2000-11-14T00:00:00Z,0.8573000000
2000-11-15T00:00:00Z,0.8570000000
2000-11-16T00:00:00Z,0.8532000000
2000-11-17T00:00:00Z,0.8516000000
2000-11-20T00:00:00Z,0.8486000000
2000-11-21T00:00:00Z,0.8458000000
2000-11-22T00:00:00Z,0.8423000000
2000-11-24T00:00:00Z,0.8382000000
2000-11-27T00:00:00Z,0.8500000000
2000-11-28T00:00:00Z,0.8547000000
2000-11-29T00:00:00Z,0.8577000000
2000-11-30T00:00:00Z,0.8694000000
2000-12-01T00:00:00Z,0.8765000000
2000-12-04T00:00:00Z,0.8875000000
2000-12-05T00:00:00Z,0.8804000000
2000-12-06T00:00:00Z,0.8877000000
2000-12-07T00:00:00Z,0.8891000000
2000-12-08T00:00:00Z,0.8838000000
2000-12-11T00:00:00Z,0.8771000000
2000-12-12T00:00:00Z,0.8775000000
2000-12-13T00:00:00Z,0.8755000000
2000-12-14T00:00:00Z,0.8858000000
2000-12-15T00:00:00Z,0.8981000000
2000-12-18T00:00:00Z,0.8929000000
2000-12-19T00:00:00Z,0.8902000000
2000-12-20T00:00:00Z,0.9058000000
2000-12-21T00:00:00Z,0.9112000000
2000-12-22T00:00:00Z,0.9230000000
2000-12-26T00:00:00Z,0.9292000000
2000-12-27T00:00:00Z,0.9304000000
2000-12-28T00:00:00Z,0.9257000000
2000-12-29T00:00:00Z,0.9388000000
2001-01-02T00:00:00Z,0.9465000000
2001-01-03T00:00:00Z,0.9473000000
2001-01-04T00:00:00Z,0.9448000000
2001-01-05T00:00:00Z,0.9535000000
2001-01-08T00:00:00Z,0.9486000000
2001-01-09T00:00:00Z,0.9397000000
2001-01-10T00:00:00Z,0.9387000000
2001-01-11T00:00:00Z,0.9520000000
2001-01-12T00:00:00Z,0.9486000000
2001-01-16T00:00:00Z,0.9374000000
2001-01-17T00:00:00Z,0.9306000000
2001-01-18T00:00:00Z,0.9446000000
2001-01-19T00:00:00Z,0.9363000000
2001-01-22T00:00:00Z,0.9374000000
2001-01-23T00:00:00Z,0.9389000000
2001-01-24T00:00:00Z,0.9258000000
2001-01-25T00:00:00Z,0.9219000000
2001-01-26T00:00:00Z,0.9213000000
2001-01-29T00:00:00Z,0.9181000000
2001-01-30T00:00:00Z,0.9264000000
2001-01-31T00:00:00Z,0.9308000000
2001-02-01T00:00:00Z,0.9384000000
2001-02-02T00:00:00Z,0.9357000000
2001-02-05T00:00:00Z,0.9395000000
2001-02-06T00:00:00Z,0.9304000000
2001-02-07T00:00:00Z,0.9331000000
2001-02-08T00:00:00Z,0.9184000000
2001-02-09T00:00:00Z,0.9267000000
2001-02-12T00:00:00Z,0.9287000000
2001-02-13T00:00:00Z,0.9204000000
2001-02-14T00:00:00Z,0.9197000000
2001-02-15T00:00:00Z,0.9057000000
2001-02-16T00:00:00Z,0.9162000000
2001-02-20T00:00:00Z,0.9096000000
2001-02-21T00:00:00Z,0.9077000000
2001-02-22T00:00:00Z,0.9069000000
2001-02-23T00:00:00Z,0.9095000000
2001-02-26T00:00:00Z,0.9093000000
2001-02-27T00:00:00Z,0.9128000000
2001-02-28T00:00:00Z,0.9212000000
2001-03-01T00:00:00Z,0.9291000000
2001-03-02T00:00:00Z,0.9340000000
2001-03-05T00:00:00Z,0.9289000000
2001-03-06T00:00:00Z,0.9313000000
2001-03-07T00:00:00Z,0.9274000000
2001-03-08T00:00:00Z,0.9281000000
2001-03-09T00:00:00Z,0.9315000000
2001-03-12T00:00:00Z,0.9300000000
2001-03-13T00:00:00Z,0.9148000000
2001-03-14T00:00:00Z,0.9133000000
2001-03-15T00:00:00Z,0.9046000000
2001-03-16T00:00:00Z,0.8929000000
2001-03-19T00:00:00Z,0.8985000000
2001-03-20T00:00:00Z,0.9054000000
2001-03-21T00:00:00Z,0.8970000000
2001-03-22T00:00:00Z,0.8881000000
2001-03-23T00:00:00Z,0.8926000000
2001-03-26T00:00:00Z,0.8955000000
2001-03-27T00:00:00Z,0.8910000000
2001-03-28T00:00:00Z,0.8882000000
2001-03-29T00:00:00Z,0.8807000000
2001-03-30T00:00:00Z,0.8794000000
2001-04-02T00:00:00Z,0.8824000000
2001-04-03T00:00:00Z,0.8930000000
2001-04-04T00:00:00Z,0.9013000000
2001-04-05T00:00:00Z,0.8976000000
2001-04-06T00:00:00Z,0.9002000000
2001-04-09T00:00:00Z,0.9014000000
2001-04-10T00:00:00Z,0.8884000000
2001-04-11T00:00:00Z,0.8856000000
2001-04-12T00:00:00Z,0.8922000000
2001-04-13T00:00:00Z,0.8888000000
2001-04-16T00:00:00Z,0.8862000000
2001-04-17T00:00:00Z,0.8814000000
2001-04-18T00:00:00Z,0.8816000000
2001-04-19T00:00:00Z,0.8909000000
2001-04-20T00:00:00Z,0.9032000000
2001-04-23T00:00:00Z,0.8960000000
2001-04-24T00:00:00Z,0.8946000000
2001-04-25T00:00:00Z,0.8972000000
2001-04-26T00:00:00Z,0.9011000000
2001-04-27T00:00:00Z,0.8924000000
2001-04-30T00:00:00Z,0.8874000000
2001-05-01T00:00:00Z,0.8937000000
2001-05-02T00:00:00Z,0.8925000000
2001-05-03T00:00:00Z,0.8891000000
2001-05-04T00:00:00Z,0.8934000000
2001-05-07T00:00:00Z,0.8916000000
2001-05-08T00:00:00Z,0.8848000000
2001-05-09T00:00:00Z,0.8845000000
2001-05-10T00:00:00Z,0.8792000000
2001-05-11T00:00:00Z,0.8759000000
2001-05-14T00:00:00Z,0.8748000000
2001-05-15T00:00:00Z,0.8788000000
2001-05-16T00:00:00Z,0.8842000000
2001-05-17T00:00:00Z,0.8828000000
2001-05-18T00:00:00Z,0.8774000000
2001-05-21T00:00:00Z,0.8762000000
2001-05-22T00:00:00Z,0.8657000000
2001-05-23T00:00:00Z,0.8598000000
2001-05-24T00:00:00Z,0.8570000000
2001-05-25T00:00:00Z,0.8577000000
2001-05-29T00:00:00Z,0.8547000000
2001-05-30T00:00:00Z,0.8576000000
2001-05-31T00:00:00Z,0.8455000000
2001-06-01T00:00:00Z,0.8452000000
2001-06-04T00:00:00Z,0.8449000000
2001-06-05T00:00:00Z,0.8504000000
2001-06-06T00:00:00Z,0.8452000000
2001-06-07T00:00:00Z,0.8506000000
2001-06-08T00:00:00Z,0.8505000000
2001-06-11T00:00:00Z,0.8425000000
2001-06-12T00:00:00Z,0.8479000000
2001-06-13T00:00:00Z,0.8536000000
2001-06-14T00:00:00Z,0.8598000000
2001-06-15T00:00:00Z,0.8628000000
2001-06-18T00:00:00Z,0.8610000000
2001-06-19T00:00:00Z,0.8558000000
2001-06-20T00:00:00Z,0.8506000000
2001-06-21T00:00:00Z,0.8544000000
2001-06-22T00:00:00Z,0.8570000000
2001-06-25T00:00:00Z,0.8611000000
2001-06-26T00:00:00Z,0.8623000000
2001-06-27T00:00:00Z,0.8621000000
2001-06-28T00:00:00Z,0.8470000000
2001-06-29T00:00:00Z,0.8474000000
2001-07-02T00:00:00Z,0.8455000000
2001-07-03T00:00:00Z,0.8477000000
2001-07-05T00:00:00Z,0.8370000000
2001-07-06T00:00:00Z,0.8465000000
2001-07-09T00:00:00Z,0.8474000000
2001-07-10T00:00:00Z,0.8557000000
2001-07-11T00:00:00Z,0.8614000000
2001-07-12T00:00:00Z,0.8530000000
2001-07-13T00:00:00Z,0.8527000000
2001-07-16T00:00:00Z,0.8549000000
2001-07-17T00:00:00Z,0.8549000000
2001-07-18T00:00:00Z,0.8701000000
2001-07-19T00:00:00Z,0.8690000000
2001-07-20T00:00:00Z,0.8713000000
2001-07-23T00:00:00Z,0.8676000000
2001-07-24T00:00:00Z,0.8752000000
2001-07-25T00:00:00Z,0.8797000000
2001-07-26T00:00:00Z,0.8765000000
2001-07-27T00:00:00Z,0.8749000000
2001-07-30T00:00:00Z,0.8750000000
2001-07-31T00:00:00Z,0.8752000000
2001-08-01T00:00:00Z,0.8793000000
2001-08-02T00:00:00Z,0.8813000000
2001-08-03T00:00:00Z,0.8843000000
2001-08-06T00:00:00Z,0.8802000000
2001-08-07T00:00:00Z,0.8775000000
2001-08-08T00:00:00Z,0.8778000000
2001-08-09T00:00:00Z,0.8886000000
2001-08-10T00:00:00Z,0.8940000000
2001-08-13T00:00:00Z,0.8983000000
2001-08-14T00:00:00Z,0.9025000000
2001-08-15T00:00:00Z,0.9114000000
2001-08-16T00:00:00Z,0.9138000000
2001-08-17T00:00:00Z,0.9165000000
2001-08-20T00:00:00Z,0.9127000000
2001-08-21T00:00:00Z,0.9115000000
2001-08-22T00:00:00Z,0.9194000000
2001-08-23T00:00:00Z,0.9166000000
2001-08-24T00:00:00Z,0.9116000000
2001-08-27T00:00:00Z,0.9098000000
2001-08-28T00:00:00Z,0.9102000000
2001-08-29T00:00:00Z,0.9097000000
2001-08-30T00:00:00Z,0.9154000000
2001-08-31T00:00:00Z,0.9090000000
2001-09-04T00:00:00Z,0.8868000000
2001-09-05T00:00:00Z,0.8897000000
2001-09-06T00:00:00Z,0.8943000000
2001-09-07T00:00:00Z,0.9044000000
2001-09-10T00:00:00Z,0.8988000000
2001-09-12T00:00:00Z,0.9069000000
2001-09-13T00:00:00Z,0.9089000000
2001-09-14T00:00:00Z,0.9199000000
2001-09-17T00:00:00Z,0.9198000000
2001-09-18T00:00:00Z,0.9233000000
2001-09-19T00:00:00Z,0.9310000000
2001-09-20T00:00:00Z,0.9255000000
2001-09-21T00:00:00Z,0.9099000000
2001-09-24T00:00:00Z,0.9135000000
2001-09-25T00:00:00Z,0.9222000000
2001-09-26T00:00:00Z,0.9231000000
2001-09-27T00:00:00Z,0.9181000000
2001-09-28T00:00:00Z,0.9099000000
2001-10-01T00:00:00Z,0.9159000000
2001-10-02T00:00:00Z,0.9149000000
2001-10-03T00:00:00Z,0.9181000000
2001-10-04T00:00:00Z,0.9141000000
2001-10-05T00:00:00Z,0.9168000000
2001-10-09T00:00:00Z,0.9150000000
2001-10-10T00:00:00Z,0.9118000000
2001-10-11T00:00:00Z,0.9008000000
2001-10-12T00:00:00Z,0.9078000000
2001-10-15T00:00:00Z,0.9077000000
2001-10-16T00:00:00Z,0.9094000000
2001-10-17T00:00:00Z,0.9065000000
2001-10-18T00:00:00Z,0.9025000000
2001-10-19T00:00:00Z,0.8987000000
2001-10-22T00:00:00Z,0.8906000000
2001-10-23T00:00:00Z,0.8893000000
2001-10-24T00:00:00Z,0.8925000000
2001-10-25T00:00:00Z,0.8965000000
2001-10-26T00:00:00Z,0.8921000000
2001-10-29T00:00:00Z,0.9037000000
2001-10-30T00:00:00Z,0.9060000000
2001-10-31T00:00:00Z,0.8993000000
2001-11-01T00:00:00Z,0.9044000000
2001-11-02T00:00:00Z,0.9037000000
2001-11-05T00:00:00Z,0.8963000000
2001-11-06T00:00:00Z,0.8975000000
2001-11-07T00:00:00Z,0.8999000000
2001-11-08T00:00:00Z,0.8910000000
2001-11-09T00:00:00Z,0.8935000000
2001-11-13T00:00:00Z,0.8811000000
2001-11-14T00:00:00Z,0.8829000000
2001-11-15T00:00:00Z,0.8813000000
2001-11-16T00:00:00Z,0.8849000000
2001-11-19T00:00:00Z,0.8781000000
2001-11-20T00:00:00Z,0.8832000000
2001-11-21T00:00:00Z,0.8781000000
2001-11-23T00:00:00Z,0.8770000000
2001-11-26T00:00:00Z,0.8811000000
2001-11-27T00:00:00Z,0.8812000000
2001-11-28T00:00:00Z,0.8863000000
2001-11-29T00:00:00Z,0.8879000000
2001-11-30T00:00:00Z,0.8958000000
2001-12-03T00:00:00Z,0.8897000000
2001-12-04T00:00:00Z,0.8898000000
2001-12-05T00:00:00Z,0.8856000000
2001-12-06T00:00:00Z,0.8916000000
2001-12-07T00:00:00Z,0.8905000000
2001-12-10T00:00:00Z,0.8884000000
2001-12-11T00:00:00Z,0.8904000000
2001-12-12T00:00:00Z,0.8945000000
2001-12-13T00:00:00Z,0.8976000000
2001-12-14T00:00:00Z,0.9044000000
2001-12-17T00:00:00Z,0.9040000000
2001-12-18T00:00:00Z,0.9019000000
2001-12-19T00:00:00Z,0.8997000000
2001-12-20T00:00:00Z,0.8972000000
2001-12-21T00:00:00Z,0.8864000000
2001-12-24T00:00:00Z,0.8773000000
2001-12-26T00:00:00Z,0.8778000000
2001-12-27T00:00:00Z,0.8843000000
2001-12-28T00:00:00Z,0.8822000000
2001-12-31T00:00:00Z,0.8901000000
2002-01-02T00:00:00Z,0.9031000000
2002-01-03T00:00:00Z,0.8992000000
2002-01-04T00:00:00Z,0.8946000000
2002-01-07T00:00:00Z,0.8931000000
2002-01-08T00:00:00Z,0.8925000000
2002-01-09T00:00:00Z,0.8882000000
2002-01-10T00:00:00Z,0.8925000000
2002-01-11T00:00:00Z,0.8905000000
2002-01-14T00:00:00Z,0.8935000000
2002-01-15T00:00:00Z,0.8913000000
2002-01-16T00:00:00Z,0.8834000000
2002-01-17T00:00:00Z,0.8800000000
2002-01-18T00:00:00Z,0.8844000000
2002-01-22T00:00:00Z,0.8838000000
2002-01-23T00:00:00Z,0.8836000000
2002-01-24T00:00:00Z,0.8782000000
2002-01-25T00:00:00Z,0.8655000000
2002-01-28T00:00:00Z,0.8605000000
2002-01-29T00:00:00Z,0.8643000000
2002-01-30T00:00:00Z,0.8648000000
2002-01-31T00:00:00Z,0.8594000000
2002-02-01T00:00:00Z,0.8613000000
2002-02-04T00:00:00Z,0.8685000000
2002-02-05T00:00:00Z,0.8672000000
2002-02-06T00:00:00Z,0.8693000000
2002-02-07T00:00:00Z,0.8690000000
2002-02-08T00:00:00Z,0.8727000000
2002-02-11T00:00:00Z,0.8778000000
2002-02-12T00:00:00Z,0.8768000000
2002-02-13T00:00:00Z,0.8730000000
2002-02-14T00:00:00Z,0.8713000000
2002-02-15T00:00:00Z,0.8730000000
2002-02-19T00:00:00Z,0.8764000000
2002-02-20T00:00:00Z,0.8705000000
2002-02-21T00:00:00Z,0.8712000000
2002-02-22T00:00:00Z,0.8757000000
2002-02-25T00:00:00Z,0.8713000000
2002-02-26T00:00:00Z,0.8682000000
2002-02-27T00:00:00Z,0.8642000000
2002-02-28T00:00:00Z,0.8658000000
2002-03-01T00:00:00Z,0.8652000000
2002-03-04T00:00:00Z,0.8705000000
2002-03-05T00:00:00Z,0.8699000000
2002-03-06T00:00:00Z,0.8772000000
2002-03-07T00:00:00Z,0.8795000000
2002-03-08T00:00:00Z,0.8752000000
2002-03-11T00:00:00Z,0.8768000000
2002-03-12T00:00:00Z,0.8759000000
2002-03-13T00:00:00Z,0.8770000000
2002-03-14T00:00:00Z,0.8816000000
2002-03-15T00:00:00Z,0.8823000000
2002-03-18T00:00:00Z,0.8826000000
2002-03-19T00:00:00Z,0.8805000000
2002-03-20T00:00:00Z,0.8836000000
2002-03-21T00:00:00Z,0.8836000000
2002-03-22T00:00:00Z,0.8791000000
2002-03-25T00:00:00Z,0.8768000000
2002-03-26T00:00:00Z,0.8767000000
2002-03-27T00:00:00Z,0.8726000000
2002-03-28T00:00:00Z,0.8711000000
2002-03-29T00:00:00Z,0.8717000000
2002-04-01T00:00:00Z,0.8806000000
2002-04-02T00:00:00Z,0.8782000000
2002-04-03T00:00:00Z,0.8804000000
2002-04-04T00:00:00Z,0.8779000000
2002-04-05T00:00:00Z,0.8805000000
2002-04-08T00:00:00Z,0.8750000000
2002-04-09T00:00:00Z,0.8793000000
2002-04-10T00:00:00Z,0.8794000000
2002-04-11T00:00:00Z,0.8829000000
2002-04-12T00:00:00Z,0.8792000000
2002-04-15T00:00:00Z,0.8802000000
2002-04-16T00:00:00Z,0.8830000000
2002-04-17T00:00:00Z,0.8885000000
2002-04-18T00:00:00Z,0.8898000000
2002-04-19T00:00:00Z,0.8893000000
2002-04-22T00:00:00Z,0.8877000000
2002-04-23T00:00:00Z,0.8897000000
2002-04-24T00:00:00Z,0.8915000000
2002-04-25T00:00:00Z,0.8978000000
2002-04-26T00:00:00Z,0.8980000000
2002-04-29T00:00:00Z,0.9028000000
2002-04-30T00:00:00Z,0.9002000000
2002-05-01T00:00:00Z,0.9062000000
2002-05-02T00:00:00Z,0.9032000000
2002-05-03T00:00:00Z,0.9133000000
2002-05-06T00:00:00Z,0.9166000000
2002-05-07T00:00:00Z,0.9148000000
2002-05-08T00:00:00Z,0.9040000000
2002-05-09T00:00:00Z,0.9088000000
2002-05-10T00:00:00Z,0.9116000000
2002-05-13T00:00:00Z,0.9107000000
2002-05-14T00:00:00Z,0.9022000000
2002-05-15T00:00:00Z,0.9074000000
2002-05-16T00:00:00Z,0.9105000000
2002-05-17T00:00:00Z,0.9206000000
2002-05-20T00:00:00Z,0.9213000000
2002-05-21T00:00:00Z,0.9191000000
2002-05-22T00:00:00Z,0.9265000000
2002-05-23T00:00:00Z,0.9233000000
2002-05-24T00:00:00Z,0.9220000000
2002-05-28T00:00:00Z,0.9285000000
2002-05-29T00:00:00Z,0.9313000000
2002-05-30T00:00:00Z,0.9373000000
2002-05-31T00:00:00Z,0.9339000000
2002-06-03T00:00:00Z,0.9390000000
2002-06-04T00:00:00Z,0.9424000000
2002-06-05T00:00:00Z,0.9391000000
2002-06-06T00:00:00Z,0.9457000000
2002-06-07T00:00:00Z,0.9449000000
2002-06-10T00:00:00Z,0.9446000000
2002-06-11T00:00:00Z,0.9445000000
2002-06-12T00:00:00Z,0.9473000000
2002-06-13T00:00:00Z,0.9440000000
2002-06-14T00:00:00Z,0.9448000000
2002-06-17T00:00:00Z,0.9442000000
2002-06-18T00:00:00Z,0.9483000000
2002-06-19T00:00:00Z,0.9544000000
2002-06-20T00:00:00Z,0.9646000000
2002-06-21T00:00:00Z,0.9705000000
2002-06-24T00:00:00Z,0.9786000000
2002-06-25T00:00:00Z,0.9692000000
2002-06-26T00:00:00Z,0.9825000000
2002-06-27T00:00:00Z,0.9885000000
2002-06-28T00:00:00Z,0.9856000000
2002-07-01T00:00:00Z,0.9893000000
2002-07-02T00:00:00Z,0.9840000000
2002-07-03T00:00:00Z,0.9816000000
2002-07-05T00:00:00Z,0.9730000000
2002-07-08T00:00:00Z,0.9869000000
2002-07-09T00:00:00Z,0.9938000000
2002-07-10T00:00:00Z,0.9890000000
2002-07-11T00:00:00Z,0.9927000000
2002-07-12T00:00:00Z,0.9904000000
2002-07-15T00:00:00Z,1.0072000000
2002-07-16T00:00:00Z,1.0087000000
2002-07-17T00:00:00Z,1.0078000000
2002-07-18T00:00:00Z,1.0067000000
2002-07-19T00:00:00Z,1.0156000000
2002-07-22T00:00:00Z,1.0098000000
2002-07-23T00:00:00Z,0.9933000000
2002-07-24T00:00:00Z,0.9945000000
2002-07-25T00:00:00Z,0.9997000000
2002-07-26T00:00:00Z,0.9882000000
2002-07-29T00:00:00Z,0.9779000000
2002-07-30T00:00:00Z,0.9879000000
2002-07-31T00:00:00Z,0.9796000000
2002-08-01T00:00:00Z,0.9843000000
2002-08-02T00:00:00Z,0.9882000000
2002-08-05T00:00:00Z,0.9846000000
2002-08-06T00:00:00Z,0.9640000000
2002-08-07T00:00:00Z,0.9738000000
2002-08-08T00:00:00Z,0.9653000000
2002-08-09T00:00:00Z,0.9714000000
2002-08-12T00:00:00Z,0.9778000000
2002-08-13T00:00:00Z,0.9787000000
2002-08-14T00:00:00Z,0.9867000000
2002-08-15T00:00:00Z,0.9816000000
2002-08-16T00:00:00Z,0.9836000000
2002-08-19T00:00:00Z,0.9775000000
2002-08-20T00:00:00Z,0.9779000000
2002-08-21T00:00:00Z,0.9796000000
2002-08-22T00:00:00Z,0.9697000000
2002-08-23T00:00:00Z,0.9726000000
2002-08-26T00:00:00Z,0.9731000000
2002-08-27T00:00:00Z,0.9814000000
2002-08-28T00:00:00Z,0.9820000000
2002-08-29T00:00:00Z,0.9829000000
2002-08-30T00:00:00Z,0.9806000000
2002-09-03T00:00:00Z,0.9959000000
2002-09-04T00:00:00Z,0.9923000000
2002-09-05T00:00:00Z,0.9911000000
2002-09-06T00:00:00Z,0.9843000000
2002-09-09T00:00:00Z,0.9817000000
2002-09-10T00:00:00Z,0.9752000000
2002-09-11T00:00:00Z,0.9724000000
2002-09-12T00:00:00Z,0.9761000000
2002-09-13T00:00:00Z,0.9743000000
2002-09-16T00:00:00Z,0.9723000000
2002-09-17T00:00:00Z,0.9685000000
2002-09-18T00:00:00Z,0.9789000000
2002-09-19T00:00:00Z,0.9817000000
2002-09-20T00:00:00Z,0.9839000000
2002-09-23T00:00:00Z,0.9822000000
2002-09-24T00:00:00Z,0.9815000000
2002-09-25T00:00:00Z,0.9797000000
2002-09-26T00:00:00Z,0.9755000000
2002-09-27T00:00:00Z,0.9772000000
2002-09-30T00:00:00Z,0.9879000000
2002-10-01T00:00:00Z,0.9859000000
2002-10-02T00:00:00Z,0.9842000000
2002-10-03T00:00:00Z,0.9871000000
2002-10-04T00:00:00Z,0.9821000000
2002-10-07T00:00:00Z,0.9816000000
2002-10-08T00:00:00Z,0.9796000000
2002-10-09T00:00:00Z,0.9868000000
2002-10-10T00:00:00Z,0.9861000000
2002-10-11T00:00:00Z,0.9854000000
2002-10-15T00:00:00Z,0.9810000000
2002-10-16T00:00:00Z,0.9824000000
2002-10-17T00:00:00Z,0.9718000000
2002-10-18T00:00:00Z,0.9708000000
2002-10-21T00:00:00Z,0.9732000000
2002-10-22T00:00:00Z,0.9782000000
2002-10-23T00:00:00Z,0.9772000000
2002-10-24T00:00:00Z,0.9742000000
2002-10-25T00:00:00Z,0.9767000000
2002-10-28T00:00:00Z,0.9843000000
2002-10-29T00:00:00Z,0.9851000000
2002-10-30T00:00:00Z,0.9835000000
2002-10-31T00:00:00Z,0.9881000000
2002-11-01T00:00:00Z,0.9971000000
2002-11-04T00:00:00Z,0.9953000000
2002-11-05T00:00:00Z,0.9994000000
2002-11-06T00:00:00Z,0.9974000000
2002-11-07T00:00:00Z,1.0092000000
2002-11-08T00:00:00Z,1.0139000000
2002-11-12T00:00:00Z,1.0105000000
2002-11-13T00:00:00Z,1.0060000000
2002-11-14T00:00:00Z,1.0034000000
2002-11-15T00:00:00Z,1.0082000000
2002-11-18T00:00:00Z,1.0083000000
2002-11-19T00:00:00Z,1.0107000000
2002-11-20T00:00:00Z,1.0024000000
2002-11-21T00:00:00Z,0.9984000000
2002-11-22T00:00:00Z,0.9966000000
2002-11-25T00:00:00Z,0.9937000000
2002-11-26T00:00:00Z,0.9913000000
2002-11-27T00:00:00Z,0.9895000000
2002-11-29T00:00:00Z,0.9932000000
2002-12-02T00:00:00Z,0.9927000000
2002-12-03T00:00:00Z,0.9968000000
2002-12-04T00:00:00Z,0.9999000000
2002-12-05T00:00:00Z,0.9989000000
2002-12-06T00:00:00Z,1.0081000000
2002-12-09T00:00:00Z,1.0088000000
2002-12-10T00:00:00Z,1.0073000000
2002-12-11T00:00:00Z,1.0083000000
2002-12-12T00:00:00Z,1.0189000000
2002-12-13T00:00:00Z,1.0226000000
2002-12-16T00:00:00Z,1.0210000000
2002-12-17T00:00:00Z,1.0267000000
2002-12-18T00:00:00Z,1.0254000000
2002-12-19T00:00:00Z,1.0217000000
2002-12-20T00:00:00Z,1.0268000000
2002-12-23T00:00:00Z,1.0217000000
2002-12-24T00:00:00Z,1.0305000000
2002-12-26T00:00:00Z,1.0358000000
2002-12-27T00:00:00Z,1.0411000000
2002-12-30T00:00:00Z,1.0460000000
2002-12-31T00:00:00Z,1.0485000000
2003-01-02T00:00:00Z,1.0361000000
2003-01-03T00:00:00Z,1.0418000000
2003-01-06T00:00:00Z,1.0469000000
2003-01-07T00:00:00Z,1.0419000000
2003-01-08T00:00:00Z,1.0447000000
2003-01-09T00:00:00Z,1.0467000000
2003-01-10T00:00:00Z,1.0535000000
2003-01-13T00:00:00Z,1.0535000000
2003-01-14T00:00:00Z,1.0571000000
2003-01-15T00:00:00Z,1.0576000000
2003-01-16T00:00:00Z,1.0569000000
2003-01-17T00:00:00Z,1.0660000000
2003-01-21T00:00:00Z,1.0677000000
2003-01-22T00:00:00Z,1.0729000000
2003-01-23T00:00:00Z,1.0767000000
2003-01-24T00:00:00Z,1.0825000000
2003-01-27T00:00:00Z,1.0838000000
2003-01-28T00:00:00Z,1.0833000000
2003-01-29T00:00:00Z,1.0861000000
2003-01-30T00:00:00Z,1.0776000000
2003-01-31T00:00:00Z,1.0739000000
2003-02-03T00:00:00Z,1.0761000000
2003-02-04T00:00:00Z,1.0875000000
2003-02-05T00:00:00Z,1.0842000000
2003-02-06T00:00:00Z,1.0828000000
2003-02-07T00:00:00Z,1.0801000000
2003-02-10T00:00:00Z,1.0740000000
2003-02-11T00:00:00Z,1.0747000000
2003-02-12T00:00:00Z,1.0716000000
2003-02-13T00:00:00Z,1.0834000000
2003-02-14T00:00:00Z,1.0799000000
2003-02-18T00:00:00Z,1.0708000000
2003-02-19T00:00:00Z,1.0744000000
2003-02-20T00:00:00Z,1.0821000000
2003-02-21T00:00:00Z,1.0787000000
2003-02-24T00:00:00Z,1.0783000000
2003-02-25T00:00:00Z,1.0782000000
2003-02-26T00:00:00Z,1.0797000000
2003-02-27T00:00:00Z,1.0763000000
2003-02-28T00:00:00Z,1.0779000000
2003-03-03T00:00:00Z,1.0835000000
2003-03-04T00:00:00Z,1.0883000000
2003-03-05T00:00:00Z,1.0967000000
2003-03-06T00:00:00Z,1.0997000000
2003-03-07T00:00:00Z,1.1014000000
2003-03-10T00:00:00Z,1.1062000000
2003-03-11T00:00:00Z,1.1028000000
2003-03-12T00:00:00Z,1.1023000000
2003-03-13T00:00:00Z,1.0870000000
2003-03-14T00:00:00Z,1.0725000000
2003-03-17T00:00:00Z,1.0606000000
2003-03-18T00:00:00Z,1.0624000000
2003-03-19T00:00:00Z,1.0590000000
2003-03-20T00:00:00Z,1.0613000000
2003-03-21T00:00:00Z,1.0545000000
2003-03-24T00:00:00Z,1.0644000000
2003-03-25T00:00:00Z,1.0673000000
2003-03-26T00:00:00Z,1.0677000000
2003-03-27T00:00:00Z,1.0708000000
2003-03-28T00:00:00Z,1.0762000000
2003-03-31T00:00:00Z,1.0900000000
2003-04-01T00:00:00Z,1.0904000000
2003-04-02T00:00:00Z,1.0765000000
2003-04-03T00:00:00Z,1.0736000000
2003-04-04T00:00:00Z,1.0711000000
2003-04-07T00:00:00Z,1.0621000000
2003-04-08T00:00:00Z,1.0684000000
2003-04-09T00:00:00Z,1.0722000000
2003-04-10T00:00:00Z,1.0803000000
2003-04-11T00:00:00Z,1.0751000000
2003-04-14T00:00:00Z,1.0773000000
2003-04-15T00:00:00Z,1.0801000000
2003-04-16T00:00:00Z,1.0872000000
2003-04-17T00:00:00Z,1.0907000000
2003-04-18T00:00:00Z,1.0882000000
2003-04-21T00:00:00Z,1.0857000000
2003-04-22T00:00:00Z,1.0966000000
2003-04-23T00:00:00Z,1.0949000000
2003-04-24T00:00:00Z,1.1039000000
2003-04-25T00:00:00Z,1.1040000000
2003-04-28T00:00:00Z,1.0999000000
2003-04-29T00:00:00Z,1.1010000000
2003-04-30T00:00:00Z,1.1180000000
2003-05-01T00:00:00Z,1.1238000000
2003-05-02T00:00:00Z,1.1200000000
2003-05-05T00:00:00Z,1.1271000000
2003-05-06T00:00:00Z,1.1354000000
2003-05-07T00:00:00Z,1.1340000000
2003-05-08T00:00:00Z,1.1453000000
2003-05-09T00:00:00Z,1.1498000000
2003-05-12T00:00:00Z,1.1557000000
2003-05-13T00:00:00Z,1.1499000000
2003-05-14T00:00:00Z,1.1498000000
2003-05-15T00:00:00Z,1.1457000000
2003-05-16T00:00:00Z,1.1542000000
2003-05-19T00:00:00Z,1.1686000000
2003-05-20T00:00:00Z,1.1685000000
2003-05-21T00:00:00Z,1.1707000000
2003-05-22T00:00:00Z,1.1700000000
2003-05-23T00:00:00Z,1.1786000000
2003-05-27T00:00:00Z,1.1853000000
2003-05-28T00:00:00Z,1.1742000000
2003-05-29T00:00:00Z,1.1835000000
2003-05-30T00:00:00Z,1.1766000000
2003-06-02T00:00:00Z,1.1744000000
2003-06-03T00:00:00Z,1.1702000000
2003-06-04T00:00:00Z,1.1708000000
2003-06-05T00:00:00Z,1.1870000000
2003-06-06T00:00:00Z,1.1695000000
2003-06-09T00:00:00Z,1.1743000000
2003-06-10T00:00:00Z,1.1686000000
2003-06-11T00:00:00Z,1.1764000000
2003-06-12T00:00:00Z,1.1767000000
2003-06-13T00:00:00Z,1.1830000000
2003-06-16T00:00:00Z,1.1843000000
2003-06-17T00:00:00Z,1.1812000000
2003-06-18T00:00:00Z,1.1710000000
2003-06-19T00:00:00Z,1.1678000000
2003-06-20T00:00:00Z,1.1616000000
2003-06-23T00:00:00Z,1.1548000000
2003-06-24T00:00:00Z,1.1498000000
2003-06-25T00:00:00Z,1.1592000000
2003-06-26T00:00:00Z,1.1429000000
2003-06-27T00:00:00Z,1.1423000000
2003-06-30T00:00:00Z,1.1502000000
2003-07-01T00:00:00Z,1.1580000000
2003-07-02T00:00:00Z,1.1524000000
2003-07-03T00:00:00Z,1.1503000000
2003-07-07T00:00:00Z,1.1341000000
2003-07-08T00:00:00Z,1.1265000000
2003-07-09T00:00:00Z,1.1311000000
2003-07-10T00:00:00Z,1.1390000000
2003-07-11T00:00:00Z,1.1304000000
2003-07-14T00:00:00Z,1.1298000000
2003-07-15T00:00:00Z,1.1233000000
2003-07-16T00:00:00Z,1.1209000000
2003-07-17T00:00:00Z,1.1164000000
2003-07-18T00:00:00Z,1.1239000000
2003-07-21T00:00:00Z,1.1346000000
2003-07-22T00:00:00Z,1.1325000000
2003-07-23T00:00:00Z,1.1484000000
2003-07-24T00:00:00Z,1.1441000000
2003-07-25T00:00:00Z,1.1513000000
2003-07-28T00:00:00Z,1.1497000000
2003-07-29T00:00:00Z,1.1466000000
2003-07-30T00:00:00Z,1.1367000000
2003-07-31T00:00:00Z,1.1231000000
2003-08-01T00:00:00Z,1.1252000000
2003-08-04T00:00:00Z,1.1337000000
2003-08-05T00:00:00Z,1.1349000000
2003-08-06T00:00:00Z,1.1357000000
2003-08-07T00:00:00Z,1.1390000000
2003-08-08T00:00:00Z,1.1321000000
2003-08-11T00:00:00Z,1.1349000000
2003-08-12T00:00:00Z,1.1304000000
2003-08-13T00:00:00Z,1.1317000000
2003-08-14T00:00:00Z,1.1249000000
2003-08-15T00:00:00Z,1.1255000000
2003-08-18T00:00:00Z,1.1138000000
2003-08-19T00:00:00Z,1.1117000000
2003-08-20T00:00:00Z,1.1104000000
2003-08-21T00:00:00Z,1.0976000000
2003-08-22T00:00:00Z,1.0871000000
2003-08-25T00:00:00Z,1.0892000000
2003-08-26T00:00:00Z,1.0893000000
2003-08-27T00:00:00Z,1.0906000000
2003-08-28T00:00:00Z,1.0896000000
2003-08-29T00:00:00Z,1.0986000000
2003-09-02T00:00:00Z,1.0872000000
2003-09-03T00:00:00Z,1.0845000000
2003-09-04T00:00:00Z,1.0899000000
2003-09-05T00:00:00Z,1.1073000000
2003-09-08T00:00:00Z,1.1124000000
2003-09-09T00:00:00Z,1.1190000000
2003-09-10T00:00:00Z,1.1195000000
2003-09-11T00:00:00Z,1.1186000000
2003-09-12T00:00:00Z,1.1307000000
2003-09-15T00:00:00Z,1.1304000000
2003-09-16T00:00:00Z,1.1166000000
2003-09-17T00:00:00Z,1.1239000000
2003-09-18T00:00:00Z,1.1240000000
2003-09-19T00:00:00Z,1.1346000000
2003-09-22T00:00:00Z,1.1468000000
2003-09-23T00:00:00Z,1.1487000000
2003-09-24T00:00:00Z,1.1472000000
2003-09-25T00:00:00Z,1.1484000000
2003-09-26T00:00:00Z,1.1482000000
2003-09-29T00:00:00Z,1.1578000000
2003-09-30T00:00:00Z,1.1650000000
2003-10-01T00:00:00Z,1.1708000000
2003-10-02T00:00:00Z,1.1717000000
2003-10-03T00:00:00Z,1.1596000000
2003-10-06T00:00:00Z,1.1706000000
2003-10-07T00:00:00Z,1.1784000000
2003-10-08T00:00:00Z,1.1805000000
2003-10-09T00:00:00Z,1.1695000000
2003-10-10T00:00:00Z,1.1812000000
2003-10-14T00:00:00Z,1.1724000000
2003-10-15T00:00:00Z,1.1652000000
2003-10-16T00:00:00Z,1.1665000000
2003-10-17T00:00:00Z,1.1630000000
2003-10-20T00:00:00Z,1.1671000000
2003-10-21T00:00:00Z,1.1676000000
2003-10-22T00:00:00Z,1.1805000000
2003-10-23T00:00:00Z,1.1795000000
2003-10-24T00:00:00Z,1.1833000000
2003-10-27T00:00:00Z,1.1762000000
2003-10-28T00:00:00Z,1.1689000000
2003-10-29T00:00:00Z,1.1673000000
2003-10-30T00:00:00Z,1.1694000000
2003-10-31T00:00:00Z,1.1609000000
2003-11-03T00:00:00Z,1.1454000000
2003-11-04T00:00:00Z,1.1497000000
2003-11-05T00:00:00Z,1.1473000000
2003-11-06T00:00:00Z,1.1417000000
2003-11-07T00:00:00Z,1.1505000000
2003-11-10T00:00:00Z,1.1515000000
2003-11-12T00:00:00Z,1.1647000000
2003-11-13T00:00:00Z,1.1711000000
2003-11-14T00:00:00Z,1.1743000000
2003-11-17T00:00:00Z,1.1744000000
2003-11-18T00:00:00Z,1.1893000000
2003-11-19T00:00:00Z,1.1909000000
2003-11-20T00:00:00Z,1.1895000000
2003-11-21T00:00:00Z,1.1913000000
2003-11-24T00:00:00Z,1.1768000000
2003-11-25T00:00:00Z,1.1785000000
2003-11-26T00:00:00Z,1.1918000000
2003-11-28T00:00:00Z,1.1995000000
2003-12-01T00:00:00Z,1.1956000000
2003-12-02T00:00:00Z,1.2084000000
2003-12-03T00:00:00Z,1.2093000000
2003-12-04T00:00:00Z,1.2077000000
2003-12-05T00:00:00Z,1.2157000000
2003-12-08T00:00:00Z,1.2217000000
2003-12-09T00:00:00Z,1.2229000000
2003-12-10T00:00:00Z,1.2215000000
2003-12-11T00:00:00Z,1.2164000000
2003-12-12T00:00:00Z,1.2284000000
2003-12-15T00:00:00Z,1.2290000000
2003-12-16T00:00:00Z,1.2328000000
2003-12-17T00:00:00Z,1.2381000000
2003-12-18T00:00:00Z,1.2376000000
2003-12-19T00:00:00Z,1.2380000000
2003-12-22T00:00:00Z,1.2415000000
2003-12-23T00:00:00Z,1.2406000000
2003-12-24T00:00:00Z,1.2464000000
2003-12-26T00:00:00Z,1.2441000000
2003-12-29T00:00:00Z,1.2485000000
2003-12-30T00:00:00Z,1.2521000000
2003-12-31T00:00:00Z,1.2597000000
2004-01-02T00:00:00Z,1.2592000000
2004-01-05T00:00:00Z,1.2679000000
2004-01-06T00:00:00Z,1.2773000000
2004-01-07T00:00:00Z,1.2665000000
2004-01-08T00:00:00Z,1.2772000000
2004-01-09T00:00:00Z,1.2853000000
2004-01-12T00:00:00Z,1.2802000000
2004-01-13T00:00:00Z,1.2735000000
2004-01-14T00:00:00Z,1.2726000000
2004-01-15T00:00:00Z,1.2588000000
2004-01-16T00:00:00Z,1.2395000000
2004-01-20T00:00:00Z,1.2584000000
2004-01-21T00:00:00Z,1.2617000000
2004-01-22T00:00:00Z,1.2717000000
2004-01-23T00:00:00Z,1.2610000000
2004-01-26T00:00:00Z,1.2552000000
2004-01-27T00:00:00Z,1.2643000000
2004-01-28T00:00:00Z,1.2620000000
2004-01-29T00:00:00Z,1.2389000000
2004-01-30T00:00:00Z,1.2452000000
2004-02-02T00:00:00Z,1.2426000000
2004-02-03T00:00:00Z,1.2561000000
2004-02-04T00:00:00Z,1.2552000000
2004-02-05T00:00:00Z,1.2606000000
2004-02-06T00:00:00Z,1.2694000000
2004-02-09T00:00:00Z,1.2672000000
2004-02-10T00:00:00Z,1.2727000000
2004-02-11T00:00:00Z,1.2815000000
2004-02-12T00:00:00Z,1.2807000000
2004-02-13T00:00:00Z,1.2751000000
2004-02-17T00:00:00Z,1.2848000000
2004-02-18T00:00:00Z,1.2812000000
2004-02-19T00:00:00Z,1.2685000000
2004-02-20T00:00:00Z,1.2563000000
2004-02-23T00:00:00Z,1.2569000000
2004-02-24T00:00:00Z,1.2692000000
2004-02-25T00:00:00Z,1.2503000000
2004-02-26T00:00:00Z,1.2444000000
2004-02-27T00:00:00Z,1.2441000000
2004-03-01T00:00:00Z,1.2431000000
2004-03-02T00:00:00Z,1.2212000000
2004-03-03T00:00:00Z,1.2088000000
2004-03-04T00:00:00Z,1.2225000000
2004-03-05T00:00:00Z,1.2401000000
2004-03-08T00:00:00Z,1.2371000000
2004-03-09T00:00:00Z,1.2428000000
2004-03-10T00:00:00Z,1.2226000000
2004-03-11T00:00:00Z,1.2268000000
2004-03-12T00:00:00Z,1.2191000000
2004-03-15T00:00:00Z,1.2243000000
2004-03-16T00:00:00Z,1.2270000000
2004-03-17T00:00:00Z,1.2197000000
2004-03-18T00:00:00Z,1.2392000000
2004-03-19T00:00:00Z,1.2269000000
2004-03-22T00:00:00Z,1.2368000000
2004-03-23T00:00:00Z,1.2311000000
2004-03-24T00:00:00Z,1.2213000000
2004-03-25T00:00:00Z,1.2170000000
2004-03-26T00:00:00Z,1.2092000000
2004-03-29T00:00:00Z,1.2141000000
2004-03-30T00:00:00Z,1.2202000000
2004-03-31T00:00:00Z,1.2292000000
2004-04-01T00:00:00Z,1.2358000000
2004-04-02T00:00:00Z,1.2109000000
2004-04-05T00:00:00Z,1.2008000000
2004-04-06T00:00:00Z,1.2089000000
2004-04-07T00:00:00Z,1.2171000000
2004-04-08T00:00:00Z,1.2088000000
2004-04-09T00:00:00Z,1.2102000000
2004-04-12T00:00:00Z,1.2068000000
2004-04-13T00:00:00Z,1.1923000000
2004-04-14T00:00:00Z,1.1940000000
2004-04-15T00:00:00Z,1.1914000000
2004-04-16T00:00:00Z,1.2025000000
2004-04-19T00:00:00Z,1.2019000000
2004-04-20T00:00:00Z,1.1910000000
2004-04-21T00:00:00Z,1.1853000000
2004-04-22T00:00:00Z,1.1861000000
2004-04-23T00:00:00Z,1.1802000000
2004-04-26T00:00:00Z,1.1851000000
2004-04-27T00:00:00Z,1.1927000000
2004-04-28T00:00:00Z,1.1830000000
2004-04-29T00:00:00Z,1.1945000000
2004-04-30T00:00:00Z,1.1975000000
2004-05-03T00:00:00Z,1.1937000000
2004-05-04T00:00:00Z,1.2076000000
2004-05-05T00:00:00Z,1.2165000000
2004-05-06T00:00:00Z,1.2090000000
2004-05-07T00:00:00Z,1.1885000000
2004-05-10T00:00:00Z,1.1834000000
2004-05-11T00:00:00Z,1.1818000000
2004-05-12T00:00:00Z,1.1911000000
2004-05-13T00:00:00Z,1.1801000000
2004-05-14T00:00:00Z,1.1874000000
2004-05-17T00:00:00Z,1.2009000000
2004-05-18T00:00:00Z,1.1971000000
2004-05-19T00:00:00Z,1.2015000000
2004-05-20T00:00:00Z,1.1926000000
2004-05-21T00:00:00Z,1.2009000000
2004-05-24T00:00:00Z,1.1978000000
2004-05-25T00:00:00Z,1.2107000000
2004-05-26T00:00:00Z,1.2102000000
2004-05-27T00:00:00Z,1.2274000000
2004-05-28T00:00:00Z,1.2217000000
2004-06-01T00:00:00Z,1.2210000000
2004-06-02T00:00:00Z,1.2250000000
2004-06-03T00:00:00Z,1.2205000000
2004-06-04T00:00:00Z,1.2258000000
2004-06-07T00:00:00Z,1.2320000000
2004-06-08T00:00:00Z,1.2273000000
2004-06-09T00:00:00Z,1.2097000000
2004-06-10T00:00:00Z,1.2110000000
2004-06-11T00:00:00Z,1.2011000000
2004-06-14T00:00:00Z,1.2073000000
2004-06-15T00:00:00Z,1.2139000000
2004-06-16T00:00:00Z,1.2006000000
2004-06-17T00:00:00Z,1.2040000000
2004-06-18T00:00:00Z,1.2118000000
2004-06-21T00:00:00Z,1.2110000000
2004-06-22T00:00:00Z,1.2092000000
2004-06-23T00:00:00Z,1.2090000000
2004-06-24T00:00:00Z,1.2170000000
2004-06-25T00:00:00Z,1.2145000000
2004-06-28T00:00:00Z,1.2193000000
2004-06-29T00:00:00Z,1.2124000000
2004-06-30T00:00:00Z,1.2179000000
2004-07-01T00:00:00Z,1.2158000000
2004-07-02T00:00:00Z,1.2307000000
2004-07-06T00:00:00Z,1.2290000000
2004-07-07T00:00:00Z,1.2384000000
2004-07-08T00:00:00Z,1.2390000000
2004-07-09T00:00:00Z,1.2388000000
2004-07-12T00:00:00Z,1.2409000000
2004-07-13T00:00:00Z,1.2302000000
2004-07-14T00:00:00Z,1.2385000000
2004-07-15T00:00:00Z,1.2373000000
2004-07-16T00:00:00Z,1.2437000000
2004-07-19T00:00:00Z,1.2431000000
2004-07-20T00:00:00Z,1.2377000000
2004-07-21T00:00:00Z,1.2224000000
2004-07-22T00:00:00Z,1.2273000000
2004-07-23T00:00:00Z,1.2122000000
2004-07-26T00:00:00Z,1.2135000000
2004-07-27T00:00:00Z,1.2056000000
2004-07-28T00:00:00Z,1.2046000000
2004-07-29T00:00:00Z,1.2070000000
2004-07-30T00:00:00Z,1.2032000000
2004-08-02T00:00:00Z,1.2034000000
2004-08-03T00:00:00Z,1.2051000000
2004-08-04T00:00:00Z,1.2057000000
2004-08-05T00:00:00Z,1.2050000000
2004-08-06T00:00:00Z,1.2272000000
2004-08-09T00:00:00Z,1.2261000000
2004-08-10T00:00:00Z,1.2306000000
2004-08-11T00:00:00Z,1.2222000000
2004-08-12T00:00:00Z,1.2224000000
2004-08-13T00:00:00Z,1.2354000000
2004-08-16T00:00:00Z,1.2333000000
2004-08-17T00:00:00Z,1.2329000000
2004-08-18T00:00:00Z,1.2299000000
2004-08-19T00:00:00Z,1.2368000000
2004-08-20T00:00:00Z,1.2324000000
2004-08-23T00:00:00Z,1.2196000000
2004-08-24T00:00:00Z,1.2099000000
2004-08-25T00:00:00Z,1.2090000000
2004-08-26T00:00:00Z,1.2084000000
2004-08-27T00:00:00Z,1.2025000000
2004-08-30T00:00:00Z,1.2049000000
2004-08-31T00:00:00Z,1.2183000000
2004-09-01T00:00:00Z,1.2179000000
2004-09-02T00:00:00Z,1.2164000000
2004-09-03T00:00:00Z,1.2052000000
2004-09-07T00:00:00Z,1.2093000000
2004-09-08T00:00:00Z,1.2164000000
2004-09-09T00:00:00Z,1.2189000000
2004-09-10T00:00:00Z,1.2282000000
2004-09-13T00:00:00Z,1.2251000000
2004-09-14T00:00:00Z,1.2268000000
2004-09-15T00:00:00Z,1.2144000000
2004-09-16T00:00:00Z,1.2154000000
2004-09-17T00:00:00Z,1.2174000000
2004-09-20T00:00:00Z,1.2172000000
2004-09-21T00:00:00Z,1.2264000000
2004-09-22T00:00:00Z,1.2261000000
2004-09-23T00:00:00Z,1.2298000000
2004-09-24T00:00:00Z,1.2256000000
2004-09-27T00:00:00Z,1.2307000000
2004-09-28T00:00:00Z,1.2306000000
2004-09-29T00:00:00Z,1.2308000000
2004-09-30T00:00:00Z,1.2417000000
2004-10-01T00:00:00Z,1.2400000000
2004-10-04T00:00:00Z,1.2274000000
2004-10-05T00:00:00Z,1.2316000000
2004-10-06T00:00:00Z,1.2298000000
2004-10-07T00:00:00Z,1.2286000000
2004-10-08T00:00:00Z,1.2418000000
2004-10-12T00:00:00Z,1.2320000000
2004-10-13T00:00:00Z,1.2271000000
2004-10-14T00:00:00Z,1.2393000000
2004-10-15T00:00:00Z,1.2478000000
2004-10-18T00:00:00Z,1.2520000000
2004-10-19T00:00:00Z,1.2515000000
2004-10-20T00:00:00Z,1.2627000000
2004-10-21T00:00:00Z,1.2622000000
2004-10-22T00:00:00Z,1.2639000000
2004-10-25T00:00:00Z,1.2783000000
2004-10-26T00:00:00Z,1.2758000000
2004-10-27T00:00:00Z,1.2725000000
2004-10-28T00:00:00Z,1.2759000000
2004-10-29T00:00:00Z,1.2746000000
2004-11-01T00:00:00Z,1.2741000000
2004-11-02T00:00:00Z,1.2703000000
2004-11-03T00:00:00Z,1.2787000000
2004-11-04T00:00:00Z,1.2883000000
2004-11-05T00:00:00Z,1.2938000000
2004-11-08T00:00:00Z,1.2936000000
2004-11-09T00:00:00Z,1.2930000000
2004-11-10T00:00:00Z,1.2925000000
2004-11-12T00:00:00Z,1.2973000000
2004-11-15T00:00:00Z,1.2944000000
2004-11-16T00:00:00Z,1.2979000000
2004-11-17T00:00:00Z,1.3031000000
2004-11-18T00:00:00Z,1.2982000000
2004-11-19T00:00:00Z,1.3059000000
2004-11-22T00:00:00Z,1.3048000000
2004-11-23T00:00:00Z,1.3090000000
2004-11-24T00:00:00Z,1.3162000000
2004-11-26T00:00:00Z,1.3288000000
2004-11-29T00:00:00Z,1.3286000000
2004-11-30T00:00:00Z,1.3259000000
2004-12-01T00:00:00Z,1.3308000000
2004-12-02T00:00:00Z,1.3268000000
2004-12-03T00:00:00Z,1.3390000000
2004-12-06T00:00:00Z,1.3431000000
2004-12-07T00:00:00Z,1.3437000000
2004-12-08T00:00:00Z,1.3252000000
2004-12-09T00:00:00Z,1.3274000000
2004-12-10T00:00:00Z,1.3224000000
2004-12-13T00:00:00Z,1.3309000000
2004-12-14T00:00:00Z,1.3280000000
2004-12-15T00:00:00Z,1.3429000000
2004-12-16T00:00:00Z,1.3287000000
2004-12-17T00:00:00Z,1.3295000000
2004-12-20T00:00:00Z,1.3396000000
2004-12-21T00:00:00Z,1.3377000000
2004-12-22T00:00:00Z,1.3390000000
2004-12-23T00:00:00Z,1.3491000000
2004-12-24T00:00:00Z,1.3536000000
2004-12-27T00:00:00Z,1.3625000000
2004-12-28T00:00:00Z,1.3621000000
2004-12-29T00:00:00Z,1.3568000000
2004-12-30T00:00:00Z,1.3623000000
2004-12-31T00:00:00Z,1.3538000000
2005-01-03T00:00:00Z,1.3476000000
2005-01-04T00:00:00Z,1.3295000000
2005-01-05T00:00:00Z,1.3292000000
2005-01-06T00:00:00Z,1.3187000000
2005-01-07T00:00:00Z,1.3062000000
2005-01-10T00:00:00Z,1.3109000000
2005-01-11T00:00:00Z,1.3161000000
2005-01-12T00:00:00Z,1.3281000000
2005-01-13T00:00:00Z,1.3207000000
2005-01-14T00:00:00Z,1.3106000000
2005-01-18T00:00:00Z,1.3043000000
2005-01-19T00:00:00Z,1.3036000000
2005-01-20T00:00:00Z,1.2959000000
2005-01-21T00:00:00Z,1.3049000000
2005-01-24T00:00:00Z,1.3041000000
2005-01-25T00:00:00Z,1.2954000000
2005-01-26T00:00:00Z,1.3081000000
2005-01-27T00:00:00Z,1.3032000000
2005-01-28T00:00:00Z,1.3033000000
2005-01-31T00:00:00Z,1.3049000000
2005-02-01T00:00:00Z,1.3017000000
2005-02-02T00:00:00Z,1.3015000000
2005-02-03T00:00:00Z,1.2959000000
2005-02-04T00:00:00Z,1.2927000000
2005-02-07T00:00:00Z,1.2773000000
2005-02-08T00:00:00Z,1.2783000000
2005-02-09T00:00:00Z,1.2797000000
2005-02-10T00:00:00Z,1.2882000000
2005-02-11T00:00:00Z,1.2864000000
2005-02-14T00:00:00Z,1.2981000000
2005-02-15T00:00:00Z,1.2986000000
2005-02-16T00:00:00Z,1.2994000000
2005-02-17T00:00:00Z,1.3083000000
2005-02-18T00:00:00Z,1.3075000000
2005-02-22T00:00:00Z,1.3230000000
2005-02-23T00:00:00Z,1.3208000000
2005-02-24T00:00:00Z,1.3205000000
2005-02-25T00:00:00Z,1.3195000000
2005-02-28T00:00:00Z,1.3274000000
2005-03-01T00:00:00Z,1.3189000000
2005-03-02T00:00:00Z,1.3127000000
2005-03-03T00:00:00Z,1.3130000000
2005-03-04T00:00:00Z,1.3244000000
2005-03-07T00:00:00Z,1.3203000000
2005-03-08T00:00:00Z,1.3342000000
2005-03-09T00:00:00Z,1.3384000000
2005-03-10T00:00:00Z,1.3409000000
2005-03-11T00:00:00Z,1.3465000000
2005-03-14T00:00:00Z,1.3346000000
2005-03-15T00:00:00Z,1.3315000000
2005-03-16T00:00:00Z,1.3423000000
2005-03-17T00:00:00Z,1.3373000000
2005-03-18T00:00:00Z,1.3311000000
2005-03-21T00:00:00Z,1.3165000000
2005-03-22T00:00:00Z,1.3210000000
2005-03-23T00:00:00Z,1.3005000000
2005-03-24T00:00:00Z,1.2957000000
2005-03-25T00:00:00Z,1.2954000000
2005-03-28T00:00:00Z,1.2877000000
2005-03-29T00:00:00Z,1.2913000000
2005-03-30T00:00:00Z,1.2944000000
2005-03-31T00:00:00Z,1.2969000000
2005-04-01T00:00:00Z,1.2896000000
2005-04-04T00:00:00Z,1.2838000000
2005-04-05T00:00:00Z,1.2842000000
2005-04-06T00:00:00Z,1.2868000000
2005-04-07T00:00:00Z,1.2906000000
2005-04-08T00:00:00Z,1.2912000000
2005-04-11T00:00:00Z,1.2972000000
2005-04-12T00:00:00Z,1.2873000000
2005-04-13T00:00:00Z,1.2918000000
2005-04-14T00:00:00Z,1.2819000000
2005-04-15T00:00:00Z,1.2928000000
2005-04-18T00:00:00Z,1.3037000000
2005-04-19T00:00:00Z,1.3034000000
2005-04-20T00:00:00Z,1.3080000000
2005-04-21T00:00:00Z,1.3093000000
2005-04-22T00:00:00Z,1.3068000000
2005-04-25T00:00:00Z,1.2984000000
2005-04-26T00:00:00Z,1.2964000000
2005-04-27T00:00:00Z,1.2938000000
2005-04-28T00:00:00Z,1.2916000000
2005-04-29T00:00:00Z,1.2919000000
2005-05-02T00:00:00Z,1.2857000000
2005-05-03T00:00:00Z,1.2889000000
2005-05-04T00:00:00Z,1.2936000000
2005-05-05T00:00:00Z,1.2936000000
2005-05-06T00:00:00Z,1.2832000000
2005-05-09T00:00:00Z,1.2839000000
2005-05-10T00:00:00Z,1.2877000000
2005-05-11T00:00:00Z,1.2803000000
2005-05-12T00:00:00Z,1.2706000000
2005-05-13T00:00:00Z,1.2645000000
2005-05-16T00:00:00Z,1.2630000000
2005-05-17T00:00:00Z,1.2644000000
2005-05-18T00:00:00Z,1.2660000000
2005-05-19T00:00:00Z,1.2628000000
2005-05-20T00:00:00Z,1.2553000000
2005-05-23T00:00:00Z,1.2575000000
2005-05-24T00:00:00Z,1.2588000000
2005-05-25T00:00:00Z,1.2602000000
2005-05-26T00:00:00Z,1.2517000000
2005-05-27T00:00:00Z,1.2568000000
2005-05-31T00:00:00Z,1.2349000000
2005-06-01T00:00:00Z,1.2232000000
2005-06-02T00:00:00Z,1.2266000000
2005-06-03T00:00:00Z,1.2227000000
2005-06-06T00:00:00Z,1.2268000000
2005-06-07T00:00:00Z,1.2277000000
2005-06-08T00:00:00Z,1.2320000000
2005-06-09T00:00:00Z,1.2216000000
2005-06-10T00:00:00Z,1.2127000000
2005-06-13T00:00:00Z,1.2035000000
2005-06-14T00:00:00Z,1.2038000000
2005-06-15T00:00:00Z,1.2106000000
2005-06-16T00:00:00Z,1.2089000000
2005-06-17T00:00:00Z,1.2240000000
2005-06-20T00:00:00Z,1.2140000000
2005-06-21T00:00:00Z,1.2134000000
2005-06-22T00:00:00Z,1.2130000000
2005-06-23T00:00:00Z,1.2054000000
2005-06-24T00:00:00Z,1.2088000000
2005-06-27T00:00:00Z,1.2152000000
2005-06-28T00:00:00Z,1.2078000000
2005-06-29T00:00:00Z,1.2101000000
2005-06-30T00:00:00Z,1.2098000000
2005-07-01T00:00:00Z,1.1957000000
2005-07-05T00:00:00Z,1.1917000000
2005-07-06T00:00:00Z,1.1918000000
2005-07-07T00:00:00Z,1.1928000000
2005-07-08T00:00:00Z,1.1934000000
2005-07-11T00:00:00Z,1.2066000000
2005-07-12T00:00:00Z,1.2200000000
2005-07-13T00:00:00Z,1.2090000000
2005-07-14T00:00:00Z,1.2089000000
2005-07-15T00:00:00Z,1.2037000000
2005-07-18T00:00:00Z,1.2077000000
2005-07-19T00:00:00Z,1.2001000000
2005-07-20T00:00:00Z,1.2046000000
2005-07-21T00:00:00Z,1.2113000000
2005-07-22T00:00:00Z,1.2079000000
2005-07-25T00:00:00Z,1.2054000000
2005-07-26T00:00:00Z,1.2007000000
2005-07-27T00:00:00Z,1.2048000000
2005-07-28T00:00:00Z,1.2121000000
2005-07-29T00:00:00Z,1.2129000000
2005-08-01T00:00:00Z,1.2195000000
2005-08-02T00:00:00Z,1.2209000000
2005-08-03T00:00:00Z,1.2337000000
2005-08-04T00:00:00Z,1.2383000000
2005-08-05T00:00:00Z,1.2327000000
2005-08-08T00:00:00Z,1.2361000000
2005-08-09T00:00:00Z,1.2347000000
2005-08-10T00:00:00Z,1.2345000000
2005-08-11T00:00:00Z,1.2434000000
2005-08-12T00:00:00Z,1.2428000000
2005-08-15T00:00:00Z,1.2362000000
2005-08-16T00:00:00Z,1.2342000000
2005-08-17T00:00:00Z,1.2290000000
2005-08-18T00:00:00Z,1.2178000000
2005-08-19T00:00:00Z,1.2147000000
2005-08-22T00:00:00Z,1.2235000000
2005-08-23T00:00:00Z,1.2213000000
2005-08-24T00:00:00Z,1.2239000000
2005-08-25T00:00:00Z,1.2311000000
2005-08-26T00:00:00Z,1.2324000000
2005-08-29T00:00:00Z,1.2248000000
2005-08-30T00:00:00Z,1.2204000000
2005-08-31T00:00:00Z,1.2330000000
2005-09-01T00:00:00Z,1.2447000000
2005-09-02T00:00:00Z,1.2538000000
2005-09-06T00:00:00Z,1.2483000000
2005-09-07T00:00:00Z,1.2439000000
2005-09-08T00:00:00Z,1.2400000000
2005-09-09T00:00:00Z,1.2433000000
2005-09-12T00:00:00Z,1.2288000000
2005-09-13T00:00:00Z,1.2263000000
2005-09-14T00:00:00Z,1.2282000000
2005-09-15T00:00:00Z,1.2216000000
2005-09-16T00:00:00Z,1.2214000000
2005-09-19T00:00:00Z,1.2153000000
2005-09-20T00:00:00Z,1.2177000000
2005-09-21T00:00:00Z,1.2208000000
2005-09-22T00:00:00Z,1.2153000000
2005-09-23T00:00:00Z,1.2077000000
2005-09-26T00:00:00Z,1.2036000000
2005-09-27T00:00:00Z,1.2011000000
2005-09-28T00:00:00Z,1.2016000000
2005-09-29T00:00:00Z,1.2020000000
2005-09-30T00:00:00Z,1.2058000000
2005-10-03T00:00:00Z,1.1914000000
2005-10-04T00:00:00Z,1.1918000000
2005-10-05T00:00:00Z,1.1984000000
2005-10-06T00:00:00Z,1.2133000000
2005-10-07T00:00:00Z,1.2115000000
2005-10-11T00:00:00Z,1.2015000000
2005-10-12T00:00:00Z,1.2040000000
2005-10-13T00:00:00Z,1.1938000000
2005-10-14T00:00:00Z,1.2073000000
2005-10-17T00:00:00Z,1.2040000000
2005-10-18T00:00:00Z,1.1939000000
2005-10-19T00:00:00Z,1.1988000000
2005-10-20T00:00:00Z,1.1982000000
2005-10-21T00:00:00Z,1.1958000000
2005-10-24T00:00:00Z,1.1998000000
2005-10-25T00:00:00Z,1.2099000000
2005-10-26T00:00:00Z,1.2082000000
2005-10-27T00:00:00Z,1.2148000000
2005-10-28T00:00:00Z,1.2089000000
2005-10-31T00:00:00Z,1.1995000000
2005-11-01T00:00:00Z,1.1998000000
2005-11-02T00:00:00Z,1.2067000000
2005-11-03T00:00:00Z,1.1971000000
2005-11-04T00:00:00Z,1.1828000000
2005-11-07T00:00:00Z,1.1795000000
2005-11-08T00:00:00Z,1.1773000000
2005-11-09T00:00:00Z,1.1748000000
2005-11-10T00:00:00Z,1.1740000000
2005-11-14T00:00:00Z,1.1667000000
2005-11-15T00:00:00Z,1.1695000000
2005-11-16T00:00:00Z,1.1672000000
2005-11-17T00:00:00Z,1.1706000000
2005-11-18T00:00:00Z,1.1741000000
2005-11-21T00:00:00Z,1.1734000000
2005-11-22T00:00:00Z,1.1737000000
2005-11-23T00:00:00Z,1.1799000000
2005-11-25T00:00:00Z,1.1724000000
2005-11-28T00:00:00Z,1.1804000000
2005-11-29T00:00:00Z,1.1786000000
2005-11-30T00:00:00Z,1.1790000000
2005-12-01T00:00:00Z,1.1702000000
2005-12-02T00:00:00Z,1.1699000000
2005-12-05T00:00:00Z,1.1787000000
2005-12-06T00:00:00Z,1.1784000000
2005-12-07T00:00:00Z,1.1722000000
2005-12-08T00:00:00Z,1.1830000000
2005-12-09T00:00:00Z,1.1824000000
2005-12-12T00:00:00Z,1.1969000000
2005-12-13T00:00:00Z,1.1926000000
2005-12-14T00:00:00Z,1.2041000000
2005-12-15T00:00:00Z,1.1965000000
2005-12-16T00:00:00Z,1.2012000000
2005-12-19T00:00:00Z,1.1996000000
2005-12-20T00:00:00Z,1.1848000000
2005-12-21T00:00:00Z,1.1816000000
2005-12-22T00:00:00Z,1.1883000000
2005-12-23T00:00:00Z,1.1857000000
2005-12-27T00:00:00Z,1.1856000000
2005-12-28T00:00:00Z,1.1875000000
2005-12-29T00:00:00Z,1.1846000000
2005-12-30T00:00:00Z,1.1842000000
2006-01-03T00:00:00Z,1.1980000000
2006-01-04T00:00:00Z,1.2091000000
2006-01-05T00:00:00Z,1.2101000000
2006-01-06T00:00:00Z,1.2148000000
2006-01-09T00:00:00Z,1.2064000000
2006-01-10T00:00:00Z,1.2063000000
2006-01-11T00:00:00Z,1.2135000000
2006-01-12T00:00:00Z,1.2035000000
2006-01-13T00:00:00Z,1.2103000000
2006-01-17T00:00:00Z,1.2073000000
2006-01-18T00:00:00Z,1.2083000000
2006-01-19T00:00:00Z,1.2110000000
2006-01-20T00:00:00Z,1.2101000000
2006-01-23T00:00:00Z,1.2276000000
2006-01-24T00:00:00Z,1.2287000000
2006-01-25T00:00:00Z,1.2252000000
2006-01-26T00:00:00Z,1.2229000000
2006-01-27T00:00:00Z,1.2130000000
2006-01-30T00:00:00Z,1.2091000000
2006-01-31T00:00:00Z,1.2158000000
2006-02-01T00:00:00Z,1.2092000000
2006-02-02T00:00:00Z,1.2100000000
2006-02-03T00:00:00Z,1.2021000000
2006-02-06T00:00:00Z,1.1971000000
2006-02-07T00:00:00Z,1.1974000000
2006-02-08T00:00:00Z,1.1935000000
2006-02-09T00:00:00Z,1.1963000000
2006-02-10T00:00:00Z,1.1920000000
2006-02-13T00:00:00Z,1.1905000000
2006-02-14T00:00:00Z,1.1895000000
2006-02-15T00:00:00Z,1.1884000000
2006-02-16T00:00:00Z,1.1882000000
2006-02-17T00:00:00Z,1.1906000000
2006-02-21T00:00:00Z,1.1912000000
2006-02-22T00:00:00Z,1.1905000000
2006-02-23T00:00:00Z,1.1923000000
2006-02-24T00:00:00Z,1.1882000000
2006-02-27T00:00:00Z,1.1860000000
2006-02-28T00:00:00Z,1.1925000000
2006-03-01T00:00:00Z,1.1899000000
2006-03-02T00:00:00Z,1.2003000000
2006-03-03T00:00:00Z,1.2028000000
2006-03-06T00:00:00Z,1.2002000000
2006-03-07T00:00:00Z,1.1888000000
2006-03-08T00:00:00Z,1.1914000000
2006-03-09T00:00:00Z,1.1920000000
2006-03-10T00:00:00Z,1.1886000000
2006-03-13T00:00:00Z,1.1942000000
2006-03-14T00:00:00Z,1.2025000000
2006-03-15T00:00:00Z,1.2045000000
2006-03-16T00:00:00Z,1.2151000000
2006-03-17T00:00:00Z,1.2197000000
2006-03-20T00:00:00Z,1.2168000000
2006-03-21T00:00:00Z,1.2079000000
2006-03-22T00:00:00Z,1.2095000000
2006-03-23T00:00:00Z,1.1984000000
2006-03-24T00:00:00Z,1.2034000000
2006-03-27T00:00:00Z,1.2015000000
2006-03-28T00:00:00Z,1.2078000000
2006-03-29T00:00:00Z,1.2030000000
2006-03-30T00:00:00Z,1.2132000000
2006-03-31T00:00:00Z,1.2139000000
2006-04-03T00:00:00Z,1.2124000000
2006-04-04T00:00:00Z,1.2258000000
2006-04-05T00:00:00Z,1.2272000000
2006-04-06T00:00:00Z,1.2216000000
2006-04-07T00:00:00Z,1.2109000000
2006-04-10T00:00:00Z,1.2091000000
2006-04-11T00:00:00Z,1.2125000000
2006-04-12T00:00:00Z,1.2107000000
2006-04-13T00:00:00Z,1.2107000000
2006-04-14T00:00:00Z,1.2106000000
2006-04-17T00:00:00Z,1.2267000000
2006-04-18T00:00:00Z,1.2274000000
2006-04-19T00:00:00Z,1.2345000000
2006-04-20T00:00:00Z,1.2326000000
2006-04-21T00:00:00Z,1.2340000000
2006-04-24T00:00:00Z,1.2373000000
2006-04-25T00:00:00Z,1.2412000000
2006-04-26T00:00:00Z,1.2464000000
2006-04-27T00:00:00Z,1.2525000000
2006-04-28T00:00:00Z,1.2624000000
2006-05-01T00:00:00Z,1.2607000000
2006-05-02T00:00:00Z,1.2644000000
2006-05-03T00:00:00Z,1.2639000000
2006-05-04T00:00:00Z,1.2684000000
2006-05-05T00:00:00Z,1.2733000000
2006-05-08T00:00:00Z,1.2720000000
2006-05-09T00:00:00Z,1.2747000000
2006-05-10T00:00:00Z,1.2799000000
2006-05-11T00:00:00Z,1.2855000000
2006-05-12T00:00:00Z,1.2888000000
2006-05-15T00:00:00Z,1.2826000000
2006-05-16T00:00:00Z,1.2817000000
2006-05-17T00:00:00Z,1.2722000000
2006-05-18T00:00:00Z,1.2795000000
2006-05-19T00:00:00Z,1.2750000000
2006-05-22T00:00:00Z,1.2850000000
2006-05-23T00:00:00Z,1.2844000000
2006-05-24T00:00:00Z,1.2747000000
2006-05-25T00:00:00Z,1.2777000000
2006-05-26T00:00:00Z,1.2739000000
2006-05-30T00:00:00Z,1.2868000000
2006-05-31T00:00:00Z,1.2833000000
2006-06-01T00:00:00Z,1.2824000000
2006-06-02T00:00:00Z,1.2912000000
2006-06-05T00:00:00Z,1.2953000000
2006-06-06T00:00:00Z,1.2828000000
2006-06-07T00:00:00Z,1.2799000000
2006-06-08T00:00:00Z,1.2648000000
2006-06-09T00:00:00Z,1.2636000000
2006-06-12T00:00:00Z,1.2587000000
2006-06-13T00:00:00Z,1.2574000000
2006-06-14T00:00:00Z,1.2631000000
2006-06-15T00:00:00Z,1.2616000000
2006-06-16T00:00:00Z,1.2623000000
2006-06-19T00:00:00Z,1.2577000000
2006-06-20T00:00:00Z,1.2568000000
2006-06-21T00:00:00Z,1.2665000000
2006-06-22T00:00:00Z,1.2582000000
2006-06-23T00:00:00Z,1.2522000000
2006-06-26T00:00:00Z,1.2554000000
2006-06-27T00:00:00Z,1.2589000000
2006-06-28T00:00:00Z,1.2532000000
2006-06-29T00:00:00Z,1.2534000000
2006-06-30T00:00:00Z,1.2779000000
2006-07-03T00:00:00Z,1.2793000000
2006-07-05T00:00:00Z,1.2726000000
2006-07-06T00:00:00Z,1.2757000000
2006-07-07T00:00:00Z,1.2822000000
2006-07-10T00:00:00Z,1.2751000000
2006-07-11T00:00:00Z,1.2754000000
2006-07-12T00:00:00Z,1.2706000000
2006-07-13T00:00:00Z,1.2673000000
2006-07-14T00:00:00Z,1.2641000000
2006-07-17T00:00:00Z,1.2529000000
2006-07-18T00:00:00Z,1.2500000000
2006-07-19T00:00:00Z,1.2560000000
2006-07-20T00:00:00Z,1.2639000000
2006-07-21T00:00:00Z,1.2684000000
2006-07-24T00:00:00Z,1.2630000000
2006-07-25T00:00:00Z,1.2576000000
2006-07-26T00:00:00Z,1.2628000000
2006-07-27T00:00:00Z,1.2732000000
2006-07-28T00:00:00Z,1.2748000000
2006-07-31T00:00:00Z,1.2764000000
2006-08-01T00:00:00Z,1.2778000000
2006-08-02T00:00:00Z,1.2798000000
2006-08-03T00:00:00Z,1.2779000000
2006-08-04T00:00:00Z,1.2894000000
2006-08-07T00:00:00Z,1.2867000000
2006-08-08T00:00:00Z,1.2839000000
2006-08-09T00:00:00Z,1.2888000000
2006-08-10T00:00:00Z,1.2765000000
2006-08-11T00:00:00Z,1.2757000000
2006-08-14T00:00:00Z,1.2735000000
2006-08-15T00:00:00Z,1.2788000000
2006-08-16T00:00:00Z,1.2864000000
2006-08-17T00:00:00Z,1.2870000000
2006-08-18T00:00:00Z,1.2810000000
2006-08-21T00:00:00Z,1.2914000000
2006-08-22T00:00:00Z,1.2804000000
2006-08-23T00:00:00Z,1.2794000000
2006-08-24T00:00:00Z,1.2760000000
2006-08-25T00:00:00Z,1.2767000000
2006-08-28T00:00:00Z,1.2784000000
2006-08-29T00:00:00Z,1.2768000000
2006-08-30T00:00:00Z,1.2825000000
2006-08-31T00:00:00Z,1.2793000000
2006-09-01T00:00:00Z,1.2833000000
2006-09-05T00:00:00Z,1.2810000000
2006-09-06T00:00:00Z,1.2787000000
2006-09-07T00:00:00Z,1.2757000000
2006-09-08T00:00:00Z,1.2673000000
2006-09-11T00:00:00Z,1.2699000000
2006-09-12T00:00:00Z,1.2693000000
2006-09-13T00:00:00Z,1.2708000000
2006-09-14T00:00:00Z,1.2736000000
2006-09-15T00:00:00Z,1.2648000000
2006-09-18T00:00:00Z,1.2671000000
2006-09-19T00:00:00Z,1.2683000000
2006-09-20T00:00:00Z,1.2701000000
2006-09-21T00:00:00Z,1.2730000000
2006-09-22T00:00:00Z,1.2796000000
2006-09-25T00:00:00Z,1.2747000000
2006-09-26T00:00:00Z,1.2687000000
2006-09-27T00:00:00Z,1.2699000000
2006-09-28T00:00:00Z,1.2697000000
2006-09-29T00:00:00Z,1.2687000000
2006-10-02T00:00:00Z,1.2744000000
2006-10-03T00:00:00Z,1.2727000000
2006-10-04T00:00:00Z,1.2687000000
2006-10-05T00:00:00Z,1.2687000000
2006-10-06T00:00:00Z,1.2600000000
2006-10-10T00:00:00Z,1.2541000000
2006-10-11T00:00:00Z,1.2547000000
2006-10-12T00:00:00Z,1.2537000000
2006-10-13T00:00:00Z,1.2502000000
2006-10-16T00:00:00Z,1.2518000000
2006-10-17T00:00:00Z,1.2564000000
2006-10-18T00:00:00Z,1.2516000000
2006-10-19T00:00:00Z,1.2594000000
2006-10-20T00:00:00Z,1.2613000000
2006-10-23T00:00:00Z,1.2544000000
2006-10-24T00:00:00Z,1.2565000000
2006-10-25T00:00:00Z,1.2591000000
2006-10-26T00:00:00Z,1.2669000000
2006-10-27T00:00:00Z,1.2725000000
2006-10-30T00:00:00Z,1.2717000000
2006-10-31T00:00:00Z,1.2773000000
2006-11-01T00:00:00Z,1.2771000000
2006-11-02T00:00:00Z,1.2780000000
2006-11-03T00:00:00Z,1.2705000000
2006-11-06T00:00:00Z,1.2715000000
2006-11-07T00:00:00Z,1.2806000000
2006-11-08T00:00:00Z,1.2775000000
2006-11-09T00:00:00Z,1.2835000000
2006-11-10T00:00:00Z,1.2861000000
2006-11-13T00:00:00Z,1.2810000000
2006-11-14T00:00:00Z,1.2812000000
2006-11-15T00:00:00Z,1.2808000000
2006-11-16T00:00:00Z,1.2808000000
2006-11-17T00:00:00Z,1.2823000000
2006-11-20T00:00:00Z,1.2810000000
2006-11-21T00:00:00Z,1.2824000000
2006-11-22T00:00:00Z,1.2928000000
2006-11-24T00:00:00Z,1.3081000000
2006-11-27T00:00:00Z,1.3120000000
2006-11-28T00:00:00Z,1.3162000000
2006-11-29T00:00:00Z,1.3146000000
2006-11-30T00:00:00Z,1.3261000000
2006-12-01T00:00:00Z,1.3316000000
2006-12-04T00:00:00Z,1.3327000000
2006-12-05T00:00:00Z,1.3327000000
2006-12-06T00:00:00Z,1.3307000000
2006-12-07T00:00:00Z,1.3296000000
2006-12-08T00:00:00Z,1.3215000000
2006-12-11T00:00:00Z,1.3223000000
2006-12-12T00:00:00Z,1.3233000000
2006-12-13T00:00:00Z,1.3215000000
2006-12-14T00:00:00Z,1.3174000000
2006-12-15T00:00:00Z,1.3095000000
2006-12-18T00:00:00Z,1.3073000000
2006-12-19T00:00:00Z,1.3194000000
2006-12-20T00:00:00Z,1.3183000000
2006-12-21T00:00:00Z,1.3175000000
2006-12-22T00:00:00Z,1.3131000000
2006-12-26T00:00:00Z,1.3132000000
2006-12-27T00:00:00Z,1.3125000000
2006-12-28T00:00:00Z,1.3158000000
2006-12-29T00:00:00Z,1.3197000000
2007-01-02T00:00:00Z,1.3286000000
2007-01-03T00:00:00Z,1.3169000000
2007-01-04T00:00:00Z,1.3094000000
2007-01-05T00:00:00Z,1.3005000000
2007-01-08T00:00:00Z,1.3023000000
2007-01-09T00:00:00Z,1.2995000000
2007-01-10T00:00:00Z,1.2940000000
2007-01-11T00:00:00Z,1.2904000000
2007-01-12T00:00:00Z,1.2926000000
2007-01-16T00:00:00Z,1.2918000000
2007-01-17T00:00:00Z,1.2948000000
2007-01-18T00:00:00Z,1.2942000000
2007-01-19T00:00:00Z,1.2968000000
2007-01-22T00:00:00Z,1.2957000000
2007-01-23T00:00:00Z,1.3025000000
2007-01-24T00:00:00Z,1.2964000000
2007-01-25T00:00:00Z,1.2980000000
2007-01-26T00:00:00Z,1.2909000000
2007-01-29T00:00:00Z,1.2948000000
2007-01-30T00:00:00Z,1.2954000000
2007-01-31T00:00:00Z,1.2998000000
2007-02-01T00:00:00Z,1.3021000000
2007-02-02T00:00:00Z,1.2960000000
2007-02-05T00:00:00Z,1.2933000000
2007-02-06T00:00:00Z,1.2969000000
2007-02-07T00:00:00Z,1.3020000000
2007-02-08T00:00:00Z,1.3034000000
2007-02-09T00:00:00Z,1.3005000000
2007-02-12T00:00:00Z,1.2962000000
2007-02-13T00:00:00Z,1.3024000000
2007-02-14T00:00:00Z,1.3126000000
2007-02-15T00:00:00Z,1.3140000000
2007-02-16T00:00:00Z,1.3137000000
2007-02-20T00:00:00Z,1.3134000000
2007-02-21T00:00:00Z,1.3126000000
2007-02-22T00:00:00Z,1.3134000000
2007-02-23T00:00:00Z,1.3164000000
2007-02-26T00:00:00Z,1.3159000000
2007-02-27T00:00:00Z,1.3246000000
2007-02-28T00:00:00Z,1.3230000000
2007-03-01T00:00:00Z,1.3173000000
2007-03-02T00:00:00Z,1.3182000000
2007-03-05T00:00:00Z,1.3094000000
2007-03-06T00:00:00Z,1.3108000000
2007-03-07T00:00:00Z,1.3148000000
2007-03-08T00:00:00Z,1.3129000000
2007-03-09T00:00:00Z,1.3118000000
2007-03-12T00:00:00Z,1.3186000000
2007-03-13T00:00:00Z,1.3199000000
2007-03-14T00:00:00Z,1.3227000000
2007-03-15T00:00:00Z,1.3249000000
2007-03-16T00:00:00Z,1.3307000000
2007-03-19T00:00:00Z,1.3299000000
2007-03-20T00:00:00Z,1.3291000000
2007-03-21T00:00:00Z,1.3305000000
2007-03-22T00:00:00Z,1.3359000000
2007-03-23T00:00:00Z,1.3302000000
2007-03-26T00:00:00Z,1.3336000000
2007-03-27T00:00:00Z,1.3357000000
2007-03-28T00:00:00Z,1.3331000000
2007-03-29T00:00:00Z,1.3336000000
2007-03-30T00:00:00Z,1.3374000000
2007-04-02T00:00:00Z,1.3374000000
2007-04-03T00:00:00Z,1.3363000000
2007-04-04T00:00:00Z,1.3364000000
2007-04-05T00:00:00Z,1.3426000000
2007-04-06T00:00:00Z,1.3380000000
2007-04-09T00:00:00Z,1.3367000000
2007-04-10T00:00:00Z,1.3436000000
2007-04-11T00:00:00Z,1.3436000000
2007-04-12T00:00:00Z,1.3484000000
2007-04-13T00:00:00Z,1.3518000000
2007-04-16T00:00:00Z,1.3550000000
2007-04-17T00:00:00Z,1.3569000000
2007-04-18T00:00:00Z,1.3574000000
2007-04-19T00:00:00Z,1.3605000000
2007-04-20T00:00:00Z,1.3601000000
2007-04-23T00:00:00Z,1.3580000000
2007-04-24T00:00:00Z,1.3622000000
2007-04-25T00:00:00Z,1.3647000000
2007-04-26T00:00:00Z,1.3590000000
2007-04-27T00:00:00Z,1.3625000000
2007-04-30T00:00:00Z,1.3660000000
2007-05-01T00:00:00Z,1.3600000000
2007-05-02T00:00:00Z,1.3598000000
2007-05-03T00:00:00Z,1.3566000000
2007-05-04T00:00:00Z,1.3587000000
2007-05-07T00:00:00Z,1.3616000000
2007-05-08T00:00:00Z,1.3532000000
2007-05-09T00:00:00Z,1.3549000000
2007-05-10T00:00:00Z,1.3512000000
2007-05-11T00:00:00Z,1.3519000000
2007-05-14T00:00:00Z,1.3544000000
2007-05-15T00:00:00Z,1.3603000000
2007-05-16T00:00:00Z,1.3522000000
2007-05-17T00:00:00Z,1.3494000000
2007-05-18T00:00:00Z,1.3511000000
2007-05-21T00:00:00Z,1.3457000000
2007-05-22T00:00:00Z,1.3464000000
2007-05-23T00:00:00Z,1.3482000000
2007-05-24T00:00:00Z,1.3429000000
2007-05-25T00:00:00Z,1.3452000000
2007-05-29T00:00:00Z,1.3483000000
2007-05-30T00:00:00Z,1.3419000000
2007-05-31T00:00:00Z,1.3453000000
2007-06-01T00:00:00Z,1.3440000000
2007-06-04T00:00:00Z,1.3488000000
2007-06-05T00:00:00Z,1.3526000000
2007-06-06T00:00:00Z,1.3492000000
2007-06-07T00:00:00Z,1.3456000000
2007-06-08T00:00:00Z,1.3359000000
2007-06-11T00:00:00Z,1.3359000000
2007-06-12T00:00:00Z,1.3325000000
2007-06-13T00:00:00Z,1.3295000000
2007-06-14T00:00:00Z,1.3311000000
2007-06-15T00:00:00Z,1.3365000000
2007-06-18T00:00:00Z,1.3401000000
2007-06-19T00:00:00Z,1.3416000000
2007-06-20T00:00:00Z,1.3426000000
2007-06-21T00:00:00Z,1.3399000000
2007-06-22T00:00:00Z,1.3438000000
2007-06-25T00:00:00Z,1.3450000000
2007-06-26T00:00:00Z,1.3468000000
2007-06-27T00:00:00Z,1.3433000000
2007-06-28T00:00:00Z,1.3466000000
2007-06-29T00:00:00Z,1.3520000000
2007-07-02T00:00:00Z,1.3627000000
2007-07-03T00:00:00Z,1.3615000000
2007-07-05T00:00:00Z,1.3592000000
2007-07-06T00:00:00Z,1.3626000000
2007-07-09T00:00:00Z,1.3623000000
2007-07-10T00:00:00Z,1.3714000000
2007-07-11T00:00:00Z,1.3757000000
2007-07-12T00:00:00Z,1.3776000000
2007-07-13T00:00:00Z,1.3788000000
2007-07-16T00:00:00Z,1.3785000000
2007-07-17T00:00:00Z,1.3782000000
2007-07-18T00:00:00Z,1.3808000000
2007-07-19T00:00:00Z,1.3811000000
2007-07-20T00:00:00Z,1.3831000000
2007-07-23T00:00:00Z,1.3817000000
2007-07-24T00:00:00Z,1.3824000000
2007-07-25T00:00:00Z,1.3711000000
2007-07-26T00:00:00Z,1.3730000000
2007-07-27T00:00:00Z,1.3647000000
2007-07-30T00:00:00Z,1.3681000000
2007-07-31T00:00:00Z,1.3711000000
2007-08-01T00:00:00Z,1.3682000000
2007-08-02T00:00:00Z,1.3693000000
2007-08-03T00:00:00Z,1.3785000000
2007-08-06T00:00:00Z,1.3789000000
2007-08-07T00:00:00Z,1.3747000000
2007-08-08T00:00:00Z,1.3808000000
2007-08-09T00:00:00Z,1.3701000000
2007-08-10T00:00:00Z,1.3686000000
2007-08-13T00:00:00Z,1.3624000000
2007-08-14T00:00:00Z,1.3581000000
2007-08-15T00:00:00Z,1.3479000000
2007-08-16T00:00:00Z,1.3402000000
2007-08-17T00:00:00Z,1.3492000000
2007-08-20T00:00:00Z,1.3468000000
2007-08-21T00:00:00Z,1.3483000000
2007-08-22T00:00:00Z,1.3535000000
2007-08-23T00:00:00Z,1.3560000000
2007-08-24T00:00:00Z,1.3645000000
2007-08-27T00:00:00Z,1.3645000000
2007-08-28T00:00:00Z,1.3626000000
2007-08-29T00:00:00Z,1.3675000000
2007-08-30T00:00:00Z,1.3648000000
2007-08-31T00:00:00Z,1.3641000000
2007-09-03T00:00:00Z,1.3641000000
2007-09-04T00:00:00Z,1.3606000000
2007-09-05T00:00:00Z,1.3669000000
2007-09-06T00:00:00Z,1.3697000000
2007-09-07T00:00:00Z,1.3772000000
2007-09-10T00:00:00Z,1.3794000000
2007-09-11T00:00:00Z,1.3837000000
2007-09-12T00:00:00Z,1.3904000000
2007-09-13T00:00:00Z,1.3885000000
2007-09-14T00:00:00Z,1.3848000000
2007-09-17T00:00:00Z,1.3860000000
2007-09-18T00:00:00Z,1.3869000000
2007-09-19T00:00:00Z,1.3950000000
2007-09-20T00:00:00Z,1.4092000000
2007-09-21T00:00:00Z,1.4076000000
2007-09-24T00:00:00Z,1.4086000000
2007-09-25T00:00:00Z,1.4128000000
2007-09-26T00:00:00Z,1.4126000000
2007-09-27T00:00:00Z,1.4138000000
2007-09-28T00:00:00Z,1.4219000000
2007-10-01T00:00:00Z,1.4229000000
2007-10-02T00:00:00Z,1.4163000000
2007-10-03T00:00:00Z,1.4135000000
2007-10-04T00:00:00Z,1.4128000000
2007-10-05T00:00:00Z,1.4154000000
2007-10-08T00:00:00Z,1.4154000000
2007-10-09T00:00:00Z,1.4092000000
2007-10-10T00:00:00Z,1.4157000000
2007-10-11T00:00:00Z,1.4228000000
2007-10-12T00:00:00Z,1.4168000000
2007-10-15T00:00:00Z,1.4216000000
2007-10-16T00:00:00Z,1.4165000000
2007-10-17T00:00:00Z,1.4208000000
2007-10-18T00:00:00Z,1.4291000000
2007-10-19T00:00:00Z,1.4263000000
2007-10-22T00:00:00Z,1.4138000000
2007-10-23T00:00:00Z,1.4248000000
2007-10-24T00:00:00Z,1.4237000000
2007-10-25T00:00:00Z,1.4299000000
2007-10-26T00:00:00Z,1.4390000000
2007-10-29T00:00:00Z,1.4405000000
2007-10-30T00:00:00Z,1.4424000000
2007-10-31T00:00:00Z,1.4468000000
2007-11-01T00:00:00Z,1.4435000000
2007-11-02T00:00:00Z,1.4481000000
2007-11-05T00:00:00Z,1.4469000000
2007-11-06T00:00:00Z,1.4555000000
2007-11-07T00:00:00Z,1.4667000000
2007-11-08T00:00:00Z,1.4691000000
2007-11-09T00:00:00Z,1.4665000000
2007-11-13T00:00:00Z,1.4598000000
2007-11-14T00:00:00Z,1.4670000000
2007-11-15T00:00:00Z,1.4639000000
2007-11-16T00:00:00Z,1.4652000000
2007-11-19T00:00:00Z,1.4658000000
2007-11-20T00:00:00Z,1.4787000000
2007-11-21T00:00:00Z,1.4829000000
2007-11-22T00:00:00Z,1.4829000000
2007-11-23T00:00:00Z,1.4825000000
2007-11-26T00:00:00Z,1.4862000000
2007-11-27T00:00:00Z,1.4817000000
2007-11-28T00:00:00Z,1.4750000000
2007-11-29T00:00:00Z,1.4766000000
2007-11-30T00:00:00Z,1.4688000000
2007-12-03T00:00:00Z,1.4657000000
2007-12-04T00:00:00Z,1.4759000000
2007-12-05T00:00:00Z,1.4666000000
2007-12-06T00:00:00Z,1.4638000000
2007-12-07T00:00:00Z,1.4664000000
2007-12-10T00:00:00Z,1.4714000000
2007-12-11T00:00:00Z,1.4702000000
2007-12-12T00:00:00Z,1.4702000000
2007-12-13T00:00:00Z,1.4591000000
2007-12-14T00:00:00Z,1.4433000000
2007-12-17T00:00:00Z,1.4369000000
2007-12-18T00:00:00Z,1.4392000000
2007-12-19T00:00:00Z,1.4344000000
2007-12-20T00:00:00Z,1.4353000000
2007-12-21T00:00:00Z,1.4361000000
2007-12-24T00:00:00Z,1.4409000000
2007-12-26T00:00:00Z,1.4500000000
2007-12-27T00:00:00Z,1.4601000000
2007-12-28T00:00:00Z,1.4718000000
2007-12-31T00:00:00Z,1.4603000000
2008-01-02T00:00:00Z,1.4738000000
2008-01-03T00:00:00Z,1.4736000000
2008-01-04T00:00:00Z,1.4786000000
2008-01-07T00:00:00Z,1.4684000000
2008-01-08T00:00:00Z,1.4717000000
2008-01-09T00:00:00Z,1.4663000000
2008-01-10T00:00:00Z,1.4740000000
2008-01-11T00:00:00Z,1.4787000000
2008-01-14T00:00:00Z,1.4877000000
2008-01-15T00:00:00Z,1.4842000000
2008-01-16T00:00:00Z,1.4643000000
2008-01-17T00:00:00Z,1.4690000000
2008-01-18T00:00:00Z,1.4616000000
2008-01-22T00:00:00Z,1.4609000000
2008-01-23T00:00:00Z,1.4574000000
2008-01-24T00:00:00Z,1.4737000000
2008-01-25T00:00:00Z,1.4673000000
2008-01-28T00:00:00Z,1.4789000000
2008-01-29T00:00:00Z,1.4767000000
2008-01-30T00:00:00Z,1.4782000000
2008-01-31T00:00:00Z,1.4841000000
2008-02-01T00:00:00Z,1.4851000000
2008-02-04T00:00:00Z,1.4832000000
2008-02-05T00:00:00Z,1.4638000000
2008-02-06T00:00:00Z,1.4647000000
2008-02-07T00:00:00Z,1.4495000000
2008-02-08T00:00:00Z,1.4505000000
2008-02-11T00:00:00Z,1.4506000000
2008-02-12T00:00:00Z,1.4592000000
2008-02-13T00:00:00Z,1.4569000000
2008-02-14T00:00:00Z,1.4635000000
2008-02-15T00:00:00Z,1.4674000000
2008-02-19T00:00:00Z,1.4742000000
2008-02-20T00:00:00Z,1.4663000000
2008-02-21T00:00:00Z,1.4813000000
2008-02-22T00:00:00Z,1.4825000000
2008-02-25T00:00:00Z,1.4822000000
2008-02-26T00:00:00Z,1.4889000000
2008-02-27T00:00:00Z,1.5132000000
2008-02-28T00:00:00Z,1.5172000000
2008-02-29T00:00:00Z,1.5187000000
2008-03-03T00:00:00Z,1.5195000000
2008-03-04T00:00:00Z,1.5210000000
2008-03-05T00:00:00Z,1.5282000000
2008-03-06T00:00:00Z,1.5356000000
2008-03-07T00:00:00Z,1.5333000000
2008-03-10T00:00:00Z,1.5369000000
2008-03-11T00:00:00Z,1.5329000000
2008-03-12T00:00:00Z,1.5495000000
2008-03-13T00:00:00Z,1.5584000000
2008-03-14T00:00:00Z,1.5604000000
2008-03-17T00:00:00Z,1.5765000000
2008-03-18T00:00:00Z,1.5784000000
2008-03-19T00:00:00Z,1.5642000000
2008-03-20T00:00:00Z,1.5417000000
2008-03-21T00:00:00Z,1.5447000000
2008-03-24T00:00:00Z,1.5394000000
2008-03-25T00:00:00Z,1.5595000000
2008-03-26T00:00:00Z,1.5761000000
2008-03-27T00:00:00Z,1.5798000000
2008-03-28T00:00:00Z,1.5759000000
2008-03-31T00:00:00Z,1.5805000000
2008-04-01T00:00:00Z,1.5615000000
2008-04-02T00:00:00Z,1.5618000000
2008-04-03T00:00:00Z,1.5667000000
2008-04-04T00:00:00Z,1.5735000000
2008-04-07T00:00:00Z,1.5713000000
2008-04-08T00:00:00Z,1.5705000000
2008-04-09T00:00:00Z,1.5804000000
2008-04-10T00:00:00Z,1.5744000000
2008-04-11T00:00:00Z,1.5796000000
2008-04-14T00:00:00Z,1.5827000000
2008-04-15T00:00:00Z,1.5801000000
2008-04-16T00:00:00Z,1.5978000000
2008-04-17T00:00:00Z,1.5924000000
2008-04-18T00:00:00Z,1.5742000000
2008-04-21T00:00:00Z,1.5881000000
2008-04-22T00:00:00Z,1.6010000000
2008-04-23T00:00:00Z,1.5898000000
2008-04-24T00:00:00Z,1.5668000000
2008-04-25T00:00:00Z,1.5634000000
2008-04-28T00:00:00Z,1.5648000000
2008-04-29T00:00:00Z,1.5604000000
2008-04-30T00:00:00Z,1.5568000000
2008-05-01T00:00:00Z,1.5458000000
2008-05-02T00:00:00Z,1.5431000000
2008-05-05T00:00:00Z,1.5491000000
2008-05-06T00:00:00Z,1.5548000000
2008-05-07T00:00:00Z,1.5370000000
2008-05-08T00:00:00Z,1.5409000000
2008-05-09T00:00:00Z,1.5447000000
2008-05-12T00:00:00Z,1.5536000000
2008-05-13T00:00:00Z,1.5509000000
2008-05-14T00:00:00Z,1.5467000000
2008-05-15T00:00:00Z,1.5492000000
2008-05-16T00:00:00Z,1.5591000000
2008-05-19T00:00:00Z,1.5516000000
2008-05-20T00:00:00Z,1.5667000000
2008-05-21T00:00:00Z,1.5772000000
2008-05-22T00:00:00Z,1.5703000000
2008-05-23T00:00:00Z,1.5784000000
2008-05-27T00:00:00Z,1.5731000000
2008-05-28T00:00:00Z,1.5628000000
2008-05-29T00:00:00Z,1.5527000000
2008-05-30T00:00:00Z,1.5560000000
2008-06-02T00:00:00Z,1.5550000000
2008-06-03T00:00:00Z,1.5454000000
2008-06-04T00:00:00Z,1.5453000000
2008-06-05T00:00:00Z,1.5560000000
2008-06-06T00:00:00Z,1.5731000000
2008-06-09T00:00:00Z,1.5718000000
2008-06-10T00:00:00Z,1.5473000000
2008-06-11T00:00:00Z,1.5562000000
2008-06-12T00:00:00Z,1.5418000000
2008-06-13T00:00:00Z,1.5368000000
2008-06-16T00:00:00Z,1.5472000000
2008-06-17T00:00:00Z,1.5519000000
2008-06-18T00:00:00Z,1.5502000000
2008-06-19T00:00:00Z,1.5502000000
2008-06-20T00:00:00Z,1.5626000000
2008-06-23T00:00:00Z,1.5492000000
2008-06-24T00:00:00Z,1.5591000000
2008-06-25T00:00:00Z,1.5570000000
2008-06-26T00:00:00Z,1.5738000000
2008-06-27T00:00:00Z,1.5749000000
2008-06-30T00:00:00Z,1.5748000000
2008-07-01T00:00:00Z,1.5778000000
2008-07-02T00:00:00Z,1.5869000000
2008-07-03T00:00:00Z,1.5708000000
2008-07-07T00:00:00Z,1.5646000000
2008-07-08T00:00:00Z,1.5653000000
2008-07-09T00:00:00Z,1.5744000000
2008-07-10T00:00:00Z,1.5771000000
2008-07-11T00:00:00Z,1.5898000000
2008-07-14T00:00:00Z,1.5914000000
2008-07-15T00:00:00Z,1.5923000000
2008-07-16T00:00:00Z,1.5847000000
2008-07-17T00:00:00Z,1.5861000000
2008-07-18T00:00:00Z,1.5855000000
2008-07-21T00:00:00Z,1.5877000000
2008-07-22T00:00:00Z,1.5811000000
2008-07-23T00:00:00Z,1.5708000000
2008-07-24T00:00:00Z,1.5657000000
2008-07-25T00:00:00Z,1.5687000000
2008-07-28T00:00:00Z,1.5747000000
2008-07-29T00:00:00Z,1.5588000000
2008-07-30T00:00:00Z,1.5559000000
2008-07-31T00:00:00Z,1.5589000000
2008-08-01T00:00:00Z,1.5567000000
2008-08-04T00:00:00Z,1.5569000000
2008-08-05T00:00:00Z,1.5468000000
2008-08-06T00:00:00Z,1.5409000000
2008-08-07T00:00:00Z,1.5341000000
2008-08-08T00:00:00Z,1.5047000000
2008-08-11T00:00:00Z,1.4958000000
2008-08-12T00:00:00Z,1.4905000000
2008-08-13T00:00:00Z,1.4895000000
2008-08-14T00:00:00Z,1.4856000000
2008-08-15T00:00:00Z,1.4695000000
2008-08-18T00:00:00Z,1.4730000000
2008-08-19T00:00:00Z,1.4746000000
2008-08-20T00:00:00Z,1.4701000000
2008-08-21T00:00:00Z,1.4875000000
2008-08-22T00:00:00Z,1.4800000000
2008-08-25T00:00:00Z,1.4803000000
2008-08-26T00:00:00Z,1.4660000000
2008-08-27T00:00:00Z,1.4684000000
2008-08-28T00:00:00Z,1.4685000000
2008-08-29T00:00:00Z,1.4669000000
2008-09-02T00:00:00Z,1.4522000000
2008-09-03T00:00:00Z,1.4489000000
2008-09-04T00:00:00Z,1.4360000000
2008-09-05T00:00:00Z,1.4273000000
2008-09-08T00:00:00Z,1.4126000000
2008-09-09T00:00:00Z,1.4173000000
2008-09-10T00:00:00Z,1.4020000000
2008-09-11T00:00:00Z,1.3939000000
2008-09-12T00:00:00Z,1.4172000000
2008-09-15T00:00:00Z,1.4175000000
2008-09-16T00:00:00Z,1.4155000000
2008-09-17T00:00:00Z,1.4215000000
2008-09-18T00:00:00Z,1.4382000000
2008-09-19T00:00:00Z,1.4384000000
2008-09-22T00:00:00Z,1.4697000000
2008-09-23T00:00:00Z,1.4737000000
2008-09-24T00:00:00Z,1.4655000000
2008-09-25T00:00:00Z,1.4643000000
2008-09-26T00:00:00Z,1.4596000000
2008-09-29T00:00:00Z,1.4381000000
2008-09-30T00:00:00Z,1.4081000000
2008-10-01T00:00:00Z,1.4058000000
2008-10-02T00:00:00Z,1.3854000000
2008-10-03T00:00:00Z,1.3816000000
2008-10-06T00:00:00Z,1.3508000000
2008-10-07T00:00:00Z,1.3649000000
2008-10-08T00:00:00Z,1.3680000000
2008-10-09T00:00:00Z,1.3646000000
2008-10-10T00:00:00Z,1.3471000000
2008-10-14T00:00:00Z,1.3658000000
2008-10-15T00:00:00Z,1.3567000000
2008-10-16T00:00:00Z,1.3416000000
2008-10-17T00:00:00Z,1.3462000000
2008-10-20T00:00:00Z,1.3314000000
2008-10-21T00:00:00Z,1.3102000000
2008-10-22T00:00:00Z,1.2835000000
2008-10-23T00:00:00Z,1.2878000000
2008-10-24T00:00:00Z,1.2639000000
2008-10-27T00:00:00Z,1.2446000000
2008-10-28T00:00:00Z,1.2476000000
2008-10-29T00:00:00Z,1.2851000000
2008-10-30T00:00:00Z,1.2850000000
2008-10-31T00:00:00Z,1.2682000000
2008-11-03T00:00:00Z,1.2719000000
2008-11-04T00:00:00Z,1.3021000000
2008-11-05T00:00:00Z,1.3039000000
2008-11-06T00:00:00Z,1.2756000000
2008-11-07T00:00:00Z,1.2777000000
2008-11-10T00:00:00Z,1.2760000000
2008-11-12T00:00:00Z,1.2558000000
2008-11-13T00:00:00Z,1.2526000000
2008-11-14T00:00:00Z,1.2731000000
2008-11-17T00:00:00Z,1.2726000000
2008-11-18T00:00:00Z,1.2690000000
2008-11-19T00:00:00Z,1.2595000000
2008-11-20T00:00:00Z,1.2525000000
2008-11-21T00:00:00Z,1.2531000000
2008-11-24T00:00:00Z,1.2890000000
2008-11-25T00:00:00Z,1.3030000000
2008-11-26T00:00:00Z,1.2828000000
2008-11-28T00:00:00Z,1.2694000000
2008-12-01T00:00:00Z,1.2634000000
2008-12-02T00:00:00Z,1.2724000000
2008-12-03T00:00:00Z,1.2669000000
2008-12-04T00:00:00Z,1.2840000000
2008-12-05T00:00:00Z,1.2654000000
2008-12-08T00:00:00Z,1.2942000000
2008-12-09T00:00:00Z,1.2937000000
2008-12-10T00:00:00Z,1.3024000000
2008-12-11T00:00:00Z,1.3294000000
2008-12-12T00:00:00Z,1.3349000000
2008-12-15T00:00:00Z,1.3664000000
2008-12-16T00:00:00Z,1.3810000000
2008-12-17T00:00:00Z,1.4358000000
2008-12-18T00:00:00Z,1.4298000000
2008-12-19T00:00:00Z,1.3875000000
2008-12-22T00:00:00Z,1.3952000000
2008-12-23T00:00:00Z,1.3966000000
2008-12-24T00:00:00Z,1.3964000000
2008-12-26T00:00:00Z,1.4062000000
2008-12-29T00:00:00Z,1.4232000000
2008-12-30T00:00:00Z,1.4085000000
2008-12-31T00:00:00Z,1.3919000000
2009-01-02T00:00:00Z,1.3946000000
2009-01-05T00:00:00Z,1.3576000000
2009-01-06T00:00:00Z,1.3445000000
2009-01-07T00:00:00Z,1.3718000000
2009-01-08T00:00:00Z,1.3714000000
2009-01-09T00:00:00Z,1.3495000000
2009-01-12T00:00:00Z,1.3347000000
2009-01-13T00:00:00Z,1.3198000000
2009-01-14T00:00:00Z,1.3174000000
2009-01-15T00:00:00Z,1.3094000000
2009-01-16T00:00:00Z,1.3244000000
2009-01-20T00:00:00Z,1.2946000000
2009-01-21T00:00:00Z,1.2870000000
2009-01-22T00:00:00Z,1.2955000000
2009-01-23T00:00:00Z,1.2849000000
2009-01-26T00:00:00Z,1.3123000000
2009-01-27T00:00:00Z,1.3159000000
2009-01-28T00:00:00Z,1.3244000000
2009-01-29T00:00:00Z,1.2988000000
2009-01-30T00:00:00Z,1.2804000000
2009-02-02T00:00:00Z,1.2808000000
2009-02-03T00:00:00Z,1.3010000000
2009-02-04T00:00:00Z,1.2857000000
2009-02-05T00:00:00Z,1.2838000000
2009-02-06T00:00:00Z,1.2874000000
2009-02-09T00:00:00Z,1.3064000000
2009-02-10T00:00:00Z,1.2966000000
2009-02-11T00:00:00Z,1.2893000000
2009-02-12T00:00:00Z,1.2822000000
2009-02-13T00:00:00Z,1.2879000000
2009-02-17T00:00:00Z,1.2571000000
2009-02-18T00:00:00Z,1.2547000000
2009-02-19T00:00:00Z,1.2675000000
2009-02-20T00:00:00Z,1.2690000000
2009-02-23T00:00:00Z,1.2747000000
2009-02-24T00:00:00Z,1.2742000000
2009-02-25T00:00:00Z,1.2731000000
2009-02-26T00:00:00Z,1.2764000000
2009-02-27T00:00:00Z,1.2662000000
2009-03-02T00:00:00Z,1.2580000000
2009-03-03T00:00:00Z,1.2549000000
2009-03-04T00:00:00Z,1.2607000000
2009-03-05T00:00:00Z,1.2565000000
2009-03-06T00:00:00Z,1.2674000000
2009-03-09T00:00:00Z,1.2636000000
2009-03-10T00:00:00Z,1.2752000000
2009-03-11T00:00:00Z,1.2774000000
2009-03-12T00:00:00Z,1.2799000000
2009-03-13T00:00:00Z,1.2891000000
2009-03-16T00:00:00Z,1.2997000000
2009-03-17T00:00:00Z,1.2972000000
2009-03-18T00:00:00Z,1.3110000000
2009-03-19T00:00:00Z,1.3730000000
2009-03-20T00:00:00Z,1.3566000000
2009-03-23T00:00:00Z,1.3569000000
2009-03-24T00:00:00Z,1.3524000000
2009-03-25T00:00:00Z,1.3539000000
2009-03-26T00:00:00Z,1.3560000000
2009-03-27T00:00:00Z,1.3306000000
2009-03-30T00:00:00Z,1.3146000000
2009-03-31T00:00:00Z,1.3261000000
2009-04-01T00:00:00Z,1.3223000000
2009-04-02T00:00:00Z,1.3458000000
2009-04-03T00:00:00Z,1.3447000000
2009-04-06T00:00:00Z,1.3363000000
2009-04-07T00:00:00Z,1.3282000000
2009-04-08T00:00:00Z,1.3288000000
2009-04-09T00:00:00Z,1.3149000000
2009-04-10T00:00:00Z,1.3143000000
2009-04-13T00:00:00Z,1.3354000000
2009-04-14T00:00:00Z,1.3277000000
2009-04-15T00:00:00Z,1.3182000000
2009-04-16T00:00:00Z,1.3197000000
2009-04-17T00:00:00Z,1.3030000000
2009-04-20T00:00:00Z,1.2903000000
2009-04-21T00:00:00Z,1.2978000000
2009-04-22T00:00:00Z,1.3012000000
2009-04-23T00:00:00Z,1.3048000000
2009-04-24T00:00:00Z,1.3277000000
2009-04-27T00:00:00Z,1.3136000000
2009-04-28T00:00:00Z,1.3061000000
2009-04-29T00:00:00Z,1.3324000000
2009-04-30T00:00:00Z,1.3244000000
2009-05-01T00:00:00Z,1.3267000000
2009-05-04T00:00:00Z,1.3365000000
2009-05-05T00:00:00Z,1.3375000000
2009-05-06T00:00:00Z,1.3313000000
2009-05-07T00:00:00Z,1.3411000000
2009-05-08T00:00:00Z,1.3494000000
2009-05-11T00:00:00Z,1.3620000000
2009-05-12T00:00:00Z,1.3638000000
2009-05-13T00:00:00Z,1.3612000000
2009-05-14T00:00:00Z,1.3608000000
2009-05-15T00:00:00Z,1.3539000000
2009-05-18T00:00:00Z,1.3503000000
2009-05-19T00:00:00Z,1.3608000000
2009-05-20T00:00:00Z,1.3765000000
2009-05-21T00:00:00Z,1.3804000000
2009-05-22T00:00:00Z,1.4005000000
2009-05-26T00:00:00Z,1.3992000000
2009-05-27T00:00:00Z,1.3924000000
2009-05-28T00:00:00Z,1.3948000000
2009-05-29T00:00:00Z,1.4126000000
2009-06-01T00:00:00Z,1.4192000000
2009-06-02T00:00:00Z,1.4270000000
2009-06-03T00:00:00Z,1.4194000000
2009-06-04T00:00:00Z,1.4187000000
2009-06-05T00:00:00Z,1.3990000000
2009-06-08T00:00:00Z,1.3884000000
2009-06-09T00:00:00Z,1.4014000000
2009-06-10T00:00:00Z,1.3983000000
2009-06-11T00:00:00Z,1.4093000000
2009-06-12T00:00:00Z,1.4040000000
2009-06-15T00:00:00Z,1.3784000000
2009-06-16T00:00:00Z,1.3878000000
2009-06-17T00:00:00Z,1.3850000000
2009-06-18T00:00:00Z,1.3978000000
2009-06-19T00:00:00Z,1.3998000000
2009-06-22T00:00:00Z,1.3846000000
2009-06-23T00:00:00Z,1.4035000000
2009-06-24T00:00:00Z,1.4015000000
2009-06-25T00:00:00Z,1.3953000000
2009-06-26T00:00:00Z,1.4056000000
2009-06-29T00:00:00Z,1.4058000000
2009-06-30T00:00:00Z,1.4020000000
2009-07-01T00:00:00Z,1.4186000000
2009-07-02T00:00:00Z,1.4018000000
2009-07-03T00:00:00Z,1.3991000000
2009-07-06T00:00:00Z,1.3938000000
2009-07-07T00:00:00Z,1.3965000000
2009-07-08T00:00:00Z,1.3852000000
2009-07-09T00:00:00Z,1.4026000000
2009-07-10T00:00:00Z,1.3926000000
2009-07-13T00:00:00Z,1.3973000000
2009-07-14T00:00:00Z,1.3971000000
2009-07-15T00:00:00Z,1.4116000000
2009-07-16T00:00:00Z,1.4115000000
2009-07-17T00:00:00Z,1.4120000000
2009-07-20T00:00:00Z,1.4211000000
2009-07-21T00:00:00Z,1.4196000000
2009-07-22T00:00:00Z,1.4220000000
2009-07-23T00:00:00Z,1.4266000000
2009-07-24T00:00:00Z,1.4213000000
2009-07-27T00:00:00Z,1.4212000000
2009-07-28T00:00:00Z,1.4215000000
2009-07-29T00:00:00Z,1.4033000000
2009-07-30T00:00:00Z,1.4066000000
2009-07-31T00:00:00Z,1.4279000000
2009-08-03T00:00:00Z,1.4416000000
2009-08-04T00:00:00Z,1.4400000000
2009-08-05T00:00:00Z,1.4391000000
2009-08-06T00:00:00Z,1.4357000000
2009-08-07T00:00:00Z,1.4180000000
2009-08-10T00:00:00Z,1.4143000000
2009-08-11T00:00:00Z,1.4141000000
2009-08-12T00:00:00Z,1.4215000000
2009-08-13T00:00:00Z,1.4283000000
2009-08-14T00:00:00Z,1.4216000000
2009-08-17T00:00:00Z,1.4088000000
2009-08-18T00:00:00Z,1.4075000000
2009-08-19T00:00:00Z,1.4262000000
2009-08-20T00:00:00Z,1.4235000000
2009-08-21T00:00:00Z,1.4305000000
2009-08-24T00:00:00Z,1.4320000000
2009-08-25T00:00:00Z,1.4350000000
2009-08-26T00:00:00Z,1.4230000000
2009-08-27T00:00:00Z,1.4272000000
2009-08-28T00:00:00Z,1.4358000000
2009-08-31T00:00:00Z,1.4354000000
2009-09-01T00:00:00Z,1.4235000000
2009-09-02T00:00:00Z,1.4246000000
2009-09-03T00:00:00Z,1.4278000000
2009-09-04T00:00:00Z,1.4278000000
2009-09-08T00:00:00Z,1.4497000000
2009-09-09T00:00:00Z,1.4573000000
2009-09-10T00:00:00Z,1.4568000000
2009-09-11T00:00:00Z,1.4586000000
2009-09-14T00:00:00Z,1.4613000000
2009-09-15T00:00:00Z,1.4617000000
2009-09-16T00:00:00Z,1.4698000000
2009-09-17T00:00:00Z,1.4735000000
2009-09-18T00:00:00Z,1.4704000000
2009-09-21T00:00:00Z,1.4692000000
2009-09-22T00:00:00Z,1.4795000000
2009-09-23T00:00:00Z,1.4752000000
2009-09-24T00:00:00Z,1.4696000000
2009-09-25T00:00:00Z,1.4682000000
2009-09-28T00:00:00Z,1.4650000000
2009-09-29T00:00:00Z,1.4553000000
2009-09-30T00:00:00Z,1.4630000000
2009-10-01T00:00:00Z,1.4532000000
2009-10-02T00:00:00Z,1.4590000000
2009-10-05T00:00:00Z,1.4647000000
2009-10-06T00:00:00Z,1.4744000000
2009-10-07T00:00:00Z,1.4675000000
2009-10-08T00:00:00Z,1.4777000000
2009-10-09T00:00:00Z,1.4715000000
2009-10-13T00:00:00Z,1.4839000000
2009-10-14T00:00:00Z,1.4899000000
2009-10-15T00:00:00Z,1.4945000000
2009-10-16T00:00:00Z,1.4889000000
2009-10-19T00:00:00Z,1.4947000000
2009-10-20T00:00:00Z,1.4905000000
2009-10-21T00:00:00Z,1.5009000000
2009-10-22T00:00:00Z,1.5003000000
2009-10-23T00:00:00Z,1.5029000000
2009-10-26T00:00:00Z,1.4941000000
2009-10-27T00:00:00Z,1.4821000000
2009-10-28T00:00:00Z,1.4763000000
2009-10-29T00:00:00Z,1.4819000000
2009-10-30T00:00:00Z,1.4755000000
2009-11-02T00:00:00Z,1.4828000000
2009-11-03T00:00:00Z,1.4658000000
2009-11-04T00:00:00Z,1.4836000000
2009-11-05T00:00:00Z,1.4857000000
2009-11-06T00:00:00Z,1.4835000000
2009-11-09T00:00:00Z,1.4999000000
2009-11-10T00:00:00Z,1.4960000000
2009-11-12T00:00:00Z,1.4865000000
2009-11-13T00:00:00Z,1.4886000000
2009-11-16T00:00:00Z,1.4977000000
2009-11-17T00:00:00Z,1.4830000000
2009-11-18T00:00:00Z,1.4990000000
2009-11-19T00:00:00Z,1.4905000000
2009-11-20T00:00:00Z,1.4870000000
2009-11-23T00:00:00Z,1.4968000000
2009-11-24T00:00:00Z,1.4937000000
2009-11-25T00:00:00Z,1.5085000000
2009-11-27T00:00:00Z,1.4963000000
2009-11-30T00:00:00Z,1.4994000000
2009-12-01T00:00:00Z,1.5100000000
2009-12-02T00:00:00Z,1.5059000000
2009-12-03T00:00:00Z,1.5081000000
2009-12-04T00:00:00Z,1.4885000000
2009-12-07T00:00:00Z,1.4820000000
2009-12-08T00:00:00Z,1.4741000000
2009-12-09T00:00:00Z,1.4725000000
2009-12-10T00:00:00Z,1.4716000000
2009-12-11T00:00:00Z,1.4601000000
2009-12-14T00:00:00Z,1.4645000000
2009-12-15T00:00:00Z,1.4514000000
2009-12-16T00:00:00Z,1.4577000000
2009-12-17T00:00:00Z,1.4317000000
2009-12-18T00:00:00Z,1.4281000000
2009-12-21T00:00:00Z,1.4319000000
2009-12-22T00:00:00Z,1.4243000000
2009-12-23T00:00:00Z,1.4341000000
2009-12-24T00:00:00Z,1.4367000000
2009-12-28T00:00:00Z,1.4392000000
2009-12-29T00:00:00Z,1.4356000000
2009-12-30T00:00:00Z,1.4316000000
2009-12-31T00:00:00Z,1.4332000000
2010-01-04T00:00:00Z,1.4419000000
2010-01-05T00:00:00Z,1.4402000000
2010-01-06T00:00:00Z,1.4404000000
2010-01-07T00:00:00Z,1.4314000000
2010-01-08T00:00:00Z,1.4357000000
2010-01-11T00:00:00Z,1.4536000000
2010-01-12T00:00:00Z,1.4523000000
2010-01-13T00:00:00Z,1.4492000000
2010-01-14T00:00:00Z,1.4478000000
2010-01-15T00:00:00Z,1.4376000000
2010-01-19T00:00:00Z,1.4269000000
2010-01-20T00:00:00Z,1.4094000000
2010-01-21T00:00:00Z,1.4106000000
2010-01-22T00:00:00Z,1.4154000000
2010-01-25T00:00:00Z,1.4146000000
2010-01-26T00:00:00Z,1.4063000000
2010-01-27T00:00:00Z,1.4053000000
2010-01-28T00:00:00Z,1.3993000000
2010-01-29T00:00:00Z,1.3870000000
2010-02-01T00:00:00Z,1.3904000000
2010-02-02T00:00:00Z,1.3955000000
2010-02-03T00:00:00Z,1.3907000000
2010-02-04T00:00:00Z,1.3759000000
2010-02-05T00:00:00Z,1.3608000000
2010-02-08T00:00:00Z,1.3699000000
2010-02-09T00:00:00Z,1.3795000000
2010-02-10T00:00:00Z,1.3722000000
2010-02-11T00:00:00Z,1.3640000000
2010-02-12T00:00:00Z,1.3625000000
2010-02-16T00:00:00Z,1.3742000000
2010-02-17T00:00:00Z,1.3623000000
2010-02-18T00:00:00Z,1.3563000000
2010-02-19T00:00:00Z,1.3538000000
2010-02-22T00:00:00Z,1.3590000000
2010-02-23T00:00:00Z,1.3537000000
2010-02-24T00:00:00Z,1.3576000000
2010-02-25T00:00:00Z,1.3476000000
2010-02-26T00:00:00Z,1.3660000000
2010-03-01T00:00:00Z,1.3516000000
2010-03-02T00:00:00Z,1.3564000000
2010-03-03T00:00:00Z,1.3731000000
2010-03-04T00:00:00Z,1.3571000000
2010-03-05T00:00:00Z,1.3608000000
2010-03-08T00:00:00Z,1.3613000000
2010-03-09T00:00:00Z,1.3586000000
2010-03-10T00:00:00Z,1.3658000000
2010-03-11T00:00:00Z,1.3674000000
2010-03-12T00:00:00Z,1.3753000000
2010-03-15T00:00:00Z,1.3652000000
2010-03-16T00:00:00Z,1.3758000000
2010-03-17T00:00:00Z,1.3739000000
2010-03-18T00:00:00Z,1.3603000000
2010-03-19T00:00:00Z,1.3530000000
2010-03-22T00:00:00Z,1.3531000000
2010-03-23T00:00:00Z,1.3535000000
2010-03-24T00:00:00Z,1.3347000000
2010-03-25T00:00:00Z,1.3344000000
2010-03-26T00:00:00Z,1.3398000000
2010-03-29T00:00:00Z,1.3465000000
2010-03-30T00:00:00Z,1.3409000000
2010-03-31T00:00:00Z,1.3526000000
2010-04-01T00:00:00Z,1.3569000000
2010-04-02T00:00:00Z,1.3487000000
2010-04-05T00:00:00Z,1.3486000000
2010-04-06T00:00:00Z,1.3378000000
2010-04-07T00:00:00Z,1.3364000000
2010-04-08T00:00:00Z,1.3360000000
2010-04-09T00:00:00Z,1.3468000000
2010-04-12T00:00:00Z,1.3587000000
2010-04-13T00:00:00Z,1.3592000000
2010-04-14T00:00:00Z,1.3666000000
2010-04-15T00:00:00Z,1.3540000000
2010-04-16T00:00:00Z,1.3487000000
2010-04-19T00:00:00Z,1.3458000000
2010-04-20T00:00:00Z,1.3446000000
2010-04-21T00:00:00Z,1.3383000000
2010-04-22T00:00:00Z,1.3298000000
2010-04-23T00:00:00Z,1.3360000000
2010-04-26T00:00:00Z,1.3336000000
2010-04-27T00:00:00Z,1.3230000000
2010-04-28T00:00:00Z,1.3130000000
2010-04-29T00:00:00Z,1.3243000000
2010-04-30T00:00:00Z,1.3302000000
2010-05-03T00:00:00Z,1.3183000000
2010-05-04T00:00:00Z,1.3037000000
2010-05-05T00:00:00Z,1.2890000000
2010-05-06T00:00:00Z,1.2689000000
2010-05-07T00:00:00Z,1.2721000000
2010-05-10T00:00:00Z,1.2861000000
2010-05-11T00:00:00Z,1.2715000000
2010-05-12T00:00:00Z,1.2642000000
2010-05-13T00:00:00Z,1.2568000000
2010-05-14T00:00:00Z,1.2390000000
2010-05-17T00:00:00Z,1.2299000000
2010-05-18T00:00:00Z,1.2358000000
2010-05-19T00:00:00Z,1.2317000000
2010-05-20T00:00:00Z,1.2370000000
2010-05-21T00:00:00Z,1.2575000000
2010-05-24T00:00:00Z,1.2406000000
2010-05-25T00:00:00Z,1.2279000000
2010-05-26T00:00:00Z,1.2224000000
2010-05-27T00:00:00Z,1.2370000000
2010-05-28T00:00:00Z,1.2369000000
2010-06-01T00:00:00Z,1.2266000000
2010-06-02T00:00:00Z,1.2206000000
2010-06-03T00:00:00Z,1.2193000000
2010-06-04T00:00:00Z,1.1998000000
2010-06-07T00:00:00Z,1.1959000000
2010-06-08T00:00:00Z,1.1995000000
2010-06-09T00:00:00Z,1.2045000000
2010-06-10T00:00:00Z,1.2111000000
2010-06-11T00:00:00Z,1.2077000000
2010-06-14T00:00:00Z,1.2277000000
2010-06-15T00:00:00Z,1.2327000000
2010-06-16T00:00:00Z,1.2323000000
2010-06-17T00:00:00Z,1.2365000000
2010-06-18T00:00:00Z,1.2360000000
2010-06-21T00:00:00Z,1.2385000000
2010-06-22T00:00:00Z,1.2303000000
2010-06-23T00:00:00Z,1.2310000000
2010-06-24T00:00:00Z,1.2288000000
2010-06-25T00:00:00Z,1.2332000000
2010-06-28T00:00:00Z,1.2316000000
2010-06-29T00:00:00Z,1.2187000000
2010-06-30T00:00:00Z,1.2291000000
2010-07-01T00:00:00Z,1.2464000000
2010-07-02T00:00:00Z,1.2577000000
2010-07-06T00:00:00Z,1.2646000000
2010-07-07T00:00:00Z,1.2594000000
2010-07-08T00:00:00Z,1.2683000000
2010-07-09T00:00:00Z,1.2639000000
2010-07-12T00:00:00Z,1.2573000000
2010-07-13T00:00:00Z,1.2719000000
2010-07-14T00:00:00Z,1.2755000000
2010-07-15T00:00:00Z,1.2893000000
2010-07-16T00:00:00Z,1.2919000000
2010-07-19T00:00:00Z,1.2963000000
2010-07-20T00:00:00Z,1.2905000000
2010-07-21T00:00:00Z,1.2818000000
2010-07-22T00:00:00Z,1.2903000000
2010-07-23T00:00:00Z,1.2874000000
2010-07-26T00:00:00Z,1.2983000000
2010-07-27T00:00:00Z,1.2983000000
2010-07-28T00:00:00Z,1.2998000000
2010-07-29T00:00:00Z,1.3064000000
2010-07-30T00:00:00Z,1.3069000000
2010-08-02T00:00:00Z,1.3174000000
2010-08-03T00:00:00Z,1.3239000000
2010-08-04T00:00:00Z,1.3158000000
2010-08-05T00:00:00Z,1.3157000000
2010-08-06T00:00:00Z,1.3282000000
2010-08-09T00:00:00Z,1.3241000000
2010-08-10T00:00:00Z,1.3095000000
2010-08-11T00:00:00Z,1.2899000000
2010-08-12T00:00:00Z,1.2866000000
2010-08-13T00:00:00Z,1.2767000000
2010-08-16T00:00:00Z,1.2838000000
2010-08-17T00:00:00Z,1.2890000000
2010-08-18T00:00:00Z,1.2872000000
2010-08-19T00:00:00Z,1.2837000000
2010-08-20T00:00:00Z,1.2687000000
2010-08-23T00:00:00Z,1.2663000000
2010-08-24T00:00:00Z,1.2675000000
2010-08-25T00:00:00Z,1.2652000000
2010-08-26T00:00:00Z,1.2717000000
2010-08-27T00:00:00Z,1.2765000000
2010-08-30T00:00:00Z,1.2686000000
2010-08-31T00:00:00Z,1.2704000000
2010-09-01T00:00:00Z,1.2813000000
2010-09-02T00:00:00Z,1.2824000000
2010-09-03T00:00:00Z,1.2885000000
2010-09-07T00:00:00Z,1.2723000000
2010-09-08T00:00:00Z,1.2727000000
2010-09-09T00:00:00Z,1.2708000000
2010-09-10T00:00:00Z,1.2731000000
2010-09-13T00:00:00Z,1.2890000000
2010-09-14T00:00:00Z,1.3014000000
2010-09-15T00:00:00Z,1.3008000000
2010-09-16T00:00:00Z,1.3079000000
2010-09-17T00:00:00Z,1.3046000000
2010-09-20T00:00:00Z,1.3074000000
2010-09-21T00:00:00Z,1.3136000000
2010-09-22T00:00:00Z,1.3385000000
2010-09-23T00:00:00Z,1.3344000000
2010-09-24T00:00:00Z,1.3476000000
2010-09-27T00:00:00Z,1.3475000000
2010-09-28T00:00:00Z,1.3583000000
2010-09-29T00:00:00Z,1.3638000000
2010-09-30T00:00:00Z,1.3601000000
2010-10-01T00:00:00Z,1.3754000000
2010-10-04T00:00:00Z,1.3688000000
2010-10-05T00:00:00Z,1.3834000000
2010-10-06T00:00:00Z,1.3924000000
2010-10-07T00:00:00Z,1.3921000000
2010-10-08T00:00:00Z,1.3923000000
2010-10-12T00:00:00Z,1.3846000000
2010-10-13T00:00:00Z,1.3964000000
2010-10-14T00:00:00Z,1.4066000000
2010-10-15T00:00:00Z,1.3998000000
2010-10-18T00:00:00Z,1.3978000000
2010-10-19T00:00:00Z,1.3827000000
2010-10-20T00:00:00Z,1.3949000000
2010-10-21T00:00:00Z,1.3973000000
2010-10-22T00:00:00Z,1.3904000000
2010-10-25T00:00:00Z,1.3986000000
2010-10-26T00:00:00Z,1.3873000000
2010-10-27T00:00:00Z,1.3788000000
2010-10-28T00:00:00Z,1.3929000000
2010-10-29T00:00:00Z,1.3894000000
2010-11-01T00:00:00Z,1.3888000000
2010-11-02T00:00:00Z,1.4026000000
2010-11-03T00:00:00Z,1.4014000000
2010-11-04T00:00:00Z,1.4224000000
2010-11-05T00:00:00Z,1.4033000000
2010-11-08T00:00:00Z,1.3927000000
2010-11-09T00:00:00Z,1.3865000000
2010-11-10T00:00:00Z,1.3728000000
2010-11-12T00:00:00Z,1.3700000000
2010-11-15T00:00:00Z,1.3615000000
2010-11-16T00:00:00Z,1.3517000000
2010-11-17T00:00:00Z,1.3555000000
2010-11-18T00:00:00Z,1.3618000000
2010-11-19T00:00:00Z,1.3654000000
2010-11-22T00:00:00Z,1.3612000000
2010-11-23T00:00:00Z,1.3388000000
2010-11-24T00:00:00Z,1.3350000000
2010-11-26T00:00:00Z,1.3243000000
2010-11-29T00:00:00Z,1.3092000000
2010-11-30T00:00:00Z,1.3036000000
2010-12-01T00:00:00Z,1.3149000000
2010-12-02T00:00:00Z,1.3228000000
2010-12-03T00:00:00Z,1.3367000000
2010-12-06T00:00:00Z,1.3275000000
2010-12-07T00:00:00Z,1.3323000000
2010-12-08T00:00:00Z,1.3242000000
2010-12-09T00:00:00Z,1.3206000000
2010-12-10T00:00:00Z,1.3242000000
2010-12-13T00:00:00Z,1.3389000000
2010-12-14T00:00:00Z,1.3395000000
2010-12-15T00:00:00Z,1.3306000000
2010-12-16T00:00:00Z,1.3206000000
2010-12-17T00:00:00Z,1.3155000000
2010-12-20T00:00:00Z,1.3124000000
2010-12-21T00:00:00Z,1.3131000000
2010-12-22T00:00:00Z,1.3089000000
2010-12-23T00:00:00Z,1.3101000000
2010-12-27T00:00:00Z,1.3146000000
2010-12-28T00:00:00Z,1.3122000000
2010-12-29T00:00:00Z,1.3183000000
2010-12-30T00:00:00Z,1.3269000000
2011-01-03T00:00:00Z,1.3371000000
2011-01-04T00:00:00Z,1.3306000000
2011-01-05T00:00:00Z,1.3171000000
2011-01-06T00:00:00Z,1.3027000000
2011-01-07T00:00:00Z,1.2944000000
2011-01-10T00:00:00Z,1.2945000000
2011-01-11T00:00:00Z,1.2978000000
2011-01-12T00:00:00Z,1.3066000000
2011-01-13T00:00:00Z,1.3364000000
2011-01-14T00:00:00Z,1.3328000000
2011-01-18T00:00:00Z,1.3399000000
2011-01-19T00:00:00Z,1.3495000000
2011-01-20T00:00:00Z,1.3443000000
2011-01-21T00:00:00Z,1.3581000000
2011-01-24T00:00:00Z,1.3653000000
2011-01-25T00:00:00Z,1.3644000000
2011-01-26T00:00:00Z,1.3688000000
2011-01-27T00:00:00Z,1.3688000000
2011-01-28T00:00:00Z,1.3607000000
2011-01-31T00:00:00Z,1.3715000000
2011-02-01T00:00:00Z,1.3793000000
2011-02-02T00:00:00Z,1.3779000000
2011-02-03T00:00:00Z,1.3654000000
2011-02-04T00:00:00Z,1.3584000000
2011-02-07T00:00:00Z,1.3557000000
2011-02-08T00:00:00Z,1.3687000000
2011-02-09T00:00:00Z,1.3688000000
2011-02-10T00:00:00Z,1.3637000000
2011-02-11T00:00:00Z,1.3520000000
2011-02-14T00:00:00Z,1.3474000000
2011-02-15T00:00:00Z,1.3494000000
2011-02-16T00:00:00Z,1.3547000000
2011-02-17T00:00:00Z,1.3612000000
2011-02-18T00:00:00Z,1.3673000000
2011-02-22T00:00:00Z,1.3661000000
2011-02-23T00:00:00Z,1.3758000000
2011-02-24T00:00:00Z,1.3794000000
2011-02-25T00:00:00Z,1.3757000000
2011-02-28T00:00:00Z,1.3793000000
2011-03-01T00:00:00Z,1.3813000000
2011-03-02T00:00:00Z,1.3869000000
2011-03-03T00:00:00Z,1.3947000000
2011-03-04T00:00:00Z,1.3983000000
2011-03-07T00:00:00Z,1.3976000000
2011-03-08T00:00:00Z,1.3912000000
2011-03-09T00:00:00Z,1.3906000000
2011-03-10T00:00:00Z,1.3823000000
2011-03-11T00:00:00Z,1.3864000000
2011-03-14T00:00:00Z,1.3975000000
2011-03-15T00:00:00Z,1.3968000000
2011-03-16T00:00:00Z,1.3922000000
2011-03-17T00:00:00Z,1.4021000000
2011-03-18T00:00:00Z,1.4141000000
2011-03-21T00:00:00Z,1.4184000000
2011-03-22T00:00:00Z,1.4212000000
2011-03-23T00:00:00Z,1.4124000000
2011-03-24T00:00:00Z,1.4200000000
2011-03-25T00:00:00Z,1.4144000000
2011-03-28T00:00:00Z,1.4104000000
2011-03-29T00:00:00Z,1.4090000000
2011-03-30T00:00:00Z,1.4095000000
2011-03-31T00:00:00Z,1.4183000000
2011-04-01T00:00:00Z,1.4215000000
2011-04-04T00:00:00Z,1.4221000000
2011-04-05T00:00:00Z,1.4230000000
2011-04-06T00:00:00Z,1.4333000000
2011-04-07T00:00:00Z,1.4287000000
2011-04-08T00:00:00Z,1.4437000000
2011-04-11T00:00:00Z,1.4454000000
2011-04-12T00:00:00Z,1.4455000000
2011-04-13T00:00:00Z,1.4477000000
2011-04-14T00:00:00Z,1.4464000000
2011-04-15T00:00:00Z,1.4443000000
2011-04-18T00:00:00Z,1.4211000000
2011-04-19T00:00:00Z,1.4319000000
2011-04-20T00:00:00Z,1.4513000000
2011-04-21T00:00:00Z,1.4585000000
2011-04-22T00:00:00Z,1.4545000000
2011-04-25T00:00:00Z,1.4576000000
2011-04-26T00:00:00Z,1.4625000000
2011-04-27T00:00:00Z,1.4659000000
2011-04-28T00:00:00Z,1.4785000000
2011-04-29T00:00:00Z,1.4821000000
2011-05-02T00:00:00Z,1.4870000000
2011-05-03T00:00:00Z,1.4875000000
2011-05-04T00:00:00Z,1.4859000000
2011-05-05T00:00:00Z,1.4583000000
2011-05-06T00:00:00Z,1.4495000000
2011-05-09T00:00:00Z,1.4301000000
2011-05-10T00:00:00Z,1.4358000000
2011-05-11T00:00:00Z,1.4269000000
2011-05-12T00:00:00Z,1.4229000000
2011-05-13T00:00:00Z,1.4141000000
2011-05-16T00:00:00Z,1.4219000000
2011-05-17T00:00:00Z,1.4155000000
2011-05-18T00:00:00Z,1.4270000000
2011-05-19T00:00:00Z,1.4254000000
2011-05-20T00:00:00Z,1.4172000000
2011-05-23T00:00:00Z,1.4015000000
2011-05-24T00:00:00Z,1.4107000000
2011-05-25T00:00:00Z,1.4102000000
2011-05-26T00:00:00Z,1.4088000000
2011-05-27T00:00:00Z,1.4287000000
2011-05-31T00:00:00Z,1.4376000000
2011-06-01T00:00:00Z,1.4431000000
2011-06-02T00:00:00Z,1.4426000000
2011-06-03T00:00:00Z,1.4604000000
2011-06-06T00:00:00Z,1.4620000000
2011-06-07T00:00:00Z,1.4675000000
2011-06-08T00:00:00Z,1.4587000000
2011-06-09T00:00:00Z,1.4534000000
2011-06-10T00:00:00Z,1.4365000000
2011-06-13T00:00:00Z,1.4368000000
2011-06-14T00:00:00Z,1.4473000000
2011-06-15T00:00:00Z,1.4221000000
2011-06-16T00:00:00Z,1.4155000000
2011-06-17T00:00:00Z,1.4326000000
2011-06-20T00:00:00Z,1.4320000000
2011-06-21T00:00:00Z,1.4399000000
2011-06-22T00:00:00Z,1.4403000000
2011-06-23T00:00:00Z,1.4166000000
2011-06-24T00:00:00Z,1.4189000000
2011-06-27T00:00:00Z,1.4282000000
2011-06-28T00:00:00Z,1.4368000000
2011-06-29T00:00:00Z,1.4428000000
2011-06-30T00:00:00Z,1.4523000000
2011-07-01T00:00:00Z,1.4508000000
2011-07-05T00:00:00Z,1.4470000000
2011-07-06T00:00:00Z,1.4329000000
2011-07-07T00:00:00Z,1.4349000000
2011-07-08T00:00:00Z,1.4251000000
2011-07-11T00:00:00Z,1.4034000000
2011-07-12T00:00:00Z,1.4014000000
2011-07-13T00:00:00Z,1.4167000000
2011-07-14T00:00:00Z,1.4182000000
2011-07-15T00:00:00Z,1.4156000000
2011-07-18T00:00:00Z,1.4042000000
2011-07-19T00:00:00Z,1.4156000000
2011-07-20T00:00:00Z,1.4188000000
2011-07-21T00:00:00Z,1.4372000000
2011-07-22T00:00:00Z,1.4366000000
2011-07-25T00:00:00Z,1.4357000000
2011-07-26T00:00:00Z,1.4495000000
2011-07-27T00:00:00Z,1.4373000000
2011-07-28T00:00:00Z,1.4303000000
2011-07-29T00:00:00Z,1.4388000000
2011-08-01T00:00:00Z,1.4202000000
2011-08-02T00:00:00Z,1.4232000000
2011-08-03T00:00:00Z,1.4320000000
2011-08-04T00:00:00Z,1.4158000000
2011-08-05T00:00:00Z,1.4158000000
2011-08-08T00:00:00Z,1.4241000000
2011-08-09T00:00:00Z,1.4242000000
2011-08-10T00:00:00Z,1.4193000000
2011-08-11T00:00:00Z,1.4230000000
2011-08-12T00:00:00Z,1.4239000000
2011-08-15T00:00:00Z,1.4452000000
2011-08-16T00:00:00Z,1.4421000000
2011-08-17T00:00:00Z,1.4436000000
2011-08-18T00:00:00Z,1.4320000000
2011-08-19T00:00:00Z,1.4408000000
2011-08-22T00:00:00Z,1.4384000000
2011-08-23T00:00:00Z,1.4431000000
2011-08-24T00:00:00Z,1.4402000000
2011-08-25T00:00:00Z,1.4380000000
2011-08-26T00:00:00Z,1.4463000000
2011-08-29T00:00:00Z,1.4510000000
2011-08-30T00:00:00Z,1.4435000000
2011-08-31T00:00:00Z,1.4406000000
2011-09-01T00:00:00Z,1.4283000000
2011-09-02T00:00:00Z,1.4203000000
2011-09-06T00:00:00Z,1.3999000000
2011-09-07T00:00:00Z,1.4058000000
2011-09-08T00:00:00Z,1.3947000000
2011-09-09T00:00:00Z,1.3666000000
2011-09-12T00:00:00Z,1.3635000000
2011-09-13T00:00:00Z,1.3680000000
2011-09-14T00:00:00Z,1.3710000000
2011-09-15T00:00:00Z,1.3858000000
2011-09-16T00:00:00Z,1.3783000000
2011-09-19T00:00:00Z,1.3636000000
2011-09-20T00:00:00Z,1.3697000000
2011-09-21T00:00:00Z,1.3724000000
2011-09-22T00:00:00Z,1.3446000000
2011-09-23T00:00:00Z,1.3518000000
2011-09-26T00:00:00Z,1.3516000000
2011-09-27T00:00:00Z,1.3606000000
2011-09-28T00:00:00Z,1.3628000000
2011-09-29T00:00:00Z,1.3639000000
2011-09-30T00:00:00Z,1.3449000000
2011-10-03T00:00:00Z,1.3281000000
2011-10-04T00:00:00Z,1.3294000000
2011-10-05T00:00:00Z,1.3328000000
2011-10-06T00:00:00Z,1.3408000000
2011-10-07T00:00:00Z,1.3512000000
2011-10-11T00:00:00Z,1.3657000000
2011-10-12T00:00:00Z,1.3805000000
2011-10-13T00:00:00Z,1.3730000000
2011-10-14T00:00:00Z,1.3861000000
2011-10-17T00:00:00Z,1.3770000000
2011-10-18T00:00:00Z,1.3719000000
2011-10-19T00:00:00Z,1.3775000000
2011-10-20T00:00:00Z,1.3672000000
2011-10-21T00:00:00Z,1.3873000000
2011-10-24T00:00:00Z,1.3932000000
2011-10-25T00:00:00Z,1.3911000000
2011-10-26T00:00:00Z,1.3838000000
2011-10-27T00:00:00Z,1.4172000000
2011-10-28T00:00:00Z,1.4164000000
2011-10-31T00:00:00Z,1.3947000000
2011-11-01T00:00:00Z,1.3676000000
2011-11-02T00:00:00Z,1.3803000000
2011-11-03T00:00:00Z,1.3744000000
2011-11-04T00:00:00Z,1.3761000000
2011-11-07T00:00:00Z,1.3744000000
2011-11-08T00:00:00Z,1.3785000000
2011-11-09T00:00:00Z,1.3596000000
2011-11-10T00:00:00Z,1.3600000000
2011-11-14T00:00:00Z,1.3625000000
2011-11-15T00:00:00Z,1.3524000000
2011-11-16T00:00:00Z,1.3505000000
2011-11-17T00:00:00Z,1.3522000000
2011-11-18T00:00:00Z,1.3521000000
2011-11-21T00:00:00Z,1.3525000000
2011-11-22T00:00:00Z,1.3500000000
2011-11-23T00:00:00Z,1.3347000000
2011-11-25T00:00:00Z,1.3244000000
2011-11-28T00:00:00Z,1.3334000000
2011-11-29T00:00:00Z,1.3343000000
2011-11-30T00:00:00Z,1.3453000000
2011-12-01T00:00:00Z,1.3487000000
2011-12-02T00:00:00Z,1.3386000000
2011-12-05T00:00:00Z,1.3463000000
2011-12-06T00:00:00Z,1.3397000000
2011-12-07T00:00:00Z,1.3386000000
2011-12-08T00:00:00Z,1.3324000000
2011-12-09T00:00:00Z,1.3368000000
2011-12-12T00:00:00Z,1.3188000000
2011-12-13T00:00:00Z,1.3094000000
2011-12-14T00:00:00Z,1.2972000000
2011-12-15T00:00:00Z,1.3013000000
2011-12-16T00:00:00Z,1.3025000000
2011-12-19T00:00:00Z,1.3017000000
2011-12-20T00:00:00Z,1.3076000000
2011-12-21T00:00:00Z,1.3040000000
2011-12-22T00:00:00Z,1.3045000000
2011-12-23T00:00:00Z,1.3040000000
2011-12-27T00:00:00Z,1.3074000000
2011-12-28T00:00:00Z,1.2926000000
2011-12-29T00:00:00Z,1.2952000000
2011-12-30T00:00:00Z,1.2973000000
2012-01-03T00:00:00Z,1.3061000000
2012-01-04T00:00:00Z,1.2930000000
2012-01-05T00:00:00Z,1.2783000000
2012-01-06T00:00:00Z,1.2723000000
2012-01-09T00:00:00Z,1.2745000000
2012-01-10T00:00:00Z,1.2782000000
2012-01-11T00:00:00Z,1.2686000000
2012-01-12T00:00:00Z,1.2818000000
2012-01-13T00:00:00Z,1.2682000000
2012-01-17T00:00:00Z,1.2740000000
2012-01-18T00:00:00Z,1.2825000000
2012-01-19T00:00:00Z,1.2937000000
2012-01-20T00:00:00Z,1.2948000000
2012-01-23T00:00:00Z,1.3035000000
2012-01-24T00:00:00Z,1.3004000000
2012-01-25T00:00:00Z,1.2978000000
2012-01-26T00:00:00Z,1.3152000000
2012-01-27T00:00:00Z,1.3192000000
2012-01-30T00:00:00Z,1.3123000000
2012-01-31T00:00:00Z,1.3053000000
2012-02-01T00:00:00Z,1.3179000000
2012-02-02T00:00:00Z,1.3167000000
2012-02-03T00:00:00Z,1.3106000000
2012-02-06T00:00:00Z,1.3130000000
2012-02-07T00:00:00Z,1.3244000000
2012-02-08T00:00:00Z,1.3253000000
2012-02-09T00:00:00Z,1.3297000000
2012-02-10T00:00:00Z,1.3187000000
2012-02-13T00:00:00Z,1.3211000000
2012-02-14T00:00:00Z,1.3149000000
2012-02-15T00:00:00Z,1.3087000000
2012-02-16T00:00:00Z,1.3110000000
2012-02-17T00:00:00Z,1.3149000000
2012-02-21T00:00:00Z,1.3255000000
2012-02-22T00:00:00Z,1.3251000000
2012-02-23T00:00:00Z,1.3308000000
2012-02-24T00:00:00Z,1.3463000000
2012-02-27T00:00:00Z,1.3410000000
2012-02-28T00:00:00Z,1.3452000000
2012-02-29T00:00:00Z,1.3359000000
2012-03-01T00:00:00Z,1.3320000000
2012-03-02T00:00:00Z,1.3202000000
2012-03-05T00:00:00Z,1.3226000000
2012-03-06T00:00:00Z,1.3114000000
2012-03-07T00:00:00Z,1.3149000000
2012-03-08T00:00:00Z,1.3256000000
2012-03-09T00:00:00Z,1.3108000000
2012-03-12T00:00:00Z,1.3141000000
2012-03-13T00:00:00Z,1.3109000000
2012-03-14T00:00:00Z,1.3025000000
2012-03-15T00:00:00Z,1.3070000000
2012-03-16T00:00:00Z,1.3171000000
2012-03-19T00:00:00Z,1.3242000000
2012-03-20T00:00:00Z,1.3222000000
2012-03-21T00:00:00Z,1.3190000000
2012-03-22T00:00:00Z,1.3194000000
2012-03-23T00:00:00Z,1.3263000000
2012-03-26T00:00:00Z,1.3328000000
2012-03-27T00:00:00Z,1.3336000000
2012-03-28T00:00:00Z,1.3300000000
2012-03-29T00:00:00Z,1.3265000000
2012-03-30T00:00:00Z,1.3334000000
2012-04-02T00:00:00Z,1.3325000000
2012-04-03T00:00:00Z,1.3337000000
2012-04-04T00:00:00Z,1.3126000000
2012-04-05T00:00:00Z,1.3064000000
2012-04-06T00:00:00Z,1.3089000000
2012-04-09T00:00:00Z,1.3087000000
2012-04-10T00:00:00Z,1.3068000000
2012-04-11T00:00:00Z,1.3104000000
2012-04-12T00:00:00Z,1.3171000000
2012-04-13T00:00:00Z,1.3082000000
2012-04-16T00:00:00Z,1.3067000000
2012-04-17T00:00:00Z,1.3123000000
2012-04-18T00:00:00Z,1.3122000000
2012-04-19T00:00:00Z,1.3132000000
2012-04-20T00:00:00Z,1.3212000000
2012-04-23T00:00:00Z,1.3129000000
2012-04-24T00:00:00Z,1.3207000000
2012-04-25T00:00:00Z,1.3210000000
2012-04-26T00:00:00Z,1.3232000000
2012-04-27T00:00:00Z,1.3248000000
2012-04-30T00:00:00Z,1.3229000000
2012-05-01T00:00:00Z,1.3226000000
2012-05-02T00:00:00Z,1.3154000000
2012-05-03T00:00:00Z,1.3147000000
2012-05-04T00:00:00Z,1.3091000000
2012-05-07T00:00:00Z,1.3052000000
2012-05-08T00:00:00Z,1.3015000000
2012-05-09T00:00:00Z,1.2954000000
2012-05-10T00:00:00Z,1.2959000000
2012-05-11T00:00:00Z,1.2937000000
2012-05-14T00:00:00Z,1.2847000000
2012-05-15T00:00:00Z,1.2769000000
2012-05-16T00:00:00Z,1.2730000000
2012-05-17T00:00:00Z,1.2709000000
2012-05-18T00:00:00Z,1.2721000000
2012-05-21T00:00:00Z,1.2769000000
2012-05-22T00:00:00Z,1.2735000000
2012-05-23T00:00:00Z,1.2569000000
2012-05-24T00:00:00Z,1.2583000000
2012-05-25T00:00:00Z,1.2518000000
2012-05-29T00:00:00Z,1.2488000000
2012-05-30T00:00:00Z,1.2405000000
2012-05-31T00:00:00Z,1.2364000000
2012-06-01T00:00:00Z,1.2420000000
2012-06-04T00:00:00Z,1.2495000000
2012-06-05T00:00:00Z,1.2437000000
2012-06-06T00:00:00Z,1.2535000000
2012-06-07T00:00:00Z,1.2568000000
2012-06-08T00:00:00Z,1.2482000000
2012-06-11T00:00:00Z,1.2504000000
2012-06-12T00:00:00Z,1.2477000000
2012-06-13T00:00:00Z,1.2596000000
2012-06-14T00:00:00Z,1.2608000000
2012-06-15T00:00:00Z,1.2633000000
2012-06-18T00:00:00Z,1.2578000000
2012-06-19T00:00:00Z,1.2692000000
2012-06-20T00:00:00Z,1.2703000000
2012-06-21T00:00:00Z,1.2586000000
2012-06-22T00:00:00Z,1.2545000000
2012-06-25T00:00:00Z,1.2480000000
2012-06-26T00:00:00Z,1.2471000000
2012-06-27T00:00:00Z,1.2457000000
2012-06-28T00:00:00Z,1.2433000000
2012-06-29T00:00:00Z,1.2668000000
2012-07-02T00:00:00Z,1.2584000000
2012-07-03T00:00:00Z,1.2620000000
2012-07-05T00:00:00Z,1.2384000000
2012-07-06T00:00:00Z,1.2283000000
2012-07-09T00:00:00Z,1.2299000000
2012-07-10T00:00:00Z,1.2255000000
2012-07-11T00:00:00Z,1.2244000000
2012-07-12T00:00:00Z,1.2199000000
2012-07-13T00:00:00Z,1.2232000000
2012-07-16T00:00:00Z,1.2267000000
2012-07-17T00:00:00Z,1.2234000000
2012-07-18T00:00:00Z,1.2261000000
2012-07-19T00:00:00Z,1.2257000000
2012-07-20T00:00:00Z,1.2176000000
2012-07-23T00:00:00Z,1.2126000000
2012-07-24T00:00:00Z,1.2062000000
2012-07-25T00:00:00Z,1.2132000000
2012-07-26T00:00:00Z,1.2280000000
2012-07-27T00:00:00Z,1.2370000000
2012-07-30T00:00:00Z,1.2250000000
2012-07-31T00:00:00Z,1.2315000000
2012-08-01T00:00:00Z,1.2299000000
2012-08-02T00:00:00Z,1.2149000000
2012-08-03T00:00:00Z,1.2390000000
2012-08-06T00:00:00Z,1.2422000000
2012-08-07T00:00:00Z,1.2422000000
2012-08-08T00:00:00Z,1.2364000000
2012-08-09T00:00:00Z,1.2278000000
2012-08-10T00:00:00Z,1.2298000000
2012-08-13T00:00:00Z,1.2339000000
2012-08-14T00:00:00Z,1.2329000000
2012-08-15T00:00:00Z,1.2288000000
2012-08-16T00:00:00Z,1.2356000000
2012-08-17T00:00:00Z,1.2315000000
2012-08-20T00:00:00Z,1.2343000000
2012-08-21T00:00:00Z,1.2472000000
2012-08-22T00:00:00Z,1.2472000000
2012-08-23T00:00:00Z,1.2583000000
2012-08-24T00:00:00Z,1.2533000000
2012-08-27T00:00:00Z,1.2514000000
2012-08-28T00:00:00Z,1.2564000000
2012-08-29T00:00:00Z,1.2538000000
2012-08-30T00:00:00Z,1.2497000000
2012-08-31T00:00:00Z,1.2578000000
2012-09-04T00:00:00Z,1.2566000000
2012-09-05T00:00:00Z,1.2603000000
2012-09-06T00:00:00Z,1.2626000000
2012-09-07T00:00:00Z,1.2796000000
2012-09-10T00:00:00Z,1.2795000000
2012-09-11T00:00:00Z,1.2858000000
2012-09-12T00:00:00Z,1.2894000000
2012-09-13T00:00:00Z,1.2912000000
2012-09-14T00:00:00Z,1.3142000000
2012-09-17T00:00:00Z,1.3125000000
2012-09-18T00:00:00Z,1.3051000000
2012-09-19T00:00:00Z,1.3065000000
2012-09-20T00:00:00Z,1.2948000000
2012-09-21T00:00:00Z,1.2990000000
2012-09-24T00:00:00Z,1.2909000000
2012-09-25T00:00:00Z,1.2945000000
2012-09-26T00:00:00Z,1.2852000000
2012-09-27T00:00:00Z,1.2874000000
2012-09-28T00:00:00Z,1.2856000000
2012-10-01T00:00:00Z,1.2900000000
2012-10-02T00:00:00Z,1.2951000000
2012-10-03T00:00:00Z,1.2909000000
2012-10-04T00:00:00Z,1.3001000000
2012-10-05T00:00:00Z,1.3059000000
2012-10-09T00:00:00Z,1.2876000000
2012-10-10T00:00:00Z,1.2888000000
2012-10-11T00:00:00Z,1.2928000000
2012-10-12T00:00:00Z,1.2946000000
2012-10-15T00:00:00Z,1.2950000000
2012-10-16T00:00:00Z,1.3036000000
2012-10-17T00:00:00Z,1.3133000000
2012-10-18T00:00:00Z,1.3106000000
2012-10-19T00:00:00Z,1.3022000000
2012-10-22T00:00:00Z,1.3063000000
2012-10-23T00:00:00Z,1.2971000000
2012-10-24T00:00:00Z,1.2946000000
2012-10-25T00:00:00Z,1.2958000000
2012-10-26T00:00:00Z,1.2938000000
2012-10-29T00:00:00Z,1.2906000000
2012-10-30T00:00:00Z,1.2979000000
2012-10-31T00:00:00Z,1.2958000000
2012-11-01T00:00:00Z,1.2937000000
2012-11-02T00:00:00Z,1.2848000000
2012-11-05T00:00:00Z,1.2790000000
2012-11-06T00:00:00Z,1.2818000000
2012-11-07T00:00:00Z,1.2759000000
2012-11-08T00:00:00Z,1.2740000000
2012-11-09T00:00:00Z,1.2715000000
2012-11-13T00:00:00Z,1.2716000000
2012-11-14T00:00:00Z,1.2740000000
2012-11-15T00:00:00Z,1.2783000000
2012-11-16T00:00:00Z,1.2715000000
2012-11-19T00:00:00Z,1.2806000000
2012-11-20T00:00:00Z,1.2814000000
2012-11-21T00:00:00Z,1.2816000000
2012-11-23T00:00:00Z,1.2959000000
2012-11-26T00:00:00Z,1.2966000000
2012-11-27T00:00:00Z,1.2940000000
2012-11-28T00:00:00Z,1.2923000000
2012-11-29T00:00:00Z,1.2953000000
2012-11-30T00:00:00Z,1.3010000000
2012-12-03T00:00:00Z,1.3066000000
2012-12-04T00:00:00Z,1.3081000000
2012-12-05T00:00:00Z,1.3077000000
2012-12-06T00:00:00Z,1.2968000000
2012-12-07T00:00:00Z,1.2942000000
2012-12-10T00:00:00Z,1.2930000000
2012-12-11T00:00:00Z,1.2992000000
2012-12-12T00:00:00Z,1.3038000000
2012-12-13T00:00:00Z,1.3077000000
2012-12-14T00:00:00Z,1.3134000000
2012-12-17T00:00:00Z,1.3169000000
2012-12-18T00:00:00Z,1.3224000000
2012-12-19T00:00:00Z,1.3260000000
2012-12-20T00:00:00Z,1.3224000000
2012-12-21T00:00:00Z,1.3166000000
2012-12-24T00:00:00Z,1.3179000000
2012-12-26T00:00:00Z,1.3228000000
2012-12-27T00:00:00Z,1.3228000000
2012-12-28T00:00:00Z,1.3220000000
2012-12-31T00:00:00Z,1.3186000000
2013-01-02T00:00:00Z,1.3195000000
2013-01-03T00:00:00Z,1.3110000000
2013-01-04T00:00:00Z,1.3047000000
2013-01-07T00:00:00Z,1.3099000000
2013-01-08T00:00:00Z,1.3068000000
2013-01-09T00:00:00Z,1.3078000000
2013-01-10T00:00:00Z,1.3220000000
2013-01-11T00:00:00Z,1.3353000000
2013-01-14T00:00:00Z,1.3369000000
2013-01-15T00:00:00Z,1.3342000000
2013-01-16T00:00:00Z,1.3305000000
2013-01-17T00:00:00Z,1.3356000000
2013-01-18T00:00:00Z,1.3303000000
2013-01-22T00:00:00Z,1.3304000000
2013-01-23T00:00:00Z,1.3308000000
2013-01-24T00:00:00Z,1.3378000000
2013-01-25T00:00:00Z,1.3456000000
2013-01-28T00:00:00Z,1.3459000000
2013-01-29T00:00:00Z,1.3484000000
2013-01-30T00:00:00Z,1.3564000000
2013-01-31T00:00:00Z,1.3584000000
2013-02-01T00:00:00Z,1.3692000000
2013-02-04T00:00:00Z,1.3527000000
2013-02-05T00:00:00Z,1.3569000000
2013-02-06T00:00:00Z,1.3528000000
2013-02-07T00:00:00Z,1.3382000000
2013-02-08T00:00:00Z,1.3366000000
2013-02-11T00:00:00Z,1.3414000000
2013-02-12T00:00:00Z,1.3450000000
2013-02-13T00:00:00Z,1.3448000000
2013-02-14T00:00:00Z,1.3334000000
2013-02-15T00:00:00Z,1.3362000000
2013-02-19T00:00:00Z,1.3387000000
2013-02-20T00:00:00Z,1.3350000000
2013-02-21T00:00:00Z,1.3204000000
2013-02-22T00:00:00Z,1.3166000000
2013-02-25T00:00:00Z,1.3172000000
2013-02-26T00:00:00Z,1.3054000000
2013-02-27T00:00:00Z,1.3104000000
2013-02-28T00:00:00Z,1.3079000000
2013-03-01T00:00:00Z,1.2988000000
2013-03-04T00:00:00Z,1.2996000000
2013-03-05T00:00:00Z,1.3019000000
2013-03-06T00:00:00Z,1.2990000000
2013-03-07T00:00:00Z,1.3098000000
2013-03-08T00:00:00Z,1.2992000000
2013-03-11T00:00:00Z,1.3014000000
2013-03-12T00:00:00Z,1.3023000000
2013-03-13T00:00:00Z,1.2949000000
2013-03-14T00:00:00Z,1.2974000000
2013-03-15T00:00:00Z,1.3076000000
2013-03-18T00:00:00Z,1.2956000000
2013-03-19T00:00:00Z,1.2888000000
2013-03-20T00:00:00Z,1.2950000000
2013-03-21T00:00:00Z,1.2928000000
2013-03-22T00:00:00Z,1.2996000000
2013-03-25T00:00:00Z,1.2881000000
2013-03-26T00:00:00Z,1.2858000000
2013-03-27T00:00:00Z,1.2782000000
2013-03-28T00:00:00Z,1.2842000000
2013-03-29T00:00:00Z,1.2816000000
2013-04-01T00:00:00Z,1.2857000000
2013-04-02T00:00:00Z,1.2836000000
2013-04-03T00:00:00Z,1.2847000000
2013-04-04T00:00:00Z,1.2854000000
2013-04-05T00:00:00Z,1.3027000000
2013-04-08T00:00:00Z,1.3008000000
2013-04-09T00:00:00Z,1.3092000000
2013-04-10T00:00:00Z,1.3060000000
2013-04-11T00:00:00Z,1.3124000000
2013-04-12T00:00:00Z,1.3094000000
2013-04-15T00:00:00Z,1.3082000000
2013-04-16T00:00:00Z,1.3141000000
2013-04-17T00:00:00Z,1.3049000000
2013-04-18T00:00:00Z,1.3072000000
2013-04-19T00:00:00Z,1.3066000000
2013-04-22T00:00:00Z,1.3050000000
2013-04-23T00:00:00Z,1.3012000000
2013-04-24T00:00:00Z,1.2997000000
2013-04-25T00:00:00Z,1.3004000000
2013-04-26T00:00:00Z,1.3024000000
2013-04-29T00:00:00Z,1.3090000000
2013-04-30T00:00:00Z,1.3168000000
2013-05-01T00:00:00Z,1.3192000000
2013-05-02T00:00:00Z,1.3066000000
2013-05-03T00:00:00Z,1.3112000000
2013-05-06T00:00:00Z,1.3067000000
2013-05-07T00:00:00Z,1.3085000000
2013-05-08T00:00:00Z,1.3177000000
2013-05-09T00:00:00Z,1.3105000000
2013-05-10T00:00:00Z,1.2955000000
2013-05-13T00:00:00Z,1.2981000000
2013-05-14T00:00:00Z,1.2969000000
2013-05-15T00:00:00Z,1.2857000000
2013-05-16T00:00:00Z,1.2898000000
2013-05-17T00:00:00Z,1.2818000000
2013-05-20T00:00:00Z,1.2865000000
2013-05-21T00:00:00Z,1.2910000000
2013-05-22T00:00:00Z,1.2864000000
2013-05-23T00:00:00Z,1.2944000000
2013-05-24T00:00:00Z,1.2920000000
2013-05-28T00:00:00Z,1.2870000000
2013-05-29T00:00:00Z,1.2944000000
2013-05-30T00:00:00Z,1.3042000000
2013-05-31T00:00:00Z,1.2988000000
2013-06-03T00:00:00Z,1.3098000000
2013-06-04T00:00:00Z,1.3075000000
2013-06-05T00:00:00Z,1.3088000000
2013-06-06T00:00:00Z,1.3248000000
2013-06-07T00:00:00Z,1.3242000000
2013-06-10T00:00:00Z,1.3234000000
2013-06-11T00:00:00Z,1.3278000000
2013-06-12T00:00:00Z,1.3354000000
2013-06-13T00:00:00Z,1.3314000000
2013-06-14T00:00:00Z,1.3330000000
2013-06-17T00:00:00Z,1.3341000000
2013-06-18T00:00:00Z,1.3407000000
2013-06-19T00:00:00Z,1.3404000000
2013-06-20T00:00:00Z,1.3214000000
2013-06-21T00:00:00Z,1.3113000000
2013-06-24T00:00:00Z,1.3091000000
2013-06-25T00:00:00Z,1.3080000000
2013-06-26T00:00:00Z,1.3006000000
2013-06-27T00:00:00Z,1.3016000000
2013-06-28T00:00:00Z,1.3010000000
2013-07-01T00:00:00Z,1.3060000000
2013-07-02T00:00:00Z,1.3017000000
2013-07-03T00:00:00Z,1.3005000000
2013-07-05T00:00:00Z,1.2831000000
2013-07-08T00:00:00Z,1.2863000000
2013-07-09T00:00:00Z,1.2774000000
2013-07-10T00:00:00Z,1.2846000000
2013-07-11T00:00:00Z,1.3046000000
2013-07-12T00:00:00Z,1.3048000000
2013-07-15T00:00:00Z,1.3039000000
2013-07-16T00:00:00Z,1.3144000000
2013-07-17T00:00:00Z,1.3094000000
2013-07-18T00:00:00Z,1.3078000000
2013-07-19T00:00:00Z,1.3142000000
2013-07-22T00:00:00Z,1.3193000000
2013-07-23T00:00:00Z,1.3212000000
2013-07-24T00:00:00Z,1.3228000000
2013-07-25T00:00:00Z,1.3234000000
2013-07-26T00:00:00Z,1.3269000000
2013-07-29T00:00:00Z,1.3262000000
2013-07-30T00:00:00Z,1.3266000000
2013-07-31T00:00:00Z,1.3282000000
2013-08-01T00:00:00Z,1.3217000000
2013-08-02T00:00:00Z,1.3268000000
2013-08-05T00:00:00Z,1.3257000000
2013-08-06T00:00:00Z,1.3296000000
2013-08-07T00:00:00Z,1.3329000000
2013-08-08T00:00:00Z,1.3392000000
2013-08-09T00:00:00Z,1.3338000000
2013-08-12T00:00:00Z,1.3312000000
2013-08-13T00:00:00Z,1.3247000000
2013-08-14T00:00:00Z,1.3256000000
2013-08-15T00:00:00Z,1.3263000000
2013-08-16T00:00:00Z,1.3321000000
2013-08-19T00:00:00Z,1.3348000000
2013-08-20T00:00:00Z,1.3426000000
2013-08-21T00:00:00Z,1.3368000000
2013-08-22T00:00:00Z,1.3362000000
2013-08-23T00:00:00Z,1.3392000000
2013-08-26T00:00:00Z,1.3369000000
2013-08-27T00:00:00Z,1.3387000000
2013-08-28T00:00:00Z,1.3326000000
2013-08-29T00:00:00Z,1.3228000000
2013-08-30T00:00:00Z,1.3196000000
2013-09-03T00:00:00Z,1.3164000000
2013-09-04T00:00:00Z,1.3212000000
2013-09-05T00:00:00Z,1.3120000000
2013-09-06T00:00:00Z,1.3166000000
2013-09-09T00:00:00Z,1.3260000000
2013-09-10T00:00:00Z,1.3260000000
2013-09-11T00:00:00Z,1.3301000000
2013-09-12T00:00:00Z,1.3315000000
2013-09-13T00:00:00Z,1.3276000000
2013-09-16T00:00:00Z,1.3350000000
2013-09-17T00:00:00Z,1.3357000000
2013-09-18T00:00:00Z,1.3351000000
2013-09-19T00:00:00Z,1.3527000000
2013-09-20T00:00:00Z,1.3522000000
2013-09-23T00:00:00Z,1.3520000000
2013-09-24T00:00:00Z,1.3490000000
2013-09-25T00:00:00Z,1.3536000000
2013-09-26T00:00:00Z,1.3484000000
2013-09-27T00:00:00Z,1.3537000000
2013-09-30T00:00:00Z,1.3535000000
2013-10-01T00:00:00Z,1.3534000000
2013-10-02T00:00:00Z,1.3592000000
2013-10-03T00:00:00Z,1.3642000000
2013-10-04T00:00:00Z,1.3582000000
2013-10-07T00:00:00Z,1.3569000000
2013-10-08T00:00:00Z,1.3582000000
2013-10-09T00:00:00Z,1.3513000000
2013-10-10T00:00:00Z,1.3535000000
2013-10-11T00:00:00Z,1.3559000000
2013-10-15T00:00:00Z,1.3494000000
2013-10-16T00:00:00Z,1.3490000000
2013-10-17T00:00:00Z,1.3664000000
2013-10-18T00:00:00Z,1.3693000000
2013-10-21T00:00:00Z,1.3672000000
2013-10-22T00:00:00Z,1.3778000000
2013-10-23T00:00:00Z,1.3786000000
2013-10-24T00:00:00Z,1.3810000000
2013-10-25T00:00:00Z,1.3794000000
2013-10-28T00:00:00Z,1.3786000000
2013-10-29T00:00:00Z,1.3770000000
2013-10-30T00:00:00Z,1.3771000000
2013-10-31T00:00:00Z,1.3594000000
2013-11-01T00:00:00Z,1.3488000000
2013-11-04T00:00:00Z,1.3516000000
2013-11-05T00:00:00Z,1.3470000000
2013-11-06T00:00:00Z,1.3530000000
2013-11-07T00:00:00Z,1.3390000000
2013-11-08T00:00:00Z,1.3357000000
2013-11-12T00:00:00Z,1.3428000000
2013-11-13T00:00:00Z,1.3456000000
2013-11-14T00:00:00Z,1.3468000000
2013-11-15T00:00:00Z,1.3480000000
2013-11-18T00:00:00Z,1.3520000000
2013-11-19T00:00:00Z,1.3529000000
2013-11-20T00:00:00Z,1.3451000000
2013-11-21T00:00:00Z,1.3470000000
2013-11-22T00:00:00Z,1.3547000000
2013-11-25T00:00:00Z,1.3502000000
2013-11-26T00:00:00Z,1.3555000000
2013-11-27T00:00:00Z,1.3563000000
2013-11-29T00:00:00Z,1.3606000000
2013-12-02T00:00:00Z,1.3552000000
2013-12-03T00:00:00Z,1.3604000000
2013-12-04T00:00:00Z,1.3555000000
2013-12-05T00:00:00Z,1.3664000000
2013-12-06T00:00:00Z,1.3690000000
2013-12-09T00:00:00Z,1.3726000000
2013-12-10T00:00:00Z,1.3765000000
2013-12-11T00:00:00Z,1.3798000000
2013-12-12T00:00:00Z,1.3752000000
2013-12-13T00:00:00Z,1.3724000000
2013-12-16T00:00:00Z,1.3757000000
2013-12-17T00:00:00Z,1.3748000000
2013-12-18T00:00:00Z,1.3766000000
2013-12-19T00:00:00Z,1.3666000000
2013-12-20T00:00:00Z,1.3673000000
2013-12-23T00:00:00Z,1.3701000000
2013-12-24T00:00:00Z,1.3676000000
2013-12-26T00:00:00Z,1.3690000000
2013-12-27T00:00:00Z,1.3766000000
2013-12-30T00:00:00Z,1.3816000000
2013-12-31T00:00:00Z,1.3779000000
2014-01-02T00:00:00Z,1.3670000000
2014-01-03T00:00:00Z,1.3606000000
2014-01-06T00:00:00Z,1.3636000000
2014-01-07T00:00:00Z,1.3618000000
2014-01-08T00:00:00Z,1.3586000000
2014-01-09T00:00:00Z,1.3591000000
2014-01-10T00:00:00Z,1.3664000000
2014-01-13T00:00:00Z,1.3647000000
2014-01-14T00:00:00Z,1.3682000000
2014-01-15T00:00:00Z,1.3604000000
2014-01-16T00:00:00Z,1.3600000000
2014-01-17T00:00:00Z,1.3554000000
2014-01-21T00:00:00Z,1.3560000000
2014-01-22T00:00:00Z,1.3546000000
2014-01-23T00:00:00Z,1.3680000000
2014-01-24T00:00:00Z,1.3680000000
2014-01-27T00:00:00Z,1.3679000000
2014-01-28T00:00:00Z,1.3662000000
2014-01-29T00:00:00Z,1.3663000000
2014-01-30T00:00:00Z,1.3549000000
2014-01-31T00:00:00Z,1.3500000000
2014-02-03T00:00:00Z,1.3523000000
2014-02-04T00:00:00Z,1.3507000000
2014-02-05T00:00:00Z,1.3519000000
2014-02-06T00:00:00Z,1.3604000000
2014-02-07T00:00:00Z,1.3614000000
2014-02-10T00:00:00Z,1.3644000000
2014-02-11T00:00:00Z,1.3654000000
2014-02-12T00:00:00Z,1.3592000000
2014-02-13T00:00:00Z,1.3669000000
2014-02-14T00:00:00Z,1.3690000000
2014-02-18T00:00:00Z,1.3758000000
2014-02-19T00:00:00Z,1.3762000000
2014-02-20T00:00:00Z,1.3690000000
2014-02-21T00:00:00Z,1.3722000000
2014-02-24T00:00:00Z,1.3744000000
2014-02-25T00:00:00Z,1.3749000000
2014-02-26T00:00:00Z,1.3668000000
2014-02-27T00:00:00Z,1.3724000000
2014-02-28T00:00:00Z,1.3806000000
2014-03-03T00:00:00Z,1.3763000000
2014-03-04T00:00:00Z,1.3731000000
2014-03-05T00:00:00Z,1.3734000000
2014-03-06T00:00:00Z,1.3848000000
2014-03-07T00:00:00Z,1.3868000000
2014-03-10T00:00:00Z,1.3880000000
2014-03-11T00:00:00Z,1.3867000000
2014-03-12T00:00:00Z,1.3904000000
2014-03-13T00:00:00Z,1.3927000000
2014-03-14T00:00:00Z,1.3924000000
2014-03-17T00:00:00Z,1.3927000000
2014-03-18T00:00:00Z,1.3913000000
2014-03-19T00:00:00Z,1.3910000000
2014-03-20T00:00:00Z,1.3784000000
2014-03-21T00:00:00Z,1.3783000000
2014-03-24T00:00:00Z,1.3784000000
2014-03-25T00:00:00Z,1.3777000000
2014-03-26T00:00:00Z,1.3786000000
2014-03-27T00:00:00Z,1.3752000000
2014-03-28T00:00:00Z,1.3753000000
2014-03-31T00:00:00Z,1.3777000000
2014-04-01T00:00:00Z,1.3804000000
2014-04-02T00:00:00Z,1.3761000000
2014-04-03T00:00:00Z,1.3708000000
2014-04-04T00:00:00Z,1.3704000000
2014-04-07T00:00:00Z,1.3745000000
2014-04-08T00:00:00Z,1.3802000000
2014-04-09T00:00:00Z,1.3816000000
2014-04-10T00:00:00Z,1.3892000000
2014-04-11T00:00:00Z,1.3898000000
2014-04-14T00:00:00Z,1.3824000000
2014-04-15T00:00:00Z,1.3806000000
2014-04-16T00:00:00Z,1.3820000000
2014-04-17T00:00:00Z,1.3832000000
2014-04-18T00:00:00Z,1.3816000000
2014-04-21T00:00:00Z,1.3790000000
2014-04-22T00:00:00Z,1.3804000000
2014-04-23T00:00:00Z,1.3814000000
2014-04-24T00:00:00Z,1.3828000000
2014-04-25T00:00:00Z,1.3838000000
2014-04-28T00:00:00Z,1.3844000000
2014-04-29T00:00:00Z,1.3808000000
2014-04-30T00:00:00Z,1.3870000000
2014-05-01T00:00:00Z,1.3867000000
2014-05-02T00:00:00Z,1.3864000000
2014-05-05T00:00:00Z,1.3884000000
2014-05-06T00:00:00Z,1.3924000000
2014-05-07T00:00:00Z,1.3917000000
2014-05-08T00:00:00Z,1.3864000000
2014-05-09T00:00:00Z,1.3763000000
2014-05-12T00:00:00Z,1.3760000000
2014-05-13T00:00:00Z,1.3711000000
2014-05-14T00:00:00Z,1.3718000000
2014-05-15T00:00:00Z,1.3712000000
2014-05-16T00:00:00Z,1.3708000000
2014-05-19T00:00:00Z,1.3716000000
2014-05-20T00:00:00Z,1.3702000000
2014-05-21T00:00:00Z,1.3657000000
2014-05-22T00:00:00Z,1.3652000000
2014-05-23T00:00:00Z,1.3628000000
2014-05-27T00:00:00Z,1.3618000000
2014-05-28T00:00:00Z,1.3596000000
2014-05-29T00:00:00Z,1.3608000000
2014-05-30T00:00:00Z,1.3640000000
2014-06-02T00:00:00Z,1.3606000000
2014-06-03T00:00:00Z,1.3624000000
2014-06-04T00:00:00Z,1.3619000000
2014-06-05T00:00:00Z,1.3618000000
2014-06-06T00:00:00Z,1.3639000000
2014-06-09T00:00:00Z,1.3589000000
2014-06-10T00:00:00Z,1.3543000000
2014-06-11T00:00:00Z,1.3532000000
2014-06-12T00:00:00Z,1.3556000000
2014-06-13T00:00:00Z,1.3522000000
2014-06-16T00:00:00Z,1.3578000000
2014-06-17T00:00:00Z,1.3543000000
2014-06-18T00:00:00Z,1.3567000000
2014-06-19T00:00:00Z,1.3620000000
2014-06-20T00:00:00Z,1.3586000000
2014-06-23T00:00:00Z,1.3593000000
2014-06-24T00:00:00Z,1.3588000000
2014-06-25T00:00:00Z,1.3638000000
2014-06-26T00:00:00Z,1.3610000000
2014-06-27T00:00:00Z,1.3631000000
2014-06-30T00:00:00Z,1.3690000000
2014-07-01T00:00:00Z,1.3681000000
2014-07-02T00:00:00Z,1.3656000000
2014-07-03T00:00:00Z,1.3610000000
2014-07-07T00:00:00Z,1.3604000000
2014-07-08T00:00:00Z,1.3614000000
2014-07-09T00:00:00Z,1.3630000000
2014-07-10T00:00:00Z,1.3600000000
2014-07-11T00:00:00Z,1.3598000000
2014-07-14T00:00:00Z,1.3620000000
2014-07-15T00:00:00Z,1.3573000000
2014-07-16T00:00:00Z,1.3530000000
2014-07-17T00:00:00Z,1.3530000000
2014-07-18T00:00:00Z,1.3515000000
2014-07-21T00:00:00Z,1.3524000000
2014-07-22T00:00:00Z,1.3470000000
2014-07-23T00:00:00Z,1.3462000000
2014-07-24T00:00:00Z,1.3468000000
2014-07-25T00:00:00Z,1.3431000000
2014-07-28T00:00:00Z,1.3440000000
2014-07-29T00:00:00Z,1.3410000000
2014-07-30T00:00:00Z,1.3378000000
2014-07-31T00:00:00Z,1.3390000000
2014-08-01T00:00:00Z,1.3436000000
2014-08-04T00:00:00Z,1.3414000000
2014-08-05T00:00:00Z,1.3366000000
2014-08-06T00:00:00Z,1.3355000000
2014-08-07T00:00:00Z,1.3362000000
2014-08-08T00:00:00Z,1.3412000000
2014-08-11T00:00:00Z,1.3385000000
2014-08-12T00:00:00Z,1.3357000000
2014-08-13T00:00:00Z,1.3367000000
2014-08-14T00:00:00Z,1.3376000000
2014-08-15T00:00:00Z,1.3392000000
2014-08-18T00:00:00Z,1.3358000000
2014-08-19T00:00:00Z,1.3320000000
2014-08-20T00:00:00Z,1.3284000000
2014-08-21T00:00:00Z,1.3284000000
2014-08-22T00:00:00Z,1.3237000000
2014-08-25T00:00:00Z,1.3206000000
2014-08-26T00:00:00Z,1.3189000000
2014-08-27T00:00:00Z,1.3192000000
2014-08-28T00:00:00Z,1.3178000000
2014-08-29T00:00:00Z,1.3150000000
2014-09-02T00:00:00Z,1.3124000000
2014-09-03T00:00:00Z,1.3136000000
2014-09-04T00:00:00Z,1.2926000000
2014-09-05T00:00:00Z,1.2956000000
2014-09-08T00:00:00Z,1.2948000000
2014-09-09T00:00:00Z,1.2909000000
2014-09-10T00:00:00Z,1.2908000000
2014-09-11T00:00:00Z,1.2936000000
2014-09-12T00:00:00Z,1.2955000000
2014-09-15T00:00:00Z,1.2951000000
2014-09-16T00:00:00Z,1.2976000000
2014-09-17T00:00:00Z,1.2958000000
2014-09-18T00:00:00Z,1.2913000000
2014-09-19T00:00:00Z,1.2835000000
2014-09-22T00:00:00Z,1.2829000000
2014-09-23T00:00:00Z,1.2858000000
2014-09-24T00:00:00Z,1.2788000000
2014-09-25T00:00:00Z,1.2748000000
2014-09-26T00:00:00Z,1.2686000000
2014-09-29T00:00:00Z,1.2703000000
2014-09-30T00:00:00Z,1.2628000000
2014-10-01T00:00:00Z,1.2618000000
2014-10-02T00:00:00Z,1.2670000000
2014-10-03T00:00:00Z,1.2517000000
2014-10-06T00:00:00Z,1.2592000000
2014-10-07T00:00:00Z,1.2626000000
2014-10-08T00:00:00Z,1.2683000000
2014-10-09T00:00:00Z,1.2683000000
2014-10-10T00:00:00Z,1.2636000000
2014-10-14T00:00:00Z,1.2660000000
2014-10-15T00:00:00Z,1.2778000000
2014-10-16T00:00:00Z,1.2812000000
2014-10-17T00:00:00Z,1.2755000000
2014-10-20T00:00:00Z,1.2783000000
2014-10-21T00:00:00Z,1.2724000000
2014-10-22T00:00:00Z,1.2658000000
2014-10-23T00:00:00Z,1.2658000000
2014-10-24T00:00:00Z,1.2675000000
2014-10-27T00:00:00Z,1.2712000000
2014-10-28T00:00:00Z,1.2747000000
2014-10-29T00:00:00Z,1.2762000000
2014-10-30T00:00:00Z,1.2622000000
2014-10-31T00:00:00Z,1.2530000000
2014-11-03T00:00:00Z,1.2487000000
2014-11-04T00:00:00Z,1.2554000000
2014-11-05T00:00:00Z,1.2488000000
2014-11-06T00:00:00Z,1.2414000000
2014-11-07T00:00:00Z,1.2422000000
2014-11-10T00:00:00Z,1.2425000000
2014-11-12T00:00:00Z,1.2456000000
2014-11-13T00:00:00Z,1.2476000000
2014-11-14T00:00:00Z,1.2494000000
2014-11-17T00:00:00Z,1.2447000000
2014-11-18T00:00:00Z,1.2534000000
2014-11-19T00:00:00Z,1.2548000000
2014-11-20T00:00:00Z,1.2526000000
2014-11-21T00:00:00Z,1.2394000000
2014-11-24T00:00:00Z,1.2427000000
2014-11-25T00:00:00Z,1.2472000000
2014-11-26T00:00:00Z,1.2503000000
2014-11-28T00:00:00Z,1.2438000000
2014-12-01T00:00:00Z,1.2490000000
2014-12-02T00:00:00Z,1.2390000000
2014-12-03T00:00:00Z,1.2304000000
2014-12-04T00:00:00Z,1.2432000000
2014-12-05T00:00:00Z,1.2304000000
2014-12-08T00:00:00Z,1.2292000000
2014-12-09T00:00:00Z,1.2415000000
2014-12-10T00:00:00Z,1.2425000000
2014-12-11T00:00:00Z,1.2397000000
2014-12-12T00:00:00Z,1.2484000000
2014-12-15T00:00:00Z,1.2470000000
2014-12-16T00:00:00Z,1.2504000000
2014-12-17T00:00:00Z,1.2406000000
2014-12-18T00:00:00Z,1.2291000000
2014-12-19T00:00:00Z,1.2235000000
2014-12-22T00:00:00Z,1.2252000000
2014-12-23T00:00:00Z,1.2180000000
2014-12-24T00:00:00Z,1.2188000000
2014-12-29T00:00:00Z,1.2179000000
2014-12-30T00:00:00Z,1.2174000000
2014-12-31T00:00:00Z,1.2101000000
2015-01-02T00:00:00Z,1.2015000000
2015-01-05T00:00:00Z,1.1918000000
2015-01-06T00:00:00Z,1.1936000000
2015-01-07T00:00:00Z,1.1820000000
2015-01-08T00:00:00Z,1.1811000000
2015-01-09T00:00:00Z,1.1830000000
2015-01-12T00:00:00Z,1.1832000000
2015-01-13T00:00:00Z,1.1779000000
2015-01-14T00:00:00Z,1.1806000000
2015-01-15T00:00:00Z,1.1598000000
2015-01-16T00:00:00Z,1.1517000000
2015-01-20T00:00:00Z,1.1559000000
2015-01-21T00:00:00Z,1.1584000000
2015-01-22T00:00:00Z,1.1414000000
2015-01-23T00:00:00Z,1.1279000000
2015-01-26T00:00:00Z,1.1290000000
2015-01-27T00:00:00Z,1.1370000000
2015-01-28T00:00:00Z,1.1342000000
2015-01-29T00:00:00Z,1.1308000000
2015-01-30T00:00:00Z,1.1290000000
2015-02-02T00:00:00Z,1.1337000000
2015-02-03T00:00:00Z,1.1462000000
2015-02-04T00:00:00Z,1.1418000000
2015-02-05T00:00:00Z,1.1432000000
2015-02-06T00:00:00Z,1.1330000000
2015-02-09T00:00:00Z,1.1316000000
2015-02-10T00:00:00Z,1.1316000000
2015-02-11T00:00:00Z,1.1300000000
2015-02-12T00:00:00Z,1.1410000000
2015-02-13T00:00:00Z,1.1408000000
2015-02-17T00:00:00Z,1.1395000000
2015-02-18T00:00:00Z,1.1342000000
2015-02-19T00:00:00Z,1.1392000000
2015-02-20T00:00:00Z,1.1372000000
2015-02-23T00:00:00Z,1.1346000000
2015-02-24T00:00:00Z,1.1307000000
2015-02-25T00:00:00Z,1.1363000000
2015-02-26T00:00:00Z,1.1212000000
2015-02-27T00:00:00Z,1.1197000000
2015-03-02T00:00:00Z,1.1190000000
2015-03-03T00:00:00Z,1.1212000000
2015-03-04T00:00:00Z,1.1070000000
2015-03-05T00:00:00Z,1.1006000000
2015-03-06T00:00:00Z,1.0855000000
2015-03-09T00:00:00Z,1.0846000000
2015-03-10T00:00:00Z,1.0707000000
2015-03-11T00:00:00Z,1.0576000000
2015-03-12T00:00:00Z,1.0615000000
2015-03-13T00:00:00Z,1.0524000000
2015-03-16T00:00:00Z,1.0575000000
2015-03-17T00:00:00Z,1.0605000000
2015-03-18T00:00:00Z,1.0643000000
2015-03-19T00:00:00Z,1.0621000000
2015-03-20T00:00:00Z,1.0792000000
2015-03-23T00:00:00Z,1.0928000000
2015-03-24T00:00:00Z,1.0908000000
2015-03-25T00:00:00Z,1.0986000000
2015-03-26T00:00:00Z,1.0919000000
2015-03-27T00:00:00Z,1.0891000000
2015-03-30T00:00:00Z,1.0818000000
2015-03-31T00:00:00Z,1.0741000000
2015-04-01T00:00:00Z,1.0768000000
2015-04-02T00:00:00Z,1.0874000000
2015-04-03T00:00:00Z,1.0990000000
2015-04-06T00:00:00Z,1.1008000000
2015-04-07T00:00:00Z,1.0850000000
2015-04-08T00:00:00Z,1.0818000000
2015-04-09T00:00:00Z,1.0671000000
2015-04-10T00:00:00Z,1.0598000000
2015-04-13T00:00:00Z,1.0582000000
2015-04-14T00:00:00Z,1.0672000000
2015-04-15T00:00:00Z,1.0596000000
2015-04-16T00:00:00Z,1.0742000000
2015-04-17T00:00:00Z,1.0780000000
2015-04-20T00:00:00Z,1.0763000000
2015-04-21T00:00:00Z,1.0758000000
2015-04-22T00:00:00Z,1.0729000000
2015-04-23T00:00:00Z,1.0803000000
2015-04-24T00:00:00Z,1.0876000000
2015-04-27T00:00:00Z,1.0892000000
2015-04-28T00:00:00Z,1.0979000000
2015-04-29T00:00:00Z,1.1174000000
2015-04-30T00:00:00Z,1.1162000000
2015-05-01T00:00:00Z,1.1194000000
2015-05-04T00:00:00Z,1.1145000000
2015-05-05T00:00:00Z,1.1174000000
2015-05-06T00:00:00Z,1.1345000000
2015-05-07T00:00:00Z,1.1283000000
2015-05-08T00:00:00Z,1.1241000000
2015-05-11T00:00:00Z,1.1142000000
2015-05-12T00:00:00Z,1.1240000000
2015-05-13T00:00:00Z,1.1372000000
2015-05-14T00:00:00Z,1.1368000000
2015-05-15T00:00:00Z,1.1428000000
2015-05-18T00:00:00Z,1.1354000000
2015-05-19T00:00:00Z,1.1151000000
2015-05-20T00:00:00Z,1.1079000000
2015-05-21T00:00:00Z,1.1126000000
2015-05-22T00:00:00Z,1.1033000000
2015-05-26T00:00:00Z,1.0876000000
2015-05-27T00:00:00Z,1.0888000000
2015-05-28T00:00:00Z,1.0914000000
2015-05-29T00:00:00Z,1.0994000000
2015-06-01T00:00:00Z,1.0913000000
2015-06-02T00:00:00Z,1.1130000000
2015-06-03T00:00:00Z,1.1285000000
2015-06-04T00:00:00Z,1.1271000000
2015-06-05T00:00:00Z,1.1108000000
2015-06-08T00:00:00Z,1.1232000000
2015-06-09T00:00:00Z,1.1284000000
2015-06-10T00:00:00Z,1.1307000000
2015-06-11T00:00:00Z,1.1236000000
2015-06-12T00:00:00Z,1.1278000000
2015-06-15T00:00:00Z,1.1266000000
2015-06-16T00:00:00Z,1.1238000000
2015-06-17T00:00:00Z,1.1244000000
2015-06-18T00:00:00Z,1.1404000000
2015-06-19T00:00:00Z,1.1335000000
2015-06-22T00:00:00Z,1.1378000000
2015-06-23T00:00:00Z,1.1190000000
2015-06-24T00:00:00Z,1.1178000000
2015-06-25T00:00:00Z,1.1196000000
2015-06-26T00:00:00Z,1.1156000000
2015-06-29T00:00:00Z,1.1180000000
2015-06-30T00:00:00Z,1.1154000000
2015-07-01T00:00:00Z,1.1084000000
2015-07-02T00:00:00Z,1.1090000000
2015-07-06T00:00:00Z,1.1076000000
2015-07-07T00:00:00Z,1.0952000000
2015-07-08T00:00:00Z,1.1072000000
2015-07-09T00:00:00Z,1.1025000000
2015-07-10T00:00:00Z,1.1150000000
2015-07-13T00:00:00Z,1.1020000000
2015-07-14T00:00:00Z,1.1015000000
2015-07-15T00:00:00Z,1.0965000000
2015-07-16T00:00:00Z,1.0898000000
2015-07-17T00:00:00Z,1.0848000000
2015-07-20T00:00:00Z,1.0850000000
2015-07-21T00:00:00Z,1.0927000000
2015-07-22T00:00:00Z,1.0884000000
2015-07-23T00:00:00Z,1.0976000000
2015-07-24T00:00:00Z,1.0976000000
2015-07-27T00:00:00Z,1.1112000000
2015-07-28T00:00:00Z,1.1055000000
2015-07-29T00:00:00Z,1.1026000000
2015-07-30T00:00:00Z,1.0914000000
2015-07-31T00:00:00Z,1.1028000000
2015-08-03T00:00:00Z,1.0962000000
2015-08-04T00:00:00Z,1.0953000000
2015-08-05T00:00:00Z,1.0868000000
2015-08-06T00:00:00Z,1.0922000000
2015-08-07T00:00:00Z,1.0958000000
2015-08-10T00:00:00Z,1.0994000000
2015-08-11T00:00:00Z,1.1042000000
2015-08-12T00:00:00Z,1.1198000000
2015-08-13T00:00:00Z,1.1144000000
2015-08-14T00:00:00Z,1.1110000000
2015-08-17T00:00:00Z,1.1078000000
2015-08-18T00:00:00Z,1.1028000000
2015-08-19T00:00:00Z,1.1061000000
2015-08-20T00:00:00Z,1.1200000000
2015-08-21T00:00:00Z,1.1356000000
2015-08-24T00:00:00Z,1.1580000000
2015-08-25T00:00:00Z,1.1410000000
2015-08-26T00:00:00Z,1.1390000000
2015-08-27T00:00:00Z,1.1239000000
2015-08-28T00:00:00Z,1.1172000000
2015-08-31T00:00:00Z,1.1194000000
2015-09-01T00:00:00Z,1.1263000000
2015-09-02T00:00:00Z,1.1242000000
2015-09-03T00:00:00Z,1.1104000000
2015-09-04T00:00:00Z,1.1117000000
2015-09-08T00:00:00Z,1.1182000000
2015-09-09T00:00:00Z,1.1165000000
2015-09-10T00:00:00Z,1.1262000000
2015-09-11T00:00:00Z,1.1338000000
2015-09-14T00:00:00Z,1.1307000000
2015-09-15T00:00:00Z,1.1260000000
2015-09-16T00:00:00Z,1.1304000000
2015-09-17T00:00:00Z,1.1312000000
2015-09-18T00:00:00Z,1.1358000000
2015-09-21T00:00:00Z,1.1204000000
2015-09-22T00:00:00Z,1.1133000000
2015-09-23T00:00:00Z,1.1160000000
2015-09-24T00:00:00Z,1.1252000000
2015-09-25T00:00:00Z,1.1192000000
2015-09-28T00:00:00Z,1.1236000000
2015-09-29T00:00:00Z,1.1246000000
2015-09-30T00:00:00Z,1.1162000000
2015-10-01T00:00:00Z,1.1200000000
2015-10-02T00:00:00Z,1.1276000000
2015-10-05T00:00:00Z,1.1200000000
2015-10-06T00:00:00Z,1.1266000000
2015-10-07T00:00:00Z,1.1249000000
2015-10-08T00:00:00Z,1.1282000000
2015-10-09T00:00:00Z,1.1363000000
2015-10-13T00:00:00Z,1.1382000000
2015-10-14T00:00:00Z,1.1437000000
2015-10-15T00:00:00Z,1.1418000000
2015-10-16T00:00:00Z,1.1360000000
2015-10-19T00:00:00Z,1.1320000000
2015-10-20T00:00:00Z,1.1359000000
2015-10-21T00:00:00Z,1.1345000000
2015-10-22T00:00:00Z,1.1140000000
2015-10-23T00:00:00Z,1.1016000000
2015-10-26T00:00:00Z,1.1051000000
2015-10-27T00:00:00Z,1.1052000000
2015-10-28T00:00:00Z,1.1066000000
2015-10-29T00:00:00Z,1.0963000000
2015-10-30T00:00:00Z,1.1042000000
2015-11-02T00:00:00Z,1.1026000000
2015-11-03T00:00:00Z,1.0946000000
2015-11-04T00:00:00Z,1.0861000000
2015-11-05T00:00:00Z,1.0869000000
2015-11-06T00:00:00Z,1.0746000000
2015-11-09T00:00:00Z,1.0767000000
2015-11-10T00:00:00Z,1.0686000000
2015-11-12T00:00:00Z,1.0768000000
2015-11-13T00:00:00Z,1.0722000000
2015-11-16T00:00:00Z,1.0708000000
2015-11-17T00:00:00Z,1.0634000000
2015-11-18T00:00:00Z,1.0638000000
2015-11-19T00:00:00Z,1.0746000000
2015-11-20T00:00:00Z,1.0660000000
2015-11-23T00:00:00Z,1.0602000000
2015-11-24T00:00:00Z,1.0652000000
2015-11-25T00:00:00Z,1.0616000000
2015-11-27T00:00:00Z,1.0596000000
2015-11-30T00:00:00Z,1.0562000000
2015-12-01T00:00:00Z,1.0620000000
2015-12-02T00:00:00Z,1.0573000000
2015-12-03T00:00:00Z,1.0902000000
2015-12-04T00:00:00Z,1.0884000000
2015-12-07T00:00:00Z,1.0840000000
2015-12-08T00:00:00Z,1.0876000000
2015-12-09T00:00:00Z,1.0984000000
2015-12-10T00:00:00Z,1.0948000000
2015-12-11T00:00:00Z,1.1002000000
2015-12-14T00:00:00Z,1.1025000000
2015-12-15T00:00:00Z,1.0911000000
2015-12-16T00:00:00Z,1.0937000000
2015-12-17T00:00:00Z,1.0804000000
2015-12-18T00:00:00Z,1.0847000000
2015-12-21T00:00:00Z,1.0920000000
2015-12-22T00:00:00Z,1.0978000000
2015-12-23T00:00:00Z,1.0875000000
2015-12-24T00:00:00Z,1.0955000000
2015-12-28T00:00:00Z,1.0983000000
2015-12-29T00:00:00Z,1.0916000000
2015-12-30T00:00:00Z,1.0912000000
2015-12-31T00:00:00Z,1.0859000000
2016-01-04T00:00:00Z,1.0803000000
2016-01-05T00:00:00Z,1.0743000000
2016-01-06T00:00:00Z,1.0762000000
2016-01-07T00:00:00Z,1.0860000000
2016-01-08T00:00:00Z,1.0885000000
2016-01-11T00:00:00Z,1.0878000000
2016-01-12T00:00:00Z,1.0837000000
2016-01-13T00:00:00Z,1.0862000000
2016-01-14T00:00:00Z,1.0862000000
2016-01-15T00:00:00Z,1.0964000000
2016-01-19T00:00:00Z,1.0906000000
2016-01-20T00:00:00Z,1.0908000000
2016-01-21T00:00:00Z,1.0833000000
2016-01-22T00:00:00Z,1.0814000000
2016-01-25T00:00:00Z,1.0832000000
2016-01-26T00:00:00Z,1.0846000000
2016-01-27T00:00:00Z,1.0867000000
2016-01-28T00:00:00Z,1.0952000000
2016-01-29T00:00:00Z,1.0832000000
2016-02-01T00:00:00Z,1.0888000000
2016-02-02T00:00:00Z,1.0908000000
2016-02-03T00:00:00Z,1.1051000000
2016-02-04T00:00:00Z,1.1199000000
2016-02-05T00:00:00Z,1.1131000000
2016-02-08T00:00:00Z,1.1170000000
2016-02-09T00:00:00Z,1.1300000000
2016-02-10T00:00:00Z,1.1222000000
2016-02-11T00:00:00Z,1.1362000000
2016-02-12T00:00:00Z,1.1235000000
2016-02-16T00:00:00Z,1.1140000000
2016-02-17T00:00:00Z,1.1140000000
2016-02-18T00:00:00Z,1.1092000000
2016-02-19T00:00:00Z,1.1127000000
2016-02-22T00:00:00Z,1.1018000000
2016-02-23T00:00:00Z,1.1016000000
2016-02-24T00:00:00Z,1.1021000000
2016-02-25T00:00:00Z,1.1026000000
2016-02-26T00:00:00Z,1.0932000000
2016-02-29T00:00:00Z,1.0868000000
2016-03-01T00:00:00Z,1.0847000000
2016-03-02T00:00:00Z,1.0845000000
2016-03-03T00:00:00Z,1.0948000000
2016-03-04T00:00:00Z,1.1010000000
2016-03-07T00:00:00Z,1.1004000000
2016-03-08T00:00:00Z,1.1028000000
2016-03-09T00:00:00Z,1.1022000000
2016-03-10T00:00:00Z,1.1162000000
2016-03-11T00:00:00Z,1.1180000000
2016-03-14T00:00:00Z,1.1107000000
2016-03-15T00:00:00Z,1.1112000000
2016-03-16T00:00:00Z,1.1075000000
2016-03-17T00:00:00Z,1.1316000000
2016-03-18T00:00:00Z,1.1292000000
2016-03-21T00:00:00Z,1.1260000000
2016-03-22T00:00:00Z,1.1228000000
2016-03-23T00:00:00Z,1.1174000000
2016-03-24T00:00:00Z,1.1163000000
2016-03-25T00:00:00Z,1.1164000000
2016-03-28T00:00:00Z,1.1210000000
2016-03-29T00:00:00Z,1.1204000000
2016-03-30T00:00:00Z,1.1330000000
2016-03-31T00:00:00Z,1.1390000000
2016-04-01T00:00:00Z,1.1385000000
2016-04-04T00:00:00Z,1.1386000000
2016-04-05T00:00:00Z,1.1374000000
2016-04-06T00:00:00Z,1.1430000000
2016-04-07T00:00:00Z,1.1386000000
2016-04-08T00:00:00Z,1.1406000000
2016-04-11T00:00:00Z,1.1412000000
2016-04-12T00:00:00Z,1.1395000000
2016-04-13T00:00:00Z,1.1281000000
2016-04-14T00:00:00Z,1.1262000000
2016-04-15T00:00:00Z,1.1295000000
2016-04-18T00:00:00Z,1.1322000000
2016-04-19T00:00:00Z,1.1375000000
2016-04-20T00:00:00Z,1.1330000000
2016-04-21T00:00:00Z,1.1301000000
2016-04-22T00:00:00Z,1.1239000000
2016-04-25T00:00:00Z,1.1274000000
2016-04-26T00:00:00Z,1.1318000000
2016-04-27T00:00:00Z,1.1322000000
2016-04-28T00:00:00Z,1.1325000000
2016-04-29T00:00:00Z,1.1441000000
2016-05-02T00:00:00Z,1.1516000000
2016-05-03T00:00:00Z,1.1508000000
2016-05-04T00:00:00Z,1.1486000000
2016-05-05T00:00:00Z,1.1404000000
2016-05-06T00:00:00Z,1.1421000000
2016-05-09T00:00:00Z,1.1402000000
2016-05-10T00:00:00Z,1.1386000000
2016-05-11T00:00:00Z,1.1444000000
2016-05-12T00:00:00Z,1.1380000000
2016-05-13T00:00:00Z,1.1294000000
2016-05-16T00:00:00Z,1.1328000000
2016-05-17T00:00:00Z,1.1337000000
2016-05-18T00:00:00Z,1.1276000000
2016-05-19T00:00:00Z,1.1214000000
2016-05-20T00:00:00Z,1.1207000000
2016-05-23T00:00:00Z,1.1192000000
2016-05-24T00:00:00Z,1.1145000000
2016-05-25T00:00:00Z,1.1154000000
2016-05-26T00:00:00Z,1.1184000000
2016-05-27T00:00:00Z,1.1140000000
2016-05-31T00:00:00Z,1.1135000000
2016-06-01T00:00:00Z,1.1165000000
2016-06-02T00:00:00Z,1.1157000000
2016-06-03T00:00:00Z,1.1330000000
2016-06-06T00:00:00Z,1.1354000000
2016-06-07T00:00:00Z,1.1350000000
2016-06-08T00:00:00Z,1.1400000000
2016-06-09T00:00:00Z,1.1329000000
2016-06-10T00:00:00Z,1.1281000000
2016-06-13T00:00:00Z,1.1282000000
2016-06-14T00:00:00Z,1.1206000000
2016-06-15T00:00:00Z,1.1239000000
2016-06-16T00:00:00Z,1.1158000000
2016-06-17T00:00:00Z,1.1256000000
2016-06-20T00:00:00Z,1.1318000000
2016-06-21T00:00:00Z,1.1262000000
2016-06-22T00:00:00Z,1.1286000000
2016-06-23T00:00:00Z,1.1373000000
2016-06-24T00:00:00Z,1.1126000000
2016-06-27T00:00:00Z,1.1024000000
2016-06-28T00:00:00Z,1.1054000000
2016-06-29T00:00:00Z,1.1117000000
2016-06-30T00:00:00Z,1.1032000000
2016-07-01T00:00:00Z,1.1145000000
2016-07-05T00:00:00Z,1.1080000000
2016-07-06T00:00:00Z,1.1077000000
2016-07-07T00:00:00Z,1.1065000000
2016-07-08T00:00:00Z,1.1038000000
2016-07-11T00:00:00Z,1.1045000000
2016-07-12T00:00:00Z,1.1074000000
2016-07-13T00:00:00Z,1.1112000000
2016-07-14T00:00:00Z,1.1109000000
2016-07-15T00:00:00Z,1.1059000000
2016-07-18T00:00:00Z,1.1076000000
2016-07-19T00:00:00Z,1.1014000000
2016-07-20T00:00:00Z,1.1007000000
2016-07-21T00:00:00Z,1.1016000000
2016-07-22T00:00:00Z,1.0968000000
2016-07-25T00:00:00Z,1.0980000000
2016-07-26T00:00:00Z,1.0984000000
2016-07-27T00:00:00Z,1.0988000000
2016-07-28T00:00:00Z,1.1094000000
2016-07-29T00:00:00Z,1.1168000000
2016-08-01T00:00:00Z,1.1176000000
2016-08-02T00:00:00Z,1.1225000000
2016-08-03T00:00:00Z,1.1170000000
2016-08-04T00:00:00Z,1.1134000000
2016-08-05T00:00:00Z,1.1080000000
2016-08-08T00:00:00Z,1.1078000000
2016-08-09T00:00:00Z,1.1110000000
2016-08-10T00:00:00Z,1.1171000000
2016-08-11T00:00:00Z,1.1168000000
2016-08-12T00:00:00Z,1.1172000000
2016-08-15T00:00:00Z,1.1199000000
2016-08-16T00:00:00Z,1.1277000000
2016-08-17T00:00:00Z,1.1263000000
2016-08-18T00:00:00Z,1.1334000000
2016-08-19T00:00:00Z,1.1326000000
2016-08-22T00:00:00Z,1.1314000000
2016-08-23T00:00:00Z,1.1308000000
2016-08-24T00:00:00Z,1.1256000000
2016-08-25T00:00:00Z,1.1274000000
2016-08-26T00:00:00Z,1.1237000000
2016-08-29T00:00:00Z,1.1182000000
2016-08-30T00:00:00Z,1.1150000000
2016-08-31T00:00:00Z,1.1146000000
2016-09-01T00:00:00Z,1.1194000000
2016-09-02T00:00:00Z,1.1158000000
2016-09-06T00:00:00Z,1.1237000000
2016-09-07T00:00:00Z,1.1238000000
2016-09-08T00:00:00Z,1.1256000000
2016-09-09T00:00:00Z,1.1214000000
2016-09-12T00:00:00Z,1.1230000000
2016-09-13T00:00:00Z,1.1242000000
2016-09-14T00:00:00Z,1.1271000000
2016-09-15T00:00:00Z,1.1246000000
2016-09-16T00:00:00Z,1.1160000000
2016-09-19T00:00:00Z,1.1179000000
2016-09-20T00:00:00Z,1.1172000000
2016-09-21T00:00:00Z,1.1165000000
2016-09-22T00:00:00Z,1.1229000000
2016-09-23T00:00:00Z,1.1223000000
2016-09-26T00:00:00Z,1.1270000000
2016-09-27T00:00:00Z,1.1208000000
2016-09-28T00:00:00Z,1.1200000000
2016-09-29T00:00:00Z,1.1244000000
2016-09-30T00:00:00Z,1.1238000000
2016-10-03T00:00:00Z,1.1210000000
2016-10-04T00:00:00Z,1.1212000000
2016-10-05T00:00:00Z,1.1196000000
2016-10-06T00:00:00Z,1.1158000000
2016-10-07T00:00:00Z,1.1156000000
2016-10-11T00:00:00Z,1.1062000000
2016-10-12T00:00:00Z,1.1014000000
2016-10-13T00:00:00Z,1.1038000000
2016-10-14T00:00:00Z,1.0985000000
2016-10-17T00:00:00Z,1.1000000000
2016-10-18T00:00:00Z,1.0997000000
2016-10-19T00:00:00Z,1.0966000000
2016-10-20T00:00:00Z,1.0934000000
2016-10-21T00:00:00Z,1.0866000000
2016-10-24T00:00:00Z,1.0888000000
2016-10-25T00:00:00Z,1.0890000000
2016-10-26T00:00:00Z,1.0916000000
2016-10-27T00:00:00Z,1.0904000000
2016-10-28T00:00:00Z,1.0934000000
2016-10-31T00:00:00Z,1.0962000000
2016-11-01T00:00:00Z,1.1042000000
2016-11-02T00:00:00Z,1.1119000000
2016-11-03T00:00:00Z,1.1094000000
2016-11-04T00:00:00Z,1.1121000000
2016-11-07T00:00:00Z,1.1038000000
2016-11-08T00:00:00Z,1.1034000000
2016-11-09T00:00:00Z,1.0952000000
2016-11-10T00:00:00Z,1.0882000000
2016-11-14T00:00:00Z,1.0723000000
2016-11-15T00:00:00Z,1.0726000000
2016-11-16T00:00:00Z,1.0699000000
2016-11-17T00:00:00Z,1.0656000000
2016-11-18T00:00:00Z,1.0600000000
2016-11-21T00:00:00Z,1.0597000000
2016-11-22T00:00:00Z,1.0618000000
2016-11-23T00:00:00Z,1.0560000000
2016-11-25T00:00:00Z,1.0595000000
2016-11-28T00:00:00Z,1.0576000000
2016-11-29T00:00:00Z,1.0626000000
2016-11-30T00:00:00Z,1.0578000000
2016-12-01T00:00:00Z,1.0634000000
2016-12-02T00:00:00Z,1.0666000000
2016-12-05T00:00:00Z,1.0723000000
2016-12-06T00:00:00Z,1.0717000000
2016-12-07T00:00:00Z,1.0758000000
2016-12-08T00:00:00Z,1.0625000000
2016-12-09T00:00:00Z,1.0541000000
2016-12-12T00:00:00Z,1.0606000000
2016-12-13T00:00:00Z,1.0635000000
2016-12-14T00:00:00Z,1.0656000000
2016-12-15T00:00:00Z,1.0375000000
2016-12-16T00:00:00Z,1.0456000000
2016-12-19T00:00:00Z,1.0444000000
2016-12-20T00:00:00Z,1.0390000000
2016-12-21T00:00:00Z,1.0425000000
2016-12-22T00:00:00Z,1.0452000000
2016-12-23T00:00:00Z,1.0449000000
2016-12-27T00:00:00Z,1.0458000000
2016-12-28T00:00:00Z,1.0389000000
2016-12-29T00:00:00Z,1.0486000000
2016-12-30T00:00:00Z,1.0552000000
2017-01-03T00:00:00Z,1.0416000000
2017-01-04T00:00:00Z,1.0476000000
2017-01-05T00:00:00Z,1.0598000000
2017-01-06T00:00:00Z,1.0560000000
2017-01-09T00:00:00Z,1.0576000000
2017-01-10T00:00:00Z,1.0572000000
2017-01-11T00:00:00Z,1.0501000000
2017-01-12T00:00:00Z,1.0666000000
2017-01-13T00:00:00Z,1.0625000000
2017-01-17T00:00:00Z,1.0695000000
2017-01-18T00:00:00Z,1.0682000000
2017-01-19T00:00:00Z,1.0630000000
2017-01-23T00:00:00Z,1.0740000000
2017-01-24T00:00:00Z,1.0749000000
2017-01-25T00:00:00Z,1.0743000000
2017-01-26T00:00:00Z,1.0670000000
2017-01-27T00:00:00Z,1.0690000000
2017-01-30T00:00:00Z,1.0681000000
2017-01-31T00:00:00Z,1.0794000000
2017-02-01T00:00:00Z,1.0758000000
2017-02-02T00:00:00Z,1.0802000000
2017-02-03T00:00:00Z,1.0792000000
2017-02-06T00:00:00Z,1.0731000000
2017-02-07T00:00:00Z,1.0690000000
2017-02-08T00:00:00Z,1.0708000000
2017-02-09T00:00:00Z,1.0658000000
2017-02-10T00:00:00Z,1.0650000000
2017-02-13T00:00:00Z,1.0603000000
2017-02-14T00:00:00Z,1.0577000000
2017-02-15T00:00:00Z,1.0597000000
2017-02-16T00:00:00Z,1.0660000000
2017-02-17T00:00:00Z,1.0614000000
2017-02-21T00:00:00Z,1.0551000000
2017-02-22T00:00:00Z,1.0555000000
2017-02-23T00:00:00Z,1.0586000000
2017-02-24T00:00:00Z,1.0580000000
2017-02-27T00:00:00Z,1.0624000000
2017-02-28T00:00:00Z,1.0618000000
2017-03-01T00:00:00Z,1.0564000000
2017-03-02T00:00:00Z,1.0514000000
2017-03-03T00:00:00Z,1.0552000000
2017-03-06T00:00:00Z,1.0586000000
2017-03-07T00:00:00Z,1.0582000000
2017-03-08T00:00:00Z,1.0547000000
2017-03-09T00:00:00Z,1.0586000000
2017-03-10T00:00:00Z,1.0667000000
2017-03-13T00:00:00Z,1.0670000000
2017-03-14T00:00:00Z,1.0645000000
2017-03-15T00:00:00Z,1.0630000000
2017-03-16T00:00:00Z,1.0738000000
2017-03-17T00:00:00Z,1.0742000000
2017-03-20T00:00:00Z,1.0754000000
2017-03-21T00:00:00Z,1.0810000000
2017-03-22T00:00:00Z,1.0800000000
2017-03-23T00:00:00Z,1.0787000000
2017-03-24T00:00:00Z,1.0806000000
2017-03-27T00:00:00Z,1.0882000000
2017-03-28T00:00:00Z,1.0852000000
2017-03-29T00:00:00Z,1.0756000000
2017-03-30T00:00:00Z,1.0726000000
2017-03-31T00:00:00Z,1.0698000000
2017-04-03T00:00:00Z,1.0655000000
2017-04-04T00:00:00Z,1.0664000000
2017-04-05T00:00:00Z,1.0661000000
2017-04-06T00:00:00Z,1.0651000000
2017-04-07T00:00:00Z,1.0616000000
2017-04-10T00:00:00Z,1.0606000000
2017-04-11T00:00:00Z,1.0614000000
2017-04-12T00:00:00Z,1.0611000000
2017-04-13T00:00:00Z,1.0630000000
2017-04-14T00:00:00Z,1.0625000000
2017-04-17T00:00:00Z,1.0660000000
2017-04-18T00:00:00Z,1.0706000000
2017-04-19T00:00:00Z,1.0707000000
2017-04-20T00:00:00Z,1.0758000000
2017-04-21T00:00:00Z,1.0694000000
2017-04-24T00:00:00Z,1.0846000000
2017-04-25T00:00:00Z,1.0941000000
2017-04-26T00:00:00Z,1.0872000000
2017-04-27T00:00:00Z,1.0864000000
2017-04-28T00:00:00Z,1.0895000000
2017-05-01T00:00:00Z,1.0912000000
2017-05-02T00:00:00Z,1.0910000000
2017-05-03T00:00:00Z,1.0920000000
2017-05-04T00:00:00Z,1.0967000000
2017-05-05T00:00:00Z,1.0996000000
2017-05-08T00:00:00Z,1.0928000000
2017-05-09T00:00:00Z,1.0875000000
2017-05-10T00:00:00Z,1.0873000000
2017-05-11T00:00:00Z,1.0869000000
2017-05-12T00:00:00Z,1.0926000000
2017-05-15T00:00:00Z,1.0979000000
2017-05-16T00:00:00Z,1.1072000000
2017-05-17T00:00:00Z,1.1134000000
2017-05-18T00:00:00Z,1.1130000000
2017-05-19T00:00:00Z,1.1190000000
2017-05-22T00:00:00Z,1.1236000000
2017-05-23T00:00:00Z,1.1198000000
2017-05-24T00:00:00Z,1.1175000000
2017-05-25T00:00:00Z,1.1218000000
2017-05-26T00:00:00Z,1.1170000000
2017-05-30T00:00:00Z,1.1183000000
2017-05-31T00:00:00Z,1.1236000000
2017-06-01T00:00:00Z,1.1214000000
2017-06-02T00:00:00Z,1.1270000000
2017-06-05T00:00:00Z,1.1250000000
2017-06-06T00:00:00Z,1.1266000000
2017-06-07T00:00:00Z,1.1236000000
2017-06-08T00:00:00Z,1.1217000000
2017-06-09T00:00:00Z,1.1190000000
2017-06-12T00:00:00Z,1.1204000000
2017-06-13T00:00:00Z,1.1194000000
2017-06-14T00:00:00Z,1.1277000000
2017-06-15T00:00:00Z,1.1152000000
2017-06-16T00:00:00Z,1.1194000000
2017-06-19T00:00:00Z,1.1160000000
2017-06-20T00:00:00Z,1.1124000000
2017-06-21T00:00:00Z,1.1143000000
2017-06-22T00:00:00Z,1.1148000000
2017-06-23T00:00:00Z,1.1196000000
2017-06-26T00:00:00Z,1.1196000000
2017-06-27T00:00:00Z,1.1300000000
2017-06-28T00:00:00Z,1.1364000000
2017-06-29T00:00:00Z,1.1420000000
2017-06-30T00:00:00Z,1.1411000000
2017-07-03T00:00:00Z,1.1367000000
2017-07-05T00:00:00Z,1.1336000000
2017-07-06T00:00:00Z,1.1409000000
2017-07-07T00:00:00Z,1.1396000000
2017-07-10T00:00:00Z,1.1396000000
2017-07-11T00:00:00Z,1.1430000000
2017-07-12T00:00:00Z,1.1411000000
2017-07-13T00:00:00Z,1.1385000000
2017-07-14T00:00:00Z,1.1452000000
2017-07-17T00:00:00Z,1.1470000000
2017-07-18T00:00:00Z,1.1578000000
2017-07-19T00:00:00Z,1.1518000000
2017-07-20T00:00:00Z,1.1634000000
2017-07-21T00:00:00Z,1.1655000000
2017-07-24T00:00:00Z,1.1642000000
2017-07-25T00:00:00Z,1.1656000000
2017-07-26T00:00:00Z,1.1632000000
2017-07-27T00:00:00Z,1.1656000000
2017-07-28T00:00:00Z,1.1754000000
2017-07-31T00:00:00Z,1.1826000000
2017-08-01T00:00:00Z,1.1799000000
2017-08-02T00:00:00Z,1.1861000000
2017-08-03T00:00:00Z,1.1880000000
2017-08-04T00:00:00Z,1.1754000000
2017-08-07T00:00:00Z,1.1788000000
2017-08-08T00:00:00Z,1.1724000000
2017-08-09T00:00:00Z,1.1748000000
2017-08-10T00:00:00Z,1.1751000000
2017-08-11T00:00:00Z,1.1811000000
2017-08-14T00:00:00Z,1.1786000000
2017-08-15T00:00:00Z,1.1736000000
2017-08-16T00:00:00Z,1.1703000000
2017-08-17T00:00:00Z,1.1736000000
2017-08-18T00:00:00Z,1.1748000000
2017-08-21T00:00:00Z,1.1814000000
2017-08-22T00:00:00Z,1.1762000000
2017-08-23T00:00:00Z,1.1802000000
2017-08-24T00:00:00Z,1.1801000000
2017-08-25T00:00:00Z,1.1874000000
2017-08-28T00:00:00Z,1.1973000000
2017-08-29T00:00:00Z,1.2025000000
2017-08-30T00:00:00Z,1.1927000000
2017-08-31T00:00:00Z,1.1894000000
2017-09-01T00:00:00Z,1.1878000000
2017-09-05T00:00:00Z,1.1911000000
2017-09-06T00:00:00Z,1.1943000000
2017-09-07T00:00:00Z,1.2028000000
2017-09-08T00:00:00Z,1.2041000000
2017-09-11T00:00:00Z,1.1964000000
2017-09-12T00:00:00Z,1.1968000000
2017-09-13T00:00:00Z,1.1898000000
2017-09-14T00:00:00Z,1.1886000000
2017-09-15T00:00:00Z,1.1959000000
2017-09-18T00:00:00Z,1.1938000000
2017-09-19T00:00:00Z,1.1980000000
2017-09-20T00:00:00Z,1.1998000000
2017-09-21T00:00:00Z,1.1946000000
2017-09-22T00:00:00Z,1.1969000000
2017-09-25T00:00:00Z,1.1852000000
2017-09-26T00:00:00Z,1.1772000000
2017-09-27T00:00:00Z,1.1747000000
2017-09-28T00:00:00Z,1.1776000000
2017-09-29T00:00:00Z,1.1813000000
2017-10-02T00:00:00Z,1.1745000000
2017-10-03T00:00:00Z,1.1759000000
2017-10-04T00:00:00Z,1.1760000000
2017-10-05T00:00:00Z,1.1706000000
2017-10-06T00:00:00Z,1.1732000000
2017-10-10T00:00:00Z,1.1804000000
2017-10-11T00:00:00Z,1.1847000000
2017-10-12T00:00:00Z,1.1840000000
2017-10-13T00:00:00Z,1.1837000000
2017-10-16T00:00:00Z,1.1810000000
2017-10-17T00:00:00Z,1.1754000000
2017-10-18T00:00:00Z,1.1775000000
2017-10-19T00:00:00Z,1.1842000000
2017-10-20T00:00:00Z,1.1770000000
2017-10-23T00:00:00Z,1.1762000000
2017-10-24T00:00:00Z,1.1766000000
2017-10-25T00:00:00Z,1.1802000000
2017-10-26T00:00:00Z,1.1700000000
2017-10-27T00:00:00Z,1.1580000000
2017-10-30T00:00:00Z,1.1626000000
2017-10-31T00:00:00Z,1.1648000000
2017-11-01T00:00:00Z,1.1618000000
2017-11-02T00:00:00Z,1.1672000000
2017-11-03T00:00:00Z,1.1616000000
2017-11-06T00:00:00Z,1.1600000000
2017-11-07T00:00:00Z,1.1577000000
2017-11-08T00:00:00Z,1.1591000000
2017-11-09T00:00:00Z,1.1648000000
2017-11-13T00:00:00Z,1.1656000000
2017-11-14T00:00:00Z,1.1764000000
2017-11-15T00:00:00Z,1.1794000000
2017-11-16T00:00:00Z,1.1772000000
2017-11-17T00:00:00Z,1.1799000000
2017-11-20T00:00:00Z,1.1741000000
2017-11-21T00:00:00Z,1.1741000000
2017-11-22T00:00:00Z,1.1789000000
2017-11-24T00:00:00Z,1.1936000000
2017-11-27T00:00:00Z,1.1911000000
2017-11-28T00:00:00Z,1.1878000000
2017-11-29T00:00:00Z,1.1858000000
2017-11-30T00:00:00Z,1.1898000000
2017-12-01T00:00:00Z,1.1910000000
2017-12-04T00:00:00Z,1.1848000000
2017-12-05T00:00:00Z,1.1820000000
2017-12-06T00:00:00Z,1.1788000000
2017-12-07T00:00:00Z,1.1790000000
2017-12-08T00:00:00Z,1.1761000000
2017-12-11T00:00:00Z,1.1802000000
2017-12-12T00:00:00Z,1.1725000000
2017-12-13T00:00:00Z,1.1762000000
2017-12-14T00:00:00Z,1.1778000000
2017-12-15T00:00:00Z,1.1778000000
2017-12-18T00:00:00Z,1.1804000000
2017-12-19T00:00:00Z,1.1822000000
2017-12-20T00:00:00Z,1.1881000000
2017-12-21T00:00:00Z,1.1872000000
2017-12-22T00:00:00Z,1.1839000000
2017-12-26T00:00:00Z,1.1867000000
2017-12-27T00:00:00Z,1.1902000000
2017-12-28T00:00:00Z,1.1952000000
2017-12-29T00:00:00Z,1.2022000000
2018-01-02T00:00:00Z,1.2050000000
2018-01-03T00:00:00Z,1.2030000000
2018-01-04T00:00:00Z,1.2064000000
2018-01-05T00:00:00Z,1.2039000000
2018-01-08T00:00:00Z,1.1973000000
2018-01-09T00:00:00Z,1.1922000000
2018-01-10T00:00:00Z,1.1958000000
2018-01-11T00:00:00Z,1.2035000000
2018-01-12T00:00:00Z,1.2130000000
2018-01-16T00:00:00Z,1.2244000000
2018-01-17T00:00:00Z,1.2229000000
2018-01-18T00:00:00Z,1.2238000000
2018-01-19T00:00:00Z,1.2238000000
2018-01-22T00:00:00Z,1.2230000000
2018-01-23T00:00:00Z,1.2277000000
2018-01-24T00:00:00Z,1.2390000000
2018-01-25T00:00:00Z,1.2488000000
2018-01-26T00:00:00Z,1.2422000000
2018-01-29T00:00:00Z,1.2352000000
2018-01-30T00:00:00Z,1.2390000000
2018-01-31T00:00:00Z,1.2428000000
2018-02-01T00:00:00Z,1.2482000000
2018-02-02T00:00:00Z,1.2446000000
2018-02-05T00:00:00Z,1.2418000000
2018-02-06T00:00:00Z,1.2381000000
2018-02-07T00:00:00Z,1.2281000000
2018-02-08T00:00:00Z,1.2238000000
2018-02-09T00:00:00Z,1.2226000000
2018-02-12T00:00:00Z,1.2267000000
2018-02-13T00:00:00Z,1.2363000000
2018-02-14T00:00:00Z,1.2396000000
2018-02-15T00:00:00Z,1.2482000000
2018-02-16T00:00:00Z,1.2442000000
2018-02-20T00:00:00Z,1.2348000000
2018-02-21T00:00:00Z,1.2314000000
2018-02-22T00:00:00Z,1.2326000000
2018-02-23T00:00:00Z,1.2298000000
2018-02-26T00:00:00Z,1.2296000000
2018-02-27T00:00:00Z,1.2239000000
2018-02-28T00:00:00Z,1.2211000000
2018-03-01T00:00:00Z,1.2216000000
2018-03-02T00:00:00Z,1.2314000000
2018-03-05T00:00:00Z,1.2330000000
2018-03-06T00:00:00Z,1.2415000000
2018-03-07T00:00:00Z,1.2397000000
2018-03-08T00:00:00Z,1.2314000000
2018-03-09T00:00:00Z,1.2326000000
2018-03-12T00:00:00Z,1.2318000000
2018-03-13T00:00:00Z,1.2398000000
2018-03-14T00:00:00Z,1.2362000000
2018-03-15T00:00:00Z,1.2321000000
2018-03-16T00:00:00Z,1.2280000000
2018-03-19T00:00:00Z,1.2329000000
2018-03-20T00:00:00Z,1.2271000000
2018-03-21T00:00:00Z,1.2268000000
2018-03-22T00:00:00Z,1.2310000000
2018-03-23T00:00:00Z,1.2360000000
2018-03-26T00:00:00Z,1.2440000000
2018-03-27T00:00:00Z,1.2410000000
2018-03-28T00:00:00Z,1.2351000000
2018-03-29T00:00:00Z,1.2297000000
2018-03-30T00:00:00Z,1.2320000000
2018-04-02T00:00:00Z,1.2288000000
2018-04-03T00:00:00Z,1.2261000000
2018-04-04T00:00:00Z,1.2292000000
2018-04-05T00:00:00Z,1.2230000000
2018-04-06T00:00:00Z,1.2274000000
2018-04-09T00:00:00Z,1.2320000000
2018-04-10T00:00:00Z,1.2338000000
2018-04-11T00:00:00Z,1.2384000000
2018-04-12T00:00:00Z,1.2320000000
2018-04-13T00:00:00Z,1.2322000000
2018-04-16T00:00:00Z,1.2373000000
2018-04-17T00:00:00Z,1.2345000000
2018-04-18T00:00:00Z,1.2380000000
2018-04-19T00:00:00Z,1.2336000000
2018-04-20T00:00:00Z,1.2282000000
2018-04-23T00:00:00Z,1.2216000000
2018-04-24T00:00:00Z,1.2226000000
2018-04-25T00:00:00Z,1.2178000000
2018-04-26T00:00:00Z,1.2113000000
2018-04-27T00:00:00Z,1.2108000000
2018-04-30T00:00:00Z,1.2074000000
2018-05-01T00:00:00Z,1.2000000000
2018-05-02T00:00:00Z,1.1968000000
2018-05-03T00:00:00Z,1.1970000000
2018-05-04T00:00:00Z,1.1946000000
2018-05-07T00:00:00Z,1.1927000000
2018-05-08T00:00:00Z,1.1863000000
2018-05-09T00:00:00Z,1.1852000000
2018-05-10T00:00:00Z,1.1896000000
2018-05-11T00:00:00Z,1.1951000000
2018-05-14T00:00:00Z,1.1976000000
2018-05-15T00:00:00Z,1.1864000000
2018-05-16T00:00:00Z,1.1788000000
2018-05-17T00:00:00Z,1.1798000000
2018-05-18T00:00:00Z,1.1775000000
2018-05-21T00:00:00Z,1.1768000000
2018-05-22T00:00:00Z,1.1783000000
2018-05-23T00:00:00Z,1.1693000000
2018-05-24T00:00:00Z,1.1729000000
2018-05-25T00:00:00Z,1.1666000000
2018-05-29T00:00:00Z,1.1551000000
2018-05-30T00:00:00Z,1.1664000000
2018-05-31T00:00:00Z,1.1670000000
2018-06-01T00:00:00Z,1.1679000000
2018-06-04T00:00:00Z,1.1696000000
2018-06-05T00:00:00Z,1.1672000000
2018-06-06T00:00:00Z,1.1778000000
2018-06-07T00:00:00Z,1.1815000000
2018-06-08T00:00:00Z,1.1773000000
2018-06-11T00:00:00Z,1.1802000000
2018-06-12T00:00:00Z,1.1792000000
2018-06-13T00:00:00Z,1.1784000000
2018-06-14T00:00:00Z,1.1634000000
2018-06-15T00:00:00Z,1.1616000000
2018-06-18T00:00:00Z,1.1606000000
2018-06-19T00:00:00Z,1.1577000000
2018-06-20T00:00:00Z,1.1592000000
2018-06-21T00:00:00Z,1.1600000000
2018-06-22T00:00:00Z,1.1630000000
2018-06-25T00:00:00Z,1.1694000000
2018-06-26T00:00:00Z,1.1675000000
2018-06-27T00:00:00Z,1.1588000000
2018-06-28T00:00:00Z,1.1582000000
2018-06-29T00:00:00Z,1.1677000000
2018-07-02T00:00:00Z,1.1604000000
2018-07-03T00:00:00Z,1.1653000000
2018-07-05T00:00:00Z,1.1697000000
2018-07-06T00:00:00Z,1.1738000000
2018-07-09T00:00:00Z,1.1744000000
2018-07-10T00:00:00Z,1.1728000000
2018-07-11T00:00:00Z,1.1722000000
2018-07-12T00:00:00Z,1.1692000000
2018-07-13T00:00:00Z,1.1667000000
2018-07-16T00:00:00Z,1.1710000000
2018-07-17T00:00:00Z,1.1664000000
2018-07-18T00:00:00Z,1.1645000000
2018-07-19T00:00:00Z,1.1604000000
2018-07-20T00:00:00Z,1.1708000000
2018-07-23T00:00:00Z,1.1702000000
2018-07-24T00:00:00Z,1.1684000000
2018-07-25T00:00:00Z,1.1677000000
2018-07-26T00:00:00Z,1.1654000000
2018-07-27T00:00:00Z,1.1660000000
2018-07-30T00:00:00Z,1.1718000000
2018-07-31T00:00:00Z,1.1706000000
2018-08-01T00:00:00Z,1.1666000000
2018-08-02T00:00:00Z,1.1612000000
2018-08-03T00:00:00Z,1.1597000000
2018-08-06T00:00:00Z,1.1564000000
2018-08-07T00:00:00Z,1.1597000000
2018-08-08T00:00:00Z,1.1598000000
2018-08-09T00:00:00Z,1.1566000000
2018-08-10T00:00:00Z,1.1399000000
2018-08-13T00:00:00Z,1.1396000000
2018-08-14T00:00:00Z,1.1351000000
2018-08-15T00:00:00Z,1.1332000000
2018-08-16T00:00:00Z,1.1388000000
2018-08-17T00:00:00Z,1.1410000000
2018-08-20T00:00:00Z,1.1438000000
2018-08-21T00:00:00Z,1.1534000000
2018-08-22T00:00:00Z,1.1595000000
2018-08-23T00:00:00Z,1.1567000000
2018-08-24T00:00:00Z,1.1625000000
2018-08-27T00:00:00Z,1.1676000000
2018-08-28T00:00:00Z,1.1720000000
2018-08-29T00:00:00Z,1.1699000000
2018-08-30T00:00:00Z,1.1646000000
2018-08-31T00:00:00Z,1.1596000000
2018-09-04T00:00:00Z,1.1566000000
2018-09-05T00:00:00Z,1.1620000000
2018-09-06T00:00:00Z,1.1624000000
2018-09-07T00:00:00Z,1.1572000000
2018-09-10T00:00:00Z,1.1604000000
2018-09-11T00:00:00Z,1.1591000000
2018-09-12T00:00:00Z,1.1626000000
2018-09-13T00:00:00Z,1.1672000000
2018-09-14T00:00:00Z,1.1656000000
2018-09-17T00:00:00Z,1.1687000000
2018-09-18T00:00:00Z,1.1693000000
2018-09-19T00:00:00Z,1.1685000000
2018-09-20T00:00:00Z,1.1744000000
2018-09-21T00:00:00Z,1.1739000000
2018-09-24T00:00:00Z,1.1773000000
2018-09-25T00:00:00Z,1.1770000000
2018-09-26T00:00:00Z,1.1758000000
2018-09-27T00:00:00Z,1.1670000000
2018-09-28T00:00:00Z,1.1622000000
2018-10-01T00:00:00Z,1.1567000000
2018-10-02T00:00:00Z,1.1560000000
2018-10-03T00:00:00Z,1.1525000000
2018-10-04T00:00:00Z,1.1508000000
2018-10-05T00:00:00Z,1.1502000000
2018-10-09T00:00:00Z,1.1482000000
2018-10-10T00:00:00Z,1.1541000000
2018-10-11T00:00:00Z,1.1565000000
2018-10-12T00:00:00Z,1.1559000000
2018-10-15T00:00:00Z,1.1594000000
2018-10-16T00:00:00Z,1.1593000000
2018-10-17T00:00:00Z,1.1540000000
2018-10-18T00:00:00Z,1.1494000000
2018-10-19T00:00:00Z,1.1513000000
2018-10-22T00:00:00Z,1.1467000000
2018-10-23T00:00:00Z,1.1480000000
2018-10-24T00:00:00Z,1.1389000000
2018-10-25T00:00:00Z,1.1374000000
2018-10-26T00:00:00Z,1.1388000000
2018-10-29T00:00:00Z,1.1390000000
2018-10-30T00:00:00Z,1.1364000000
2018-10-31T00:00:00Z,1.1332000000
2018-11-01T00:00:00Z,1.1396000000
2018-11-02T00:00:00Z,1.1378000000
2018-11-05T00:00:00Z,1.1394000000
2018-11-06T00:00:00Z,1.1412000000
2018-11-07T00:00:00Z,1.1459000000
2018-11-08T00:00:00Z,1.1416000000
2018-11-09T00:00:00Z,1.1325000000
2018-11-13T00:00:00Z,1.1288000000
2018-11-14T00:00:00Z,1.1312000000
2018-11-15T00:00:00Z,1.1324000000
2018-11-16T00:00:00Z,1.1402000000
2018-11-19T00:00:00Z,1.1448000000
2018-11-20T00:00:00Z,1.1391000000
2018-11-21T00:00:00Z,1.1393000000
2018-11-23T00:00:00Z,1.1332000000
2018-11-26T00:00:00Z,1.1336000000
2018-11-27T00:00:00Z,1.1281000000
2018-11-28T00:00:00Z,1.1286000000
2018-11-29T00:00:00Z,1.1382000000
2018-11-30T00:00:00Z,1.1323000000
2018-12-03T00:00:00Z,1.1356000000
2018-12-04T00:00:00Z,1.1345000000
2018-12-06T00:00:00Z,1.1374000000
2018-12-07T00:00:00Z,1.1390000000
2018-12-10T00:00:00Z,1.1368000000
2018-12-11T00:00:00Z,1.1314000000
2018-12-12T00:00:00Z,1.1362000000
2018-12-13T00:00:00Z,1.1358000000
2018-12-14T00:00:00Z,1.1300000000
2018-12-17T00:00:00Z,1.1339000000
2018-12-18T00:00:00Z,1.1364000000
2018-12-19T00:00:00Z,1.1422000000
2018-12-20T00:00:00Z,1.1432000000
2018-12-21T00:00:00Z,1.1402000000
2018-12-26T00:00:00Z,1.1408000000
2018-12-27T00:00:00Z,1.1412000000
2018-12-28T00:00:00Z,1.1445000000
2018-12-31T00:00:00Z,1.1456000000
2019-01-02T00:00:00Z,1.1357000000
2019-01-03T00:00:00Z,1.1399000000
2019-01-04T00:00:00Z,1.1410000000
2019-01-07T00:00:00Z,1.1468000000
2019-01-08T00:00:00Z,1.1444000000
2019-01-09T00:00:00Z,1.1524000000
2019-01-10T00:00:00Z,1.1517000000
2019-01-11T00:00:00Z,1.1479000000
2019-01-15T00:00:00Z,1.1392000000
2019-01-16T00:00:00Z,1.1408000000
2019-01-17T00:00:00Z,1.1386000000
2019-01-18T00:00:00Z,1.1362000000
2019-01-22T00:00:00Z,1.1359000000
2019-01-23T00:00:00Z,1.1390000000
2019-01-24T00:00:00Z,1.1322000000
2019-01-25T00:00:00Z,1.1407000000
2019-01-28T00:00:00Z,1.1438000000
2019-01-29T00:00:00Z,1.1424000000
2019-01-30T00:00:00Z,1.1418000000
2019-01-31T00:00:00Z,1.1454000000
2019-02-01T00:00:00Z,1.1474000000
2019-02-04T00:00:00Z,1.1438000000
2019-02-05T00:00:00Z,1.1406000000
2019-02-06T00:00:00Z,1.1380000000
2019-02-07T00:00:00Z,1.1357000000
2019-02-08T00:00:00Z,1.1326000000
2019-02-11T00:00:00Z,1.1277000000
2019-02-12T00:00:00Z,1.1316000000
2019-02-13T00:00:00Z,1.1288000000
2019-02-14T00:00:00Z,1.1284000000
2019-02-15T00:00:00Z,1.1268000000
2019-02-19T00:00:00Z,1.1328000000
2019-02-21T00:00:00Z,1.1338000000
2019-02-22T00:00:00Z,1.1342000000
2019-02-25T00:00:00Z,1.1345000000
2019-02-26T00:00:00Z,1.1374000000
2019-02-27T00:00:00Z,1.1370000000
2019-02-28T00:00:00Z,1.1379000000
2019-03-01T00:00:00Z,1.1376000000
2019-03-04T00:00:00Z,1.1328000000
2019-03-05T00:00:00Z,1.1300000000
2019-03-06T00:00:00Z,1.1320000000
2019-03-07T00:00:00Z,1.1214000000
2019-03-08T00:00:00Z,1.1243000000
2019-03-11T00:00:00Z,1.1226000000
2019-03-12T00:00:00Z,1.1276000000
2019-03-13T00:00:00Z,1.1310000000
2019-03-14T00:00:00Z,1.1304000000
2019-03-15T00:00:00Z,1.1326000000
2019-03-18T00:00:00Z,1.1337000000
2019-03-19T00:00:00Z,1.1346000000
2019-03-20T00:00:00Z,1.1352000000
2019-03-21T00:00:00Z,1.1361000000
2019-03-22T00:00:00Z,1.1282000000
2019-03-25T00:00:00Z,1.1324000000
2019-03-26T00:00:00Z,1.1280000000
2019-03-27T00:00:00Z,1.1250000000
2019-03-28T00:00:00Z,1.1236000000
2019-03-29T00:00:00Z,1.1228000000
2019-04-01T00:00:00Z,1.1210000000
2019-04-02T00:00:00Z,1.1186000000
2019-04-03T00:00:00Z,1.1242000000
2019-04-04T00:00:00Z,1.1216000000
2019-04-05T00:00:00Z,1.1217000000
2019-04-08T00:00:00Z,1.1262000000
2019-04-09T00:00:00Z,1.1278000000
2019-04-10T00:00:00Z,1.1266000000
2019-04-11T00:00:00Z,1.1262000000
2019-04-12T00:00:00Z,1.1304000000
2019-04-15T00:00:00Z,1.1304000000
2019-04-16T00:00:00Z,1.1293000000
2019-04-17T00:00:00Z,1.1297000000
2019-04-18T00:00:00Z,1.1241000000
2019-04-19T00:00:00Z,1.1246000000
2019-04-22T00:00:00Z,1.1258000000
2019-04-23T00:00:00Z,1.1213000000
2019-04-24T00:00:00Z,1.1192000000
2019-04-25T00:00:00Z,1.1140000000
2019-04-26T00:00:00Z,1.1154000000
2019-04-29T00:00:00Z,1.1166000000
2019-04-30T00:00:00Z,1.1201000000
2019-05-01T00:00:00Z,1.1246000000
2019-05-02T00:00:00Z,1.1184000000
2019-05-03T00:00:00Z,1.1186000000
2019-05-06T00:00:00Z,1.1197000000
2019-05-07T00:00:00Z,1.1178000000
2019-05-08T00:00:00Z,1.1206000000
2019-05-09T00:00:00Z,1.1228000000
2019-05-10T00:00:00Z,1.1241000000
2019-05-13T00:00:00Z,1.1232000000
2019-05-14T00:00:00Z,1.1207000000
2019-05-15T00:00:00Z,1.1208000000
2019-05-16T00:00:00Z,1.1178000000
2019-05-17T00:00:00Z,1.1166000000
2019-05-20T00:00:00Z,1.1170000000
2019-05-21T00:00:00Z,1.1158000000
2019-05-22T00:00:00Z,1.1156000000
2019-05-23T00:00:00Z,1.1172000000
2019-05-24T00:00:00Z,1.1197000000
2019-05-28T00:00:00Z,1.1177000000
2019-05-29T00:00:00Z,1.1136000000
2019-05-30T00:00:00Z,1.1140000000
2019-05-31T00:00:00Z,1.1149000000
2019-06-03T00:00:00Z,1.1206000000
2019-06-04T00:00:00Z,1.1236000000
2019-06-05T00:00:00Z,1.1242000000
2019-06-06T00:00:00Z,1.1294000000
2019-06-07T00:00:00Z,1.1324000000
2019-06-10T00:00:00Z,1.1311000000
2019-06-11T00:00:00Z,1.1316000000
2019-06-12T00:00:00Z,1.1310000000
2019-06-13T00:00:00Z,1.1275000000
2019-06-14T00:00:00Z,1.1217000000
2019-06-17T00:00:00Z,1.1235000000
2019-06-18T00:00:00Z,1.1196000000
2019-06-19T00:00:00Z,1.1214000000
2019-06-20T00:00:00Z,1.1284000000
2019-06-21T00:00:00Z,1.1328000000
2019-06-24T00:00:00Z,1.1393000000
2019-06-25T00:00:00Z,1.1386000000
2019-06-26T00:00:00Z,1.1390000000
2019-06-27T00:00:00Z,1.1372000000
2019-06-28T00:00:00Z,1.1374000000
2019-07-01T00:00:00Z,1.1307000000
2019-07-02T00:00:00Z,1.1301000000
2019-07-03T00:00:00Z,1.1275000000
2019-07-05T00:00:00Z,1.1216000000
2019-07-08T00:00:00Z,1.1208000000
2019-07-09T00:00:00Z,1.1210000000
2019-07-10T00:00:00Z,1.1260000000
2019-07-11T00:00:00Z,1.1261000000
2019-07-12T00:00:00Z,1.1254000000
2019-07-15T00:00:00Z,1.1260000000
2019-07-16T00:00:00Z,1.1212000000
2019-07-17T00:00:00Z,1.1232000000
2019-07-18T00:00:00Z,1.1228000000
2019-07-19T00:00:00Z,1.1220000000
2019-07-22T00:00:00Z,1.1214000000
2019-07-23T00:00:00Z,1.1156000000
2019-07-24T00:00:00Z,1.1141000000
2019-07-25T00:00:00Z,1.1156000000
2019-07-26T00:00:00Z,1.1121000000
2019-07-29T00:00:00Z,1.1142000000
2019-07-30T00:00:00Z,1.1148000000
2019-07-31T00:00:00Z,1.1130000000
2019-08-01T00:00:00Z,1.1062000000
2019-08-02T00:00:00Z,1.1112000000
2019-08-05T00:00:00Z,1.1197000000
2019-08-06T00:00:00Z,1.1196000000
2019-08-07T00:00:00Z,1.1236000000
2019-08-08T00:00:00Z,1.1210000000
2019-08-09T00:00:00Z,1.1222000000
2019-08-12T00:00:00Z,1.1212000000
2019-08-13T00:00:00Z,1.1182000000
2019-08-14T00:00:00Z,1.1144000000
2019-08-15T00:00:00Z,1.1106000000
2019-08-16T00:00:00Z,1.1091000000
2019-08-19T00:00:00Z,1.1096000000
2019-08-20T00:00:00Z,1.1092000000
2019-08-21T00:00:00Z,1.1098000000
2019-08-22T00:00:00Z,1.1089000000
2019-08-23T00:00:00Z,1.1148000000
2019-08-26T00:00:00Z,1.1112000000
2019-08-27T00:00:00Z,1.1094000000
2019-08-28T00:00:00Z,1.1084000000
2019-08-29T00:00:00Z,1.1059000000
2019-08-30T00:00:00Z,1.0989000000
2019-09-03T00:00:00Z,1.0968000000
2019-09-04T00:00:00Z,1.1025000000
2019-09-05T00:00:00Z,1.1038000000
2019-09-06T00:00:00Z,1.1042000000
2019-09-09T00:00:00Z,1.1056000000
2019-09-10T00:00:00Z,1.1042000000
2019-09-11T00:00:00Z,1.1001000000
2019-09-12T00:00:00Z,1.1074000000
2019-09-13T00:00:00Z,1.1074000000
2019-09-16T00:00:00Z,1.1006000000
2019-09-17T00:00:00Z,1.1063000000
2019-09-18T00:00:00Z,1.1061000000
2019-09-19T00:00:00Z,1.1046000000
2019-09-20T00:00:00Z,1.1004000000
2019-09-23T00:00:00Z,1.0991000000
2019-09-24T00:00:00Z,1.0999000000
2019-09-25T00:00:00Z,1.0949000000
2019-09-26T00:00:00Z,1.0938000000
2019-09-27T00:00:00Z,1.0942000000
2019-09-30T00:00:00Z,1.0905000000
2019-10-01T00:00:00Z,1.0932000000
2019-10-02T00:00:00Z,1.0951000000
2019-10-03T00:00:00Z,1.0991000000
2019-10-04T00:00:00Z,1.0974000000
2019-10-07T00:00:00Z,1.0984000000
2019-10-08T00:00:00Z,1.0949000000
2019-10-09T00:00:00Z,1.0978000000
2019-10-10T00:00:00Z,1.1018000000
2019-10-11T00:00:00Z,1.1039000000
2019-10-15T00:00:00Z,1.1036000000
2019-10-16T00:00:00Z,1.1075000000
2019-10-17T00:00:00Z,1.1129000000
2019-10-18T00:00:00Z,1.1155000000
2019-10-21T00:00:00Z,1.1145000000
2019-10-22T00:00:00Z,1.1138000000
2019-10-23T00:00:00Z,1.1118000000
2019-10-24T00:00:00Z,1.1098000000
2019-10-25T00:00:00Z,1.1081000000
2019-10-28T00:00:00Z,1.1094000000
2019-10-29T00:00:00Z,1.1117000000
2019-10-30T00:00:00Z,1.1123000000
2019-10-31T00:00:00Z,1.1155000000
2019-11-01T00:00:00Z,1.1169000000
2019-11-04T00:00:00Z,1.1144000000
2019-11-05T00:00:00Z,1.1070000000
2019-11-06T00:00:00Z,1.1076000000
2019-11-07T00:00:00Z,1.1045000000
2019-11-08T00:00:00Z,1.1019000000
2019-11-12T00:00:00Z,1.1017000000
2019-11-13T00:00:00Z,1.1004000000
2019-11-14T00:00:00Z,1.1016000000
2019-11-15T00:00:00Z,1.1046000000
2019-11-18T00:00:00Z,1.1079000000
2019-11-19T00:00:00Z,1.1075000000
2019-11-20T00:00:00Z,1.1063000000
2019-11-21T00:00:00Z,1.1067000000
2019-11-22T00:00:00Z,1.1029000000
2019-11-25T00:00:00Z,1.1009000000
2019-11-26T00:00:00Z,1.1012000000
2019-11-27T00:00:00Z,1.1002000000
2019-11-29T00:00:00Z,1.1019000000
2019-12-02T00:00:00Z,1.1075000000
2019-12-03T00:00:00Z,1.1089000000
2019-12-04T00:00:00Z,1.1076000000
2019-12-05T00:00:00Z,1.1104000000
2019-12-06T00:00:00Z,1.1052000000
2019-12-09T00:00:00Z,1.1067000000
2019-12-10T00:00:00Z,1.1090000000
2019-12-11T00:00:00Z,1.1092000000
2019-12-12T00:00:00Z,1.1115000000
2019-12-13T00:00:00Z,1.1128000000
2019-12-16T00:00:00Z,1.1139000000
2019-12-17T00:00:00Z,1.1148000000
2019-12-18T00:00:00Z,1.1113000000
2019-12-19T00:00:00Z,1.1128000000
2019-12-20T00:00:00Z,1.1076000000
2019-12-23T00:00:00Z,1.1091000000
2019-12-24T00:00:00Z,1.1084000000
2019-12-26T00:00:00Z,1.1102000000
2019-12-27T00:00:00Z,1.1174000000
2019-12-30T00:00:00Z,1.1217000000
2019-12-31T00:00:00Z,1.1227000000
2020-01-02T00:00:00Z,1.1166000000
2020-01-03T00:00:00Z,1.1173000000
2020-01-06T00:00:00Z,1.1187000000
2020-01-07T00:00:00Z,1.1138000000
2020-01-08T00:00:00Z,1.1117000000
2020-01-09T00:00:00Z,1.1106000000
2020-01-10T00:00:00Z,1.1119000000
2020-01-13T00:00:00Z,1.1138000000
2020-01-14T00:00:00Z,1.1130000000
2020-01-15T00:00:00Z,1.1160000000
2020-01-16T00:00:00Z,1.1131000000
2020-01-17T00:00:00Z,1.1093000000
2020-01-21T00:00:00Z,1.1096000000
2020-01-22T00:00:00Z,1.1085000000
2020-01-23T00:00:00Z,1.1041000000
2020-01-24T00:00:00Z,1.1026000000
2020-01-27T00:00:00Z,1.1019000000
2020-01-28T00:00:00Z,1.1008000000
2020-01-29T00:00:00Z,1.1004000000
2020-01-30T00:00:00Z,1.1032000000
2020-01-31T00:00:00Z,1.1082000000
2020-02-03T00:00:00Z,1.1062000000
2020-02-04T00:00:00Z,1.1043000000
2020-02-05T00:00:00Z,1.1006000000
2020-02-06T00:00:00Z,1.0979000000
2020-02-07T00:00:00Z,1.0950000000
2020-02-10T00:00:00Z,1.0916000000
2020-02-11T00:00:00Z,1.0917000000
2020-02-12T00:00:00Z,1.0893000000
2020-02-13T00:00:00Z,1.0848000000
2020-02-14T00:00:00Z,1.0839000000
2020-02-18T00:00:00Z,1.0815000000
2020-02-19T00:00:00Z,1.0794000000
2020-02-20T00:00:00Z,1.0797000000
2020-02-21T00:00:00Z,1.0855000000
2020-02-24T00:00:00Z,1.0857000000
2020-02-25T00:00:00Z,1.0868000000
2020-02-26T00:00:00Z,1.0887000000
2020-02-27T00:00:00Z,1.0977000000
2020-02-28T00:00:00Z,1.1001000000
2020-03-02T00:00:00Z,1.1164000000
2020-03-03T00:00:00Z,1.1175000000
2020-03-04T00:00:00Z,1.1130000000
2020-03-05T00:00:00Z,1.1202000000
2020-03-06T00:00:00Z,1.1319000000
2020-03-09T00:00:00Z,1.1420000000
2020-03-10T00:00:00Z,1.1342000000
2020-03-11T00:00:00Z,1.1280000000
2020-03-12T00:00:00Z,1.1081000000
2020-03-13T00:00:00Z,1.1066000000
2020-03-16T00:00:00Z,1.1139000000
2020-03-17T00:00:00Z,1.0971000000
2020-03-18T00:00:00Z,1.0833000000
2020-03-19T00:00:00Z,1.0699000000
2020-03-20T00:00:00Z,1.0682000000
2020-03-23T00:00:00Z,1.0760000000
2020-03-24T00:00:00Z,1.0794000000
2020-03-25T00:00:00Z,1.0835000000
2020-03-26T00:00:00Z,1.1025000000
2020-03-27T00:00:00Z,1.1059000000
2020-03-30T00:00:00Z,1.1018000000
2020-03-31T00:00:00Z,1.1016000000
2020-04-01T00:00:00Z,1.0934000000
2020-04-02T00:00:00Z,1.0862000000
2020-04-03T00:00:00Z,1.0797000000
2020-04-06T00:00:00Z,1.0808000000
2020-04-07T00:00:00Z,1.0886000000
2020-04-08T00:00:00Z,1.0864000000
2020-04-09T00:00:00Z,1.0931000000
2020-04-10T00:00:00Z,1.0951000000
2020-04-13T00:00:00Z,1.0906000000
2020-04-14T00:00:00Z,1.0971000000
2020-04-15T00:00:00Z,1.0909000000
2020-04-16T00:00:00Z,1.0840000000
2020-04-17T00:00:00Z,1.0883000000
2020-04-20T00:00:00Z,1.0874000000
2020-04-21T00:00:00Z,1.0854000000
2020-04-22T00:00:00Z,1.0829000000
2020-04-23T00:00:00Z,1.0815000000
2020-04-24T00:00:00Z,1.0798000000
2020-04-27T00:00:00Z,1.0829000000
2020-04-28T00:00:00Z,1.0836000000
2020-04-29T00:00:00Z,1.0853000000
2020-04-30T00:00:00Z,1.0934000000
2020-05-01T00:00:00Z,1.0998000000
2020-05-04T00:00:00Z,1.0911000000
2020-05-05T00:00:00Z,1.0844000000
2020-05-06T00:00:00Z,1.0806000000
2020-05-07T00:00:00Z,1.0815000000
2020-05-08T00:00:00Z,1.0854000000
2020-05-11T00:00:00Z,1.0818000000
2020-05-12T00:00:00Z,1.0864000000
2020-05-13T00:00:00Z,1.0837000000
2020-05-14T00:00:00Z,1.0800000000
2020-05-15T00:00:00Z,1.0816000000
2020-05-18T00:00:00Z,1.0904000000
2020-05-19T00:00:00Z,1.0937000000
2020-05-20T00:00:00Z,1.0980000000
2020-05-21T00:00:00Z,1.0953000000
2020-05-22T00:00:00Z,1.0894000000
2020-05-26T00:00:00Z,1.0970000000
2020-05-27T00:00:00Z,1.0969000000
2020-05-28T00:00:00Z,1.1069000000
2020-05-29T00:00:00Z,1.1107000000
2020-06-01T00:00:00Z,1.1123000000
2020-06-02T00:00:00Z,1.1166000000
2020-06-03T00:00:00Z,1.1246000000
2020-06-04T00:00:00Z,1.1322000000
2020-06-05T00:00:00Z,1.1297000000
2020-06-08T00:00:00Z,1.1293000000
2020-06-09T00:00:00Z,1.1348000000
2020-06-10T00:00:00Z,1.1355000000
2020-06-11T00:00:00Z,1.1378000000
2020-06-12T00:00:00Z,1.1253000000
2020-06-15T00:00:00Z,1.1270000000
2020-06-16T00:00:00Z,1.1259000000
2020-06-17T00:00:00Z,1.1219000000
2020-06-18T00:00:00Z,1.1216000000
2020-06-19T00:00:00Z,1.1189000000
2020-06-22T00:00:00Z,1.1260000000
2020-06-23T00:00:00Z,1.1322000000
2020-06-24T00:00:00Z,1.1272000000
2020-06-25T00:00:00Z,1.1221000000
2020-06-26T00:00:00Z,1.1215000000
2020-06-29T00:00:00Z,1.1237000000
2020-06-30T00:00:00Z,1.1237000000
2020-07-01T00:00:00Z,1.1259000000
2020-07-02T00:00:00Z,1.1237000000
2020-07-06T00:00:00Z,1.1307000000
2020-07-07T00:00:00Z,1.1299000000
2020-07-08T00:00:00Z,1.1329000000
2020-07-09T00:00:00Z,1.1298000000
2020-07-10T00:00:00Z,1.1318000000
2020-07-13T00:00:00Z,1.1364000000
2020-07-14T00:00:00Z,1.1406000000
2020-07-15T00:00:00Z,1.1406000000
2020-07-16T00:00:00Z,1.1433000000
2020-07-17T00:00:00Z,1.1438000000
2020-07-20T00:00:00Z,1.1442000000
2020-07-21T00:00:00Z,1.1495000000
2020-07-22T00:00:00Z,1.1587000000
2020-07-23T00:00:00Z,1.1623000000
2020-07-24T00:00:00Z,1.1635000000
2020-07-27T00:00:00Z,1.1750000000
2020-07-28T00:00:00Z,1.1733000000
2020-07-29T00:00:00Z,1.1770000000
2020-07-30T00:00:00Z,1.1791000000
2020-07-31T00:00:00Z,1.1822000000
2020-08-03T00:00:00Z,1.1750000000
2020-08-04T00:00:00Z,1.1766000000
2020-08-05T00:00:00Z,1.1898000000
2020-08-06T00:00:00Z,1.1856000000
2020-08-07T00:00:00Z,1.1776000000
2020-08-10T00:00:00Z,1.1756000000
2020-08-11T00:00:00Z,1.1764000000
2020-08-12T00:00:00Z,1.1796000000
2020-08-13T00:00:00Z,1.1818000000
2020-08-14T00:00:00Z,1.1833000000
2020-08-17T00:00:00Z,1.1869000000
2020-08-18T00:00:00Z,1.1928000000
2020-08-19T00:00:00Z,1.1898000000
2020-08-20T00:00:00Z,1.1862000000
2020-08-21T00:00:00Z,1.1775000000
2020-08-24T00:00:00Z,1.1803000000
2020-08-25T00:00:00Z,1.1818000000
2020-08-26T00:00:00Z,1.1813000000
2020-08-27T00:00:00Z,1.1824000000
2020-08-28T00:00:00Z,1.1901000000
2020-08-31T00:00:00Z,1.1950000000
2020-09-01T00:00:00Z,1.1949000000
2020-09-02T00:00:00Z,1.1840000000
2020-09-03T00:00:00Z,1.1832000000
2020-09-04T00:00:00Z,1.1820000000
2020-09-08T00:00:00Z,1.1789000000
2020-09-09T00:00:00Z,1.1810000000
2020-09-10T00:00:00Z,1.1880000000
2020-09-11T00:00:00Z,1.1831000000
2020-09-14T00:00:00Z,1.1874000000
2020-09-15T00:00:00Z,1.1846000000
2020-09-16T00:00:00Z,1.1835000000
2020-09-17T00:00:00Z,1.1823000000
2020-09-18T00:00:00Z,1.1857000000
2020-09-21T00:00:00Z,1.1737000000
2020-09-22T00:00:00Z,1.1703000000
2020-09-23T00:00:00Z,1.1677000000
2020-09-24T00:00:00Z,1.1666000000
2020-09-25T00:00:00Z,1.1618000000
2020-09-28T00:00:00Z,1.1660000000
2020-09-29T00:00:00Z,1.1717000000
2020-09-30T00:00:00Z,1.1723000000
2020-10-01T00:00:00Z,1.1752000000
2020-10-02T00:00:00Z,1.1706000000
2020-10-05T00:00:00Z,1.1784000000
2020-10-06T00:00:00Z,1.1778000000
2020-10-07T00:00:00Z,1.1766000000
2020-10-08T00:00:00Z,1.1753000000
2020-10-09T00:00:00Z,1.1819000000
2020-10-13T00:00:00Z,1.1737000000
2020-10-14T00:00:00Z,1.1755000000
2020-10-15T00:00:00Z,1.1701000000
2020-10-16T00:00:00Z,1.1717000000
2020-10-19T00:00:00Z,1.1788000000
2020-10-20T00:00:00Z,1.1824000000
2020-10-21T00:00:00Z,1.1870000000
2020-10-22T00:00:00Z,1.1824000000
2020-10-23T00:00:00Z,1.1844000000
2020-10-26T00:00:00Z,1.1816000000
2020-10-27T00:00:00Z,1.1834000000
2020-10-28T00:00:00Z,1.1751000000
2020-10-29T00:00:00Z,1.1658000000
2020-10-30T00:00:00Z,1.1647000000
2020-11-02T00:00:00Z,1.1634000000
2020-11-03T00:00:00Z,1.1724000000
2020-11-04T00:00:00Z,1.1730000000
2020-11-05T00:00:00Z,1.1809000000
2020-11-06T00:00:00Z,1.1886000000
2020-11-09T00:00:00Z,1.1811000000
2020-11-10T00:00:00Z,1.1810000000
2020-11-12T00:00:00Z,1.1814000000
2020-11-13T00:00:00Z,1.1824000000
2020-11-16T00:00:00Z,1.1844000000
2020-11-17T00:00:00Z,1.1862000000
2020-11-18T00:00:00Z,1.1869000000
2020-11-19T00:00:00Z,1.1843000000
2020-11-20T00:00:00Z,1.1857000000
2020-11-23T00:00:00Z,1.1826000000
2020-11-24T00:00:00Z,1.1874000000
2020-11-25T00:00:00Z,1.1908000000
2020-11-30T00:00:00Z,1.1948000000
2020-12-01T00:00:00Z,1.2039000000
2020-12-02T00:00:00Z,1.2093000000
2020-12-03T00:00:00Z,1.2152000000
2020-12-04T00:00:00Z,1.2142000000
2020-12-07T00:00:00Z,1.2138000000
2020-12-08T00:00:00Z,1.2111000000
2020-12-09T00:00:00Z,1.2080000000
2020-12-10T00:00:00Z,1.2118000000
2020-12-11T00:00:00Z,1.2112000000
2020-12-14T00:00:00Z,1.2145000000
2020-12-15T00:00:00Z,1.2158000000
2020-12-16T00:00:00Z,1.2175000000
2020-12-17T00:00:00Z,1.2258000000
2020-12-18T00:00:00Z,1.2236000000
2020-12-21T00:00:00Z,1.2230000000
2020-12-22T00:00:00Z,1.2172000000
2020-12-23T00:00:00Z,1.2194000000
2020-12-28T00:00:00Z,1.2213000000
2020-12-29T00:00:00Z,1.2252000000
2020-12-30T00:00:00Z,1.2280000000
2020-12-31T00:00:00Z,1.2230000000
2021-01-04T00:00:00Z,1.2254000000
2021-01-05T00:00:00Z,1.2295000000
2021-01-06T00:00:00Z,1.2290000000
2021-01-07T00:00:00Z,1.2265000000
2021-01-08T00:00:00Z,1.2252000000
2021-01-11T00:00:00Z,1.2169000000
2021-01-12T00:00:00Z,1.2168000000
2021-01-13T00:00:00Z,1.2159000000
2021-01-14T00:00:00Z,1.2156000000
2021-01-15T00:00:00Z,1.2099000000
2021-01-19T00:00:00Z,1.2126000000
2021-01-21T00:00:00Z,1.2143000000
2021-01-22T00:00:00Z,1.2179000000
2021-01-25T00:00:00Z,1.2138000000
2021-01-26T00:00:00Z,1.2147000000
2021-01-27T00:00:00Z,1.2101000000
2021-01-28T00:00:00Z,1.2122000000
2021-01-29T00:00:00Z,1.2135000000
2021-02-01T00:00:00Z,1.2070000000
2021-02-02T00:00:00Z,1.2020000000
2021-02-03T00:00:00Z,1.2025000000
2021-02-04T00:00:00Z,1.1974000000
2021-02-05T00:00:00Z,1.2035000000
2021-02-08T00:00:00Z,1.2045000000
2021-02-09T00:00:00Z,1.2106000000
2021-02-10T00:00:00Z,1.2132000000
2021-02-11T00:00:00Z,1.2127000000
2021-02-12T00:00:00Z,1.2126000000
2021-02-16T00:00:00Z,1.2107000000
2021-02-17T00:00:00Z,1.2042000000
2021-02-18T00:00:00Z,1.2078000000
2021-02-19T00:00:00Z,1.2136000000
2021-02-22T00:00:00Z,1.2155000000
2021-02-23T00:00:00Z,1.2142000000
2021-02-24T00:00:00Z,1.2143000000
2021-02-25T00:00:00Z,1.2229000000
2021-02-26T00:00:00Z,1.2093000000
2021-03-01T00:00:00Z,1.2054000000
2021-03-02T00:00:00Z,1.2079000000
2021-03-03T00:00:00Z,1.2073000000
2021-03-04T00:00:00Z,1.2045000000
2021-03-05T00:00:00Z,1.1914000000
2021-03-08T00:00:00Z,1.1849000000
2021-03-09T00:00:00Z,1.1885000000
2021-03-10T00:00:00Z,1.1900000000
2021-03-11T00:00:00Z,1.1978000000
2021-03-12T00:00:00Z,1.1952000000
2021-03-15T00:00:00Z,1.1917000000
2021-03-16T00:00:00Z,1.1895000000
2021-03-17T00:00:00Z,1.1905000000
2021-03-18T00:00:00Z,1.1926000000
2021-03-19T00:00:00Z,1.1909000000
2021-03-22T00:00:00Z,1.1932000000
2021-03-23T00:00:00Z,1.1872000000
2021-03-24T00:00:00Z,1.1831000000
2021-03-25T00:00:00Z,1.1777000000
2021-03-26T00:00:00Z,1.1798000000
2021-03-29T00:00:00Z,1.1779000000
2021-03-30T00:00:00Z,1.1724000000
2021-03-31T00:00:00Z,1.1743000000
2021-04-01T00:00:00Z,1.1772000000
2021-04-02T00:00:00Z,1.1763000000
2021-04-05T00:00:00Z,1.1810000000
2021-04-06T00:00:00Z,1.1852000000
2021-04-07T00:00:00Z,1.1890000000
2021-04-08T00:00:00Z,1.1904000000
2021-04-09T00:00:00Z,1.1897000000
2021-04-12T00:00:00Z,1.1907000000
2021-04-13T00:00:00Z,1.1939000000
2021-04-14T00:00:00Z,1.1974000000
2021-04-15T00:00:00Z,1.1964000000
2021-04-16T00:00:00Z,1.1980000000
2021-04-19T00:00:00Z,1.2028000000
2021-04-20T00:00:00Z,1.2045000000
2021-04-21T00:00:00Z,1.2033000000
2021-04-22T00:00:00Z,1.2012000000
2021-04-23T00:00:00Z,1.2069000000
2021-04-26T00:00:00Z,1.2083000000
2021-04-27T00:00:00Z,1.2079000000
2021-04-28T00:00:00Z,1.2098000000
2021-04-29T00:00:00Z,1.2110000000
2021-04-30T00:00:00Z,1.2030000000
2021-05-03T00:00:00Z,1.2059000000
2021-05-04T00:00:00Z,1.2014000000
2021-05-05T00:00:00Z,1.2003000000
2021-05-06T00:00:00Z,1.2049000000
2021-05-07T00:00:00Z,1.2165000000
2021-05-10T00:00:00Z,1.2170000000
2021-05-11T00:00:00Z,1.2169000000
2021-05-12T00:00:00Z,1.2074000000
2021-05-13T00:00:00Z,1.2070000000
2021-05-14T00:00:00Z,1.2141000000
2021-05-17T00:00:00Z,1.2155000000
2021-05-18T00:00:00Z,1.2203000000
2021-05-19T00:00:00Z,1.2216000000
2021-05-20T00:00:00Z,1.2225000000
2021-05-21T00:00:00Z,1.2178000000
2021-05-24T00:00:00Z,1.2210000000
2021-05-25T00:00:00Z,1.2233000000
2021-05-26T00:00:00Z,1.2204000000
2021-05-27T00:00:00Z,1.2194000000
2021-05-28T00:00:00Z,1.2194000000
2021-06-01T00:00:00Z,1.2241000000
2021-06-02T00:00:00Z,1.2213000000
2021-06-03T00:00:00Z,1.2122000000
2021-06-04T00:00:00Z,1.2173000000
2021-06-07T00:00:00Z,1.2200000000
2021-06-08T00:00:00Z,1.2180000000
2021-06-09T00:00:00Z,1.2184000000
2021-06-10T00:00:00Z,1.2173000000
2021-06-11T00:00:00Z,1.2101000000
2021-06-14T00:00:00Z,1.2126000000
2021-06-15T00:00:00Z,1.2120000000
2021-06-16T00:00:00Z,1.2119000000
2021-06-17T00:00:00Z,1.1911000000
2021-06-18T00:00:00Z,1.1872000000
2021-06-21T00:00:00Z,1.1909000000
2021-06-22T00:00:00Z,1.1910000000
2021-06-23T00:00:00Z,1.1950000000
2021-06-24T00:00:00Z,1.1927000000
2021-06-25T00:00:00Z,1.1940000000
2021-06-28T00:00:00Z,1.1938000000
2021-06-29T00:00:00Z,1.1905000000
2021-06-30T00:00:00Z,1.1848000000
2021-07-01T00:00:00Z,1.1857000000
2021-07-02T00:00:00Z,1.1848000000
2021-07-06T00:00:00Z,1.1816000000
2021-07-07T00:00:00Z,1.1803000000
2021-07-08T00:00:00Z,1.1840000000
2021-07-09T00:00:00Z,1.1861000000
2021-07-12T00:00:00Z,1.1858000000
2021-07-13T00:00:00Z,1.1813000000
2021-07-14T00:00:00Z,1.1826000000
2021-07-15T00:00:00Z,1.1806000000
2021-07-16T00:00:00Z,1.1810000000
2021-07-19T00:00:00Z,1.1804000000
2021-07-20T00:00:00Z,1.1776000000
2021-07-21T00:00:00Z,1.1799000000
2021-07-22T00:00:00Z,1.1771000000
2021-07-23T00:00:00Z,1.1761000000
2021-07-26T00:00:00Z,1.1810000000
2021-07-27T00:00:00Z,1.1831000000
2021-07-28T00:00:00Z,1.1809000000
2021-07-29T00:00:00Z,1.1886000000
2021-07-30T00:00:00Z,1.1864000000
2021-08-02T00:00:00Z,1.1873000000
2021-08-03T00:00:00Z,1.1859000000
2021-08-04T00:00:00Z,1.1841000000
2021-08-05T00:00:00Z,1.1838000000
2021-08-06T00:00:00Z,1.1761000000
2021-08-09T00:00:00Z,1.1749000000
2021-08-10T00:00:00Z,1.1722000000
2021-08-11T00:00:00Z,1.1737000000
2021-08-12T00:00:00Z,1.1736000000
2021-08-13T00:00:00Z,1.1796000000
2021-08-16T00:00:00Z,1.1776000000
2021-08-17T00:00:00Z,1.1714000000
2021-08-18T00:00:00Z,1.1702000000
2021-08-19T00:00:00Z,1.1693000000
2021-08-20T00:00:00Z,1.1690000000
2021-08-23T00:00:00Z,1.1732000000
2021-08-24T00:00:00Z,1.1746000000
2021-08-25T00:00:00Z,1.1758000000
2021-08-26T00:00:00Z,1.1761000000
2021-08-27T00:00:00Z,1.1794000000
2021-08-30T00:00:00Z,1.1795000000
2021-08-31T00:00:00Z,1.1800000000
2021-09-01T00:00:00Z,1.1850000000
2021-09-02T00:00:00Z,1.1858000000
2021-09-03T00:00:00Z,1.1884000000
2021-09-07T00:00:00Z,1.1849000000
2021-09-08T00:00:00Z,1.1818000000
2021-09-09T00:00:00Z,1.1827000000
2021-09-10T00:00:00Z,1.1821000000
2021-09-13T00:00:00Z,1.1809000000
2021-09-14T00:00:00Z,1.1824000000
2021-09-15T00:00:00Z,1.1811000000
2021-09-16T00:00:00Z,1.1764000000
2021-09-17T00:00:00Z,1.1734000000
2021-09-20T00:00:00Z,1.1729000000
2021-09-21T00:00:00Z,1.1724000000
2021-09-22T00:00:00Z,1.1739000000
2021-09-23T00:00:00Z,1.1735000000
2021-09-24T00:00:00Z,1.1715000000
2021-09-27T00:00:00Z,1.1702000000
2021-09-28T00:00:00Z,1.1681000000
2021-09-29T00:00:00Z,1.1612000000
2021-09-30T00:00:00Z,1.1577000000
2021-10-01T00:00:00Z,1.1598000000
2021-10-04T00:00:00Z,1.1622000000
2021-10-05T00:00:00Z,1.1609000000
2021-10-06T00:00:00Z,1.1546000000
2021-10-07T00:00:00Z,1.1561000000
2021-10-08T00:00:00Z,1.1572000000
2021-10-12T00:00:00Z,1.1541000000
2021-10-13T00:00:00Z,1.1568000000
2021-10-14T00:00:00Z,1.1591000000
2021-10-15T00:00:00Z,1.1594000000
2021-10-18T00:00:00Z,1.1609000000
2021-10-19T00:00:00Z,1.1632000000
2021-10-20T00:00:00Z,1.1643000000
2021-10-21T00:00:00Z,1.1643000000
2021-10-22T00:00:00Z,1.1632000000
2021-10-25T00:00:00Z,1.1609000000
2021-10-26T00:00:00Z,1.1590000000
2021-10-27T00:00:00Z,1.1600000000
2021-10-28T00:00:00Z,1.1685000000
2021-10-29T00:00:00Z,1.1552000000
2021-11-01T00:00:00Z,1.1591000000
2021-11-02T00:00:00Z,1.1581000000
2021-11-03T00:00:00Z,1.1584000000
2021-11-04T00:00:00Z,1.1546000000
2021-11-05T00:00:00Z,1.1554000000
2021-11-08T00:00:00Z,1.1590000000
2021-11-09T00:00:00Z,1.1589000000
2021-11-10T00:00:00Z,1.1517000000
2021-11-12T00:00:00Z,1.1443000000
2021-11-15T00:00:00Z,1.1421000000
2021-11-16T00:00:00Z,1.1333000000
2021-11-17T00:00:00Z,1.1322000000
2021-11-18T00:00:00Z,1.1358000000
2021-11-19T00:00:00Z,1.1318000000
2021-11-22T00:00:00Z,1.1260000000
2021-11-23T00:00:00Z,1.1265000000
2021-11-24T00:00:00Z,1.1196000000
2021-11-26T00:00:00Z,1.1302000000
2021-11-29T00:00:00Z,1.1261000000
2021-11-30T00:00:00Z,1.1287000000
2021-12-01T00:00:00Z,1.1323000000
2021-12-02T00:00:00Z,1.1306000000
2021-12-03T00:00:00Z,1.1308000000
2021-12-06T00:00:00Z,1.1282000000
2021-12-07T00:00:00Z,1.1247000000
2021-12-08T00:00:00Z,1.1330000000
2021-12-09T00:00:00Z,1.1285000000
2021-12-10T00:00:00Z,1.1312000000
2021-12-13T00:00:00Z,1.1298000000
2021-12-14T00:00:00Z,1.1267000000
2021-12-15T00:00:00Z,1.1261000000
2021-12-16T00:00:00Z,1.1309000000
2021-12-17T00:00:00Z,1.1277000000
2021-12-20T00:00:00Z,1.1298000000
2021-12-21T00:00:00Z,1.1272000000
2021-12-22T00:00:00Z,1.1324000000
2021-12-23T00:00:00Z,1.1320000000
2021-12-27T00:00:00Z,1.1329000000
2021-12-28T00:00:00Z,1.1314000000
2021-12-29T00:00:00Z,1.1337000000
2021-12-30T00:00:00Z,1.1318000000
2022-01-03T00:00:00Z,1.1290000000
2022-01-04T00:00:00Z,1.1296000000
2022-01-05T00:00:00Z,1.1335000000
2022-01-06T00:00:00Z,1.1307000000
2022-01-07T00:00:00Z,1.1358000000
2022-01-10T00:00:00Z,1.1328000000
2022-01-11T00:00:00Z,1.1363000000
2022-01-12T00:00:00Z,1.1431000000
2022-01-13T00:00:00Z,1.1464000000
2022-01-14T00:00:00Z,1.1414000000
2022-01-18T00:00:00Z,1.1336000000
2022-01-19T00:00:00Z,1.1346000000
2022-01-20T00:00:00Z,1.1336000000
2022-01-21T00:00:00Z,1.1346000000
2022-01-24T00:00:00Z,1.1310000000
2022-01-25T00:00:00Z,1.1283000000
2022-01-26T00:00:00Z,1.1279000000
2022-01-27T00:00:00Z,1.1141000000
2022-01-28T00:00:00Z,1.1160000000
2022-01-31T00:00:00Z,1.1212000000
2022-02-01T00:00:00Z,1.1239000000
2022-02-02T00:00:00Z,1.1299000000
2022-02-03T00:00:00Z,1.1425000000
2022-02-04T00:00:00Z,1.1455000000
2022-02-07T00:00:00Z,1.1434000000
2022-02-08T00:00:00Z,1.1416000000
2022-02-09T00:00:00Z,1.1435000000
2022-02-10T00:00:00Z,1.1487000000
2022-02-11T00:00:00Z,1.1404000000
2022-02-14T00:00:00Z,1.1306000000
2022-02-15T00:00:00Z,1.1363000000
2022-02-16T00:00:00Z,1.1381000000
2022-02-17T00:00:00Z,1.1364000000
2022-02-18T00:00:00Z,1.1327000000
2022-02-22T00:00:00Z,1.1342000000
2022-02-23T00:00:00Z,1.1316000000
2022-02-24T00:00:00Z,1.1154000000
2022-02-25T00:00:00Z,1.1261000000
2022-02-28T00:00:00Z,1.1224000000
2022-03-01T00:00:00Z,1.1103000000
2022-03-02T00:00:00Z,1.1102000000
2022-03-03T00:00:00Z,1.1053000000
2022-03-04T00:00:00Z,1.0912000000
2022-03-07T00:00:00Z,1.0860000000
2022-03-08T00:00:00Z,1.0881000000
2022-03-09T00:00:00Z,1.1069000000
2022-03-10T00:00:00Z,1.1007000000
2022-03-11T00:00:00Z,1.0937000000
2022-03-14T00:00:00Z,1.0979000000
2022-03-15T00:00:00Z,1.0974000000
2022-03-16T00:00:00Z,1.0996000000
2022-03-17T00:00:00Z,1.1110000000
2022-03-18T00:00:00Z,1.1044000000
2022-03-21T00:00:00Z,1.1048000000
2022-03-22T00:00:00Z,1.1022000000
2022-03-23T00:00:00Z,1.1001000000
2022-03-24T00:00:00Z,1.1006000000
2022-03-25T00:00:00Z,1.0985000000
2022-03-28T00:00:00Z,1.0977000000
2022-03-29T00:00:00Z,1.1104000000
2022-03-30T00:00:00Z,1.1163000000
2022-03-31T00:00:00Z,1.1093000000
2022-04-01T00:00:00Z,1.1043000000
2022-04-04T00:00:00Z,1.0992000000
2022-04-05T00:00:00Z,1.0921000000
2022-04-06T00:00:00Z,1.0913000000
2022-04-07T00:00:00Z,1.0900000000
2022-04-08T00:00:00Z,1.0874000000
2022-04-11T00:00:00Z,1.0875000000
2022-04-12T00:00:00Z,1.0852000000
2022-04-13T00:00:00Z,1.0874000000
2022-04-14T00:00:00Z,1.0796000000
2022-04-15T00:00:00Z,1.0812000000
2022-04-18T00:00:00Z,1.0785000000
2022-04-19T00:00:00Z,1.0789000000
2022-04-20T00:00:00Z,1.0857000000
2022-04-21T00:00:00Z,1.0839000000
2022-04-22T00:00:00Z,1.0790000000
2022-04-25T00:00:00Z,1.0703000000
2022-04-26T00:00:00Z,1.0661000000
2022-04-27T00:00:00Z,1.0549000000
2022-04-28T00:00:00Z,1.0500000000
2022-04-29T00:00:00Z,1.0537000000
2022-05-02T00:00:00Z,1.0521000000
2022-05-03T00:00:00Z,1.0532000000
2022-05-04T00:00:00Z,1.0539000000
2022-05-05T00:00:00Z,1.0507000000
2022-05-06T00:00:00Z,1.0572000000
2022-05-09T00:00:00Z,1.0559000000
2022-05-10T00:00:00Z,1.0531000000
2022-05-11T00:00:00Z,1.0537000000
2022-05-12T00:00:00Z,1.0376000000
2022-05-13T00:00:00Z,1.0410000000
2022-05-16T00:00:00Z,1.0420000000
2022-05-17T00:00:00Z,1.0532000000
2022-05-18T00:00:00Z,1.0494000000
2022-05-19T00:00:00Z,1.0587000000
2022-05-20T00:00:00Z,1.0559000000
2022-05-23T00:00:00Z,1.0668000000
2022-05-24T00:00:00Z,1.0744000000
2022-05-25T00:00:00Z,1.0658000000
2022-05-26T00:00:00Z,1.0725000000
2022-05-27T00:00:00Z,1.0709000000
2022-05-31T00:00:00Z,1.0731000000
2022-06-01T00:00:00Z,1.0646000000
2022-06-02T00:00:00Z,1.0733000000
2022-06-03T00:00:00Z,1.0721000000
2022-06-06T00:00:00Z,1.0699000000
2022-06-07T00:00:00Z,1.0697000000
2022-06-08T00:00:00Z,1.0740000000
2022-06-09T00:00:00Z,1.0656000000
2022-06-10T00:00:00Z,1.0521000000
2022-06-13T00:00:00Z,1.0436000000
2022-06-14T00:00:00Z,1.0416000000
2022-06-15T00:00:00Z,1.0388000000
2022-06-16T00:00:00Z,1.0531000000
2022-06-17T00:00:00Z,1.0473000000
2022-06-21T00:00:00Z,1.0548000000
2022-06-22T00:00:00Z,1.0583000000
2022-06-23T00:00:00Z,1.0503000000
2022-06-24T00:00:00Z,1.0539000000
2022-06-27T00:00:00Z,1.0601000000
2022-06-28T00:00:00Z,1.0534000000
2022-06-29T00:00:00Z,1.0477000000
2022-06-30T00:00:00Z,1.0469000000
2022-07-01T00:00:00Z,1.0409000000
2022-07-05T00:00:00Z,1.0254000000
2022-07-06T00:00:00Z,1.0173000000
2022-07-07T00:00:00Z,1.0159000000
2022-07-08T00:00:00Z,1.0178000000
2022-07-11T00:00:00Z,1.0088000000
2022-07-12T00:00:00Z,1.0069000000
2022-07-13T00:00:00Z,1.0081000000
2022-07-14T00:00:00Z,1.0028000000
2022-07-15T00:00:00Z,1.0089000000
2022-07-18T00:00:00Z,1.0160000000
2022-07-19T00:00:00Z,1.0238000000
2022-07-20T00:00:00Z,1.0217000000
2022-07-21T00:00:00Z,1.0197000000
2022-07-22T00:00:00Z,1.0225000000
2022-07-25T00:00:00Z,1.0211000000
2022-07-26T00:00:00Z,1.0116000000
2022-07-27T00:00:00Z,1.0108000000
2022-07-28T00:00:00Z,1.0163000000
2022-07-29T00:00:00Z,1.0202000000
2022-08-01T00:00:00Z,1.0270000000
2022-08-02T00:00:00Z,1.0194000000
2022-08-03T00:00:00Z,1.0146000000
2022-08-04T00:00:00Z,1.0221000000
2022-08-05T00:00:00Z,1.0170000000
2022-08-08T00:00:00Z,1.0207000000
2022-08-09T00:00:00Z,1.0226000000
2022-08-10T00:00:00Z,1.0337000000
2022-08-11T00:00:00Z,1.0338000000
2022-08-12T00:00:00Z,1.0257000000
2022-08-15T00:00:00Z,1.0186000000
2022-08-16T00:00:00Z,1.0174000000
2022-08-17T00:00:00Z,1.0164000000
2022-08-18T00:00:00Z,1.0114000000
2022-08-19T00:00:00Z,1.0039000000
2022-08-22T00:00:00Z,0.9936000000
2022-08-23T00:00:00Z,0.9976000000
2022-08-24T00:00:00Z,0.9967000000
2022-08-25T00:00:00Z,0.9959000000
2022-08-26T00:00:00Z,0.9998000000
2022-08-29T00:00:00Z,1.0000000000
2022-08-30T00:00:00Z,1.0018000000
2022-08-31T00:00:00Z,1.0065000000
2022-09-01T00:00:00Z,0.9950000000
2022-09-02T00:00:00Z,1.0030000000
2022-09-06T00:00:00Z,0.9914000000
2022-09-07T00:00:00Z,0.9942000000
2022-09-08T00:00:00Z,0.9956000000
2022-09-09T00:00:00Z,1.0046000000
2022-09-12T00:00:00Z,1.0129000000
2022-09-13T00:00:00Z,0.9997000000
2022-09-14T00:00:00Z,0.9993000000
2022-09-15T00:00:00Z,0.9991000000
2022-09-16T00:00:00Z,1.0013000000
2022-09-19T00:00:00Z,1.0003000000
2022-09-20T00:00:00Z,0.9994000000
2022-09-21T00:00:00Z,0.9880000000
2022-09-22T00:00:00Z,0.9841000000
2022-09-23T00:00:00Z,0.9719000000
2022-09-26T00:00:00Z,0.9623000000
2022-09-27T00:00:00Z,0.9616000000
2022-09-28T00:00:00Z,0.9681000000
2022-09-29T00:00:00Z,0.9774000000
2022-09-30T00:00:00Z,0.9783000000
2022-10-03T00:00:00Z,0.9809000000
2022-10-04T00:00:00Z,0.9977000000
2022-10-05T00:00:00Z,0.9866000000
2022-10-06T00:00:00Z,0.9806000000
2022-10-07T00:00:00Z,0.9785000000
2022-10-11T00:00:00Z,0.9757000000
2022-10-12T00:00:00Z,0.9692000000
2022-10-13T00:00:00Z,0.9780000000
2022-10-14T00:00:00Z,0.9739000000
2022-10-17T00:00:00Z,0.9843000000
2022-10-18T00:00:00Z,0.9842000000
2022-10-19T00:00:00Z,0.9780000000
2022-10-20T00:00:00Z,0.9823000000
2022-10-21T00:00:00Z,0.9855000000
2022-10-24T00:00:00Z,0.9874000000
2022-10-25T00:00:00Z,0.9959000000
2022-10-26T00:00:00Z,1.0068000000
2022-10-27T00:00:00Z,0.9985000000
2022-10-28T00:00:00Z,0.9934000000
2022-10-31T00:00:00Z,0.9885000000
2022-11-01T00:00:00Z,0.9871000000
2022-11-02T00:00:00Z,0.9875000000
2022-11-03T00:00:00Z,0.9759000000
2022-11-04T00:00:00Z,0.9895000000
2022-11-07T00:00:00Z,0.9997000000
2022-11-08T00:00:00Z,1.0089000000
2022-11-09T00:00:00Z,1.0037000000
2022-11-10T00:00:00Z,1.0176000000
2022-11-14T00:00:00Z,1.0337000000
2022-11-15T00:00:00Z,1.0372000000
2022-11-16T00:00:00Z,1.0395000000
2022-11-17T00:00:00Z,1.0341000000
2022-11-18T00:00:00Z,1.0349000000
2022-11-21T00:00:00Z,1.0238000000
2022-11-22T00:00:00Z,1.0276000000
2022-11-23T00:00:00Z,1.0364000000
2022-11-25T00:00:00Z,1.0402000000
2022-11-28T00:00:00Z,1.0386000000
2022-11-29T00:00:00Z,1.0356000000
2022-11-30T00:00:00Z,1.0323000000
2022-12-01T00:00:00Z,1.0498000000
2022-12-02T00:00:00Z,1.0521000000
2022-12-05T00:00:00Z,1.0494000000
2022-12-06T00:00:00Z,1.0497000000
2022-12-07T00:00:00Z,1.0505000000
2022-12-08T00:00:00Z,1.0552000000
2022-12-09T00:00:00Z,1.0550000000
2022-12-12T00:00:00Z,1.0545000000
2022-12-13T00:00:00Z,1.0630000000
2022-12-14T00:00:00Z,1.0655000000
2022-12-15T00:00:00Z,1.0638000000
2022-12-16T00:00:00Z,1.0610000000
2022-12-19T00:00:00Z,1.0624000000
2022-12-20T00:00:00Z,1.0635000000
2022-12-21T00:00:00Z,1.0599000000
2022-12-22T00:00:00Z,1.0588000000
2022-12-23T00:00:00Z,1.0621000000
2022-12-27T00:00:00Z,1.0654000000
2022-12-28T00:00:00Z,1.0622000000
2022-12-29T00:00:00Z,1.0668000000
2022-12-30T00:00:00Z,1.0698000000
2023-01-03T00:00:00Z,1.0559000000
2023-01-04T00:00:00Z,1.0620000000
2023-01-05T00:00:00Z,1.0522000000
2023-01-06T00:00:00Z,1.0619000000
2023-01-09T00:00:00Z,1.0759000000
2023-01-10T00:00:00Z,1.0737000000
2023-01-11T00:00:00Z,1.0740000000
2023-01-12T00:00:00Z,1.0823000000
2023-01-13T00:00:00Z,1.0811000000
2023-01-17T00:00:00Z,1.0793000000
2023-01-18T00:00:00Z,1.0827000000
2023-01-19T00:00:00Z,1.0810000000
2023-01-20T00:00:00Z,1.0831000000
2023-01-23T00:00:00Z,1.0865000000
2023-01-24T00:00:00Z,1.0873000000
2023-01-25T00:00:00Z,1.0901000000
2023-01-26T00:00:00Z,1.0866000000
2023-01-27T00:00:00Z,1.0857000000
2023-01-30T00:00:00Z,1.0867000000
2023-01-31T00:00:00Z,1.0858000000
2023-02-01T00:00:00Z,1.0917000000
2023-02-02T00:00:00Z,1.0918000000
2023-02-03T00:00:00Z,1.0825000000
2023-02-06T00:00:00Z,1.0722000000
2023-02-07T00:00:00Z,1.0705000000
2023-02-08T00:00:00Z,1.0734000000
2023-02-09T00:00:00Z,1.0761000000
2023-02-10T00:00:00Z,1.0670000000
2023-02-13T00:00:00Z,1.0718000000
2023-02-14T00:00:00Z,1.0722000000
2023-02-15T00:00:00Z,1.0683000000
2023-02-16T00:00:00Z,1.0684000000
2023-02-17T00:00:00Z,1.0678000000
2023-02-21T00:00:00Z,1.0657000000
2023-02-22T00:00:00Z,1.0623000000
2023-02-23T00:00:00Z,1.0583000000
2023-02-24T00:00:00Z,1.0545000000
2023-02-27T00:00:00Z,1.0596000000
2023-02-28T00:00:00Z,1.0602000000
2023-03-01T00:00:00Z,1.0674000000
2023-03-02T00:00:00Z,1.0595000000
2023-03-03T00:00:00Z,1.0616000000
2023-03-06T00:00:00Z,1.0694000000
2023-03-07T00:00:00Z,1.0573000000
2023-03-08T00:00:00Z,1.0549000000
2023-03-09T00:00:00Z,1.0577000000
2023-03-10T00:00:00Z,1.0659000000
2023-03-13T00:00:00Z,1.0733000000
2023-03-14T00:00:00Z,1.0722000000
2023-03-15T00:00:00Z,1.0535000000
2023-03-16T00:00:00Z,1.0622000000
2023-03-17T00:00:00Z,1.0647000000
2023-03-20T00:00:00Z,1.0722000000
2023-03-21T00:00:00Z,1.0769000000
2023-03-22T00:00:00Z,1.0792000000
2023-03-23T00:00:00Z,1.0890000000
2023-03-24T00:00:00Z,1.0762000000
2023-03-27T00:00:00Z,1.0789000000
2023-03-28T00:00:00Z,1.0844000000
2023-03-29T00:00:00Z,1.0826000000
2023-03-30T00:00:00Z,1.0899000000
2023-03-31T00:00:00Z,1.0872000000
2023-04-03T00:00:00Z,1.0891000000
2023-04-04T00:00:00Z,1.0951000000
2023-04-05T00:00:00Z,1.0918000000
2023-04-06T00:00:00Z,1.0927000000
2023-04-07T00:00:00Z,1.0913000000
2023-04-10T00:00:00Z,1.0840000000
2023-04-11T00:00:00Z,1.0906000000
2023-04-12T00:00:00Z,1.0987000000
2023-04-13T00:00:00Z,1.1054000000
2023-04-14T00:00:00Z,1.0980000000
2023-04-17T00:00:00Z,1.0915000000
2023-04-18T00:00:00Z,1.0958000000
2023-04-19T00:00:00Z,1.0953000000
2023-04-20T00:00:00Z,1.0970000000
2023-04-21T00:00:00Z,1.0973000000
2023-04-24T00:00:00Z,1.1027000000
2023-04-25T00:00:00Z,1.0968000000
2023-04-26T00:00:00Z,1.1052000000
2023-04-27T00:00:00Z,1.1017000000
2023-04-28T00:00:00Z,1.1040000000
2023-05-01T00:00:00Z,1.0970000000
2023-05-02T00:00:00Z,1.0997000000
2023-05-03T00:00:00Z,1.1049000000
2023-05-04T00:00:00Z,1.1009000000
2023-05-05T00:00:00Z,1.1026000000
2023-05-08T00:00:00Z,1.1020000000
2023-05-09T00:00:00Z,1.0953000000
2023-05-10T00:00:00Z,1.0966000000
2023-05-11T00:00:00Z,1.0916000000
2023-05-12T00:00:00Z,1.0856000000
2023-05-15T00:00:00Z,1.0874000000
2023-05-16T00:00:00Z,1.0866000000
2023-05-17T00:00:00Z,1.0830000000
2023-05-18T00:00:00Z,1.0776000000
2023-05-19T00:00:00Z,1.0819000000
2023-05-22T00:00:00Z,1.0806000000
2023-05-23T00:00:00Z,1.0771000000
2023-05-24T00:00:00Z,1.0758000000
2023-05-25T00:00:00Z,1.0725000000
2023-05-26T00:00:00Z,1.0713000000
2023-05-30T00:00:00Z,1.0722000000
2023-05-31T00:00:00Z,1.0654000000
2023-06-01T00:00:00Z,1.0752000000
2023-06-02T00:00:00Z,1.0724000000
2023-06-05T00:00:00Z,1.0721000000
2023-06-06T00:00:00Z,1.0695000000
2023-06-07T00:00:00Z,1.0702000000
2023-06-08T00:00:00Z,1.0780000000
2023-06-09T00:00:00Z,1.0749000000
2023-06-12T00:00:00Z,1.0747000000
2023-06-13T00:00:00Z,1.0792000000
2023-06-14T00:00:00Z,1.0859000000
2023-06-15T00:00:00Z,1.0933000000
2023-06-16T00:00:00Z,1.0925000000
2023-06-20T00:00:00Z,1.0900000000
2023-06-21T00:00:00Z,1.0951000000
2023-06-22T00:00:00Z,1.0953000000
2023-06-23T00:00:00Z,1.0887000000
2023-06-26T00:00:00Z,1.0910000000
2023-06-27T00:00:00Z,1.0961000000
2023-06-28T00:00:00Z,1.0904000000
2023-06-29T00:00:00Z,1.0881000000
2023-06-30T00:00:00Z,1.0920000000
2023-07-03T00:00:00Z,1.0919000000
2023-07-05T00:00:00Z,1.0868000000
2023-07-06T00:00:00Z,1.0873000000
2023-07-07T00:00:00Z,1.0964000000
2023-07-10T00:00:00Z,1.0991000000
2023-07-11T00:00:00Z,1.0992000000
2023-07-12T00:00:00Z,1.1123000000
2023-07-13T00:00:00Z,1.1194000000
2023-07-14T00:00:00Z,1.1237000000
2023-07-17T00:00:00Z,1.1236000000
2023-07-18T00:00:00Z,1.1223000000
2023-07-19T00:00:00Z,1.1195000000
2023-07-20T00:00:00Z,1.1135000000
2023-07-21T00:00:00Z,1.1120000000
2023-07-24T00:00:00Z,1.1083000000
2023-07-25T00:00:00Z,1.1050000000
2023-07-26T00:00:00Z,1.1078000000
2023-07-27T00:00:00Z,1.0998000000
2023-07-28T00:00:00Z,1.1039000000
2023-07-31T00:00:00Z,1.1020000000
2023-08-01T00:00:00Z,1.0971000000
2023-08-02T00:00:00Z,1.0939000000
2023-08-03T00:00:00Z,1.0947000000
2023-08-04T00:00:00Z,1.1036000000
2023-08-07T00:00:00Z,1.1000000000
2023-08-08T00:00:00Z,1.0951000000
2023-08-09T00:00:00Z,1.0975000000
2023-08-10T00:00:00Z,1.1016000000
2023-08-11T00:00:00Z,1.0957000000
2023-08-14T00:00:00Z,1.0922000000
2023-08-15T00:00:00Z,1.0928000000
2023-08-16T00:00:00Z,1.0904000000
2023-08-17T00:00:00Z,1.0874000000
2023-08-18T00:00:00Z,1.0875000000
2023-08-21T00:00:00Z,1.0888000000
2023-08-22T00:00:00Z,1.0846000000
2023-08-23T00:00:00Z,1.0862000000
2023-08-24T00:00:00Z,1.0826000000
2023-08-25T00:00:00Z,1.0787000000
2023-08-28T00:00:00Z,1.0810000000
2023-08-29T00:00:00Z,1.0851000000
2023-08-30T00:00:00Z,1.0926000000
2023-08-31T00:00:00Z,1.0839000000
2023-09-01T00:00:00Z,1.0787000000
2023-09-05T00:00:00Z,1.0727000000
2023-09-06T00:00:00Z,1.0714000000
2023-09-07T00:00:00Z,1.0704000000
2023-09-08T00:00:00Z,1.0709000000
2023-09-11T00:00:00Z,1.0744000000
2023-09-12T00:00:00Z,1.0726000000
2023-09-13T00:00:00Z,1.0737000000
2023-09-14T00:00:00Z,1.0660000000
2023-09-15T00:00:00Z,1.0673000000
2023-09-18T00:00:00Z,1.0695000000
2023-09-19T00:00:00Z,1.0684000000
2023-09-20T00:00:00Z,1.0715000000
2023-09-21T00:00:00Z,1.0664000000
2023-09-22T00:00:00Z,1.0660000000
2023-09-25T00:00:00Z,1.0591000000
2023-09-26T00:00:00Z,1.0573000000
2023-09-27T00:00:00Z,1.0510000000
2023-09-28T00:00:00Z,1.0578000000
2023-09-29T00:00:00Z,1.0584000000
2023-10-02T00:00:00Z,1.0500000000
2023-10-03T00:00:00Z,1.0453000000
2023-10-04T00:00:00Z,1.0518000000
2023-10-05T00:00:00Z,1.0527000000
2023-10-06T00:00:00Z,1.0596000000
2023-10-10T00:00:00Z,1.0618000000
2023-10-11T00:00:00Z,1.0620000000
2023-10-12T00:00:00Z,1.0553000000
2023-10-13T00:00:00Z,1.0502000000
2023-10-16T00:00:00Z,1.0546000000
2023-10-17T00:00:00Z,1.0593000000
2023-10-18T00:00:00Z,1.0532000000
2023-10-19T00:00:00Z,1.0570000000
2023-10-20T00:00:00Z,1.0592000000
2023-10-23T00:00:00Z,1.0646000000
2023-10-24T00:00:00Z,1.0595000000
2023-10-25T00:00:00Z,1.0583000000
2023-10-26T00:00:00Z,1.0532000000
2023-10-27T00:00:00Z,1.0592000000
2023-10-30T00:00:00Z,1.0620000000
2023-10-31T00:00:00Z,1.0568000000
2023-11-01T00:00:00Z,1.0538000000
2023-11-02T00:00:00Z,1.0618000000
2023-11-03T00:00:00Z,1.0733000000
2023-11-06T00:00:00Z,1.0747000000
2023-11-07T00:00:00Z,1.0687000000
2023-11-08T00:00:00Z,1.0715000000
2023-11-09T00:00:00Z,1.0710000000
2023-11-13T00:00:00Z,1.0700000000
2023-11-14T00:00:00Z,1.0861000000
2023-11-15T00:00:00Z,1.0853000000
2023-11-16T00:00:00Z,1.0851000000
2023-11-17T00:00:00Z,1.0879000000
2023-11-20T00:00:00Z,1.0945000000
2023-11-21T00:00:00Z,1.0923000000
2023-11-22T00:00:00Z,1.0871000000
2023-11-24T00:00:00Z,1.0934000000
2023-11-27T00:00:00Z,1.0937000000
2023-11-28T00:00:00Z,1.1007000000
2023-11-29T00:00:00Z,1.0969000000
2023-11-30T00:00:00Z,1.0908000000
2023-12-01T00:00:00Z,1.0878000000
2023-12-04T00:00:00Z,1.0824000000
2023-12-05T00:00:00Z,1.0787000000
2023-12-06T00:00:00Z,1.0790000000
2023-12-07T00:00:00Z,1.0794000000
2023-12-08T00:00:00Z,1.0746000000
2023-12-11T00:00:00Z,1.0747000000
2023-12-12T00:00:00Z,1.0790000000
2023-12-13T00:00:00Z,1.0793000000
2023-12-14T00:00:00Z,1.0997000000
2023-12-15T00:00:00Z,1.0906000000
2023-12-18T00:00:00Z,1.0920000000
2023-12-19T00:00:00Z,1.0977000000
2023-12-20T00:00:00Z,1.0957000000
2023-12-21T00:00:00Z,1.0990000000
2023-12-22T00:00:00Z,1.1008000000
2023-12-26T00:00:00Z,1.1035000000
2023-12-27T00:00:00Z,1.1114000000
2023-12-28T00:00:00Z,1.1073000000
2023-12-29T00:00:00Z,1.1062000000
2024-01-02T00:00:00Z,1.0957000000
2024-01-03T00:00:00Z,1.0909000000
2024-01-04T00:00:00Z,1.0957000000
2024-01-05T00:00:00Z,1.0957000000
2024-01-08T00:00:00Z,1.0976000000
2024-01-09T00:00:00Z,1.0935000000
2024-01-10T00:00:00Z,1.0960000000
2024-01-11T00:00:00Z,1.0943000000
2024-01-12T00:00:00Z,1.0959000000
2024-01-16T00:00:00Z,1.0882000000
2024-01-17T00:00:00Z,1.0858000000
2024-01-18T00:00:00Z,1.0863000000
2024-01-19T00:00:00Z,1.0887000000
2024-01-22T00:00:00Z,1.0895000000
2024-01-23T00:00:00Z,1.0829000000
2024-01-24T00:00:00Z,1.0901000000
2024-01-25T00:00:00Z,1.0837000000
2024-01-26T00:00:00Z,1.0866000000
2024-01-29T00:00:00Z,1.0807000000
2024-01-30T00:00:00Z,1.0844000000
2024-01-31T00:00:00Z,1.0855000000
2024-02-01T00:00:00Z,1.0865000000
2024-02-02T00:00:00Z,1.0787000000
2024-02-05T00:00:00Z,1.0736000000
2024-02-06T00:00:00Z,1.0751000000
2024-02-07T00:00:00Z,1.0769000000
2024-02-08T00:00:00Z,1.0774000000
2024-02-09T00:00:00Z,1.0782000000
2024-02-12T00:00:00Z,1.0774000000
2024-02-13T00:00:00Z,1.0720000000
2024-02-14T00:00:00Z,1.0735000000
2024-02-15T00:00:00Z,1.0761000000
2024-02-16T00:00:00Z,1.0769000000
2024-02-20T00:00:00Z,1.0814000000
2024-02-21T00:00:00Z,1.0818000000
2024-02-22T00:00:00Z,1.0815000000
2024-02-23T00:00:00Z,1.0828000000
2024-02-26T00:00:00Z,1.0855000000
2024-02-27T00:00:00Z,1.0857000000
2024-02-28T00:00:00Z,1.0843000000
2024-02-29T00:00:00Z,1.0807000000
2024-03-01T00:00:00Z,1.0832000000
2024-03-04T00:00:00Z,1.0862000000
2024-03-05T00:00:00Z,1.0861000000
2024-03-06T00:00:00Z,1.0913000000
2024-03-07T00:00:00Z,1.0941000000
2024-03-08T00:00:00Z,1.0941000000
2024-03-11T00:00:00Z,1.0928000000
2024-03-12T00:00:00Z,1.0918000000
2024-03-13T00:00:00Z,1.0944000000
2024-03-14T00:00:00Z,1.0888000000
2024-03-15T00:00:00Z,1.0888000000
2024-03-18T00:00:00Z,1.0886000000
2024-03-19T00:00:00Z,1.0859000000
2024-03-20T00:00:00Z,1.0856000000
2024-03-21T00:00:00Z,1.0861000000
2024-03-22T00:00:00Z,1.0817000000
2024-03-25T00:00:00Z,1.0837000000
2024-03-26T00:00:00Z,1.0829000000
2024-03-27T00:00:00Z,1.0821000000
2024-03-28T00:00:00Z,1.0801000000
2024-03-29T00:00:00Z,1.0791000000
2024-04-01T00:00:00Z,1.0733000000
2024-04-02T00:00:00Z,1.0769000000
2024-04-03T00:00:00Z,1.0827000000
2024-04-04T00:00:00Z,1.0865000000
2024-04-05T00:00:00Z,1.0841000000
2024-04-08T00:00:00Z,1.0853000000
2024-04-09T00:00:00Z,1.0856000000
2024-04-10T00:00:00Z,1.0737000000
2024-04-11T00:00:00Z,1.0722000000
2024-04-12T00:00:00Z,1.0647000000
2024-04-15T00:00:00Z,1.0644000000
2024-04-16T00:00:00Z,1.0628000000
2024-04-17T00:00:00Z,1.0644000000
2024-04-18T00:00:00Z,1.0660000000
2024-04-19T00:00:00Z,1.0655000000
2024-04-22T00:00:00Z,1.0655000000
2024-04-23T00:00:00Z,1.0695000000
2024-04-24T00:00:00Z,1.0687000000
2024-04-25T00:00:00Z,1.0721000000
2024-04-26T00:00:00Z,1.0686000000
2024-04-29T00:00:00Z,1.0717000000
2024-04-30T00:00:00Z,1.0684000000
2024-05-01T00:00:00Z,1.0680000000
2024-05-02T00:00:00Z,1.0706000000
2024-05-03T00:00:00Z,1.0770000000
2024-05-06T00:00:00Z,1.0779000000
2024-05-07T00:00:00Z,1.0767000000
2024-05-08T00:00:00Z,1.0755000000
2024-05-09T00:00:00Z,1.0771000000
2024-05-10T00:00:00Z,1.0773000000
2024-05-13T00:00:00Z,1.0796000000
2024-05-14T00:00:00Z,1.0818000000
2024-05-15T00:00:00Z,1.0860000000
2024-05-16T00:00:00Z,1.0875000000
2024-05-17T00:00:00Z,1.0869000000
2024-05-20T00:00:00Z,1.0861000000
2024-05-21T00:00:00Z,1.0855000000
2024-05-22T00:00:00Z,1.0836000000
2024-05-23T00:00:00Z,1.0827000000
2024-05-24T00:00:00Z,1.0852000000
2024-05-28T00:00:00Z,1.0879000000
2024-05-29T00:00:00Z,1.0811000000
2024-05-30T00:00:00Z,1.0837000000
2024-05-31T00:00:00Z,1.0846000000
2024-06-03T00:00:00Z,1.0890000000
2024-06-04T00:00:00Z,1.0878000000
2024-06-05T00:00:00Z,1.0865000000
2024-06-06T00:00:00Z,1.0883000000
2024-06-07T00:00:00Z,1.0807000000
2024-06-10T00:00:00Z,1.0751000000
2024-06-11T00:00:00Z,1.0733000000
2024-06-12T00:00:00Z,1.0843000000
2024-06-13T00:00:00Z,1.0756000000
2024-06-14T00:00:00Z,1.0699000000
2024-06-17T00:00:00Z,1.0723000000
2024-06-18T00:00:00Z,1.0739000000
2024-06-20T00:00:00Z,1.0708000000
2024-06-21T00:00:00Z,1.0694000000
2024-06-24T00:00:00Z,1.0727000000
2024-06-25T00:00:00Z,1.0705000000
2024-06-26T00:00:00Z,1.0682000000
2024-06-27T00:00:00Z,1.0708000000
2024-06-28T00:00:00Z,1.0711000000
2024-07-01T00:00:00Z,1.0728000000
2024-07-02T00:00:00Z,1.0737000000
2024-07-03T00:00:00Z,1.0799000000
2024-07-05T00:00:00Z,1.0828000000
2024-07-08T00:00:00Z,1.0835000000
2024-07-09T00:00:00Z,1.0813000000
2024-07-10T00:00:00Z,1.0823000000
2024-07-11T00:00:00Z,1.0870000000
2024-07-12T00:00:00Z,1.0902000000
2024-07-15T00:00:00Z,1.0912000000
2024-07-16T00:00:00Z,1.0885000000
2024-07-17T00:00:00Z,1.0933000000
2024-07-18T00:00:00Z,1.0913000000
2024-07-19T00:00:00Z,1.0888000000
2024-07-22T00:00:00Z,1.0880000000
2024-07-23T00:00:00Z,1.0855000000
2024-07-24T00:00:00Z,1.0853000000
2024-07-25T00:00:00Z,1.0861000000
2024-07-26T00:00:00Z,1.0859000000
2024-07-29T00:00:00Z,1.0819000000
2024-07-30T00:00:00Z,1.0809000000
2024-07-31T00:00:00Z,1.0823000000
2024-08-01T00:00:00Z,1.0789000000
2024-08-02T00:00:00Z,1.0914000000
2024-08-05T00:00:00Z,1.0957000000
2024-08-06T00:00:00Z,1.0926000000
2024-08-07T00:00:00Z,1.0925000000
2024-08-08T00:00:00Z,1.0914000000
2024-08-09T00:00:00Z,1.0925000000
2024-08-12T00:00:00Z,1.0928000000
2024-08-13T00:00:00Z,1.0954000000
2024-08-14T00:00:00Z,1.1024000000
2024-08-15T00:00:00Z,1.0986000000
2024-08-16T00:00:00Z,1.0996000000
2024-08-19T00:00:00Z,1.1070000000
2024-08-20T00:00:00Z,1.1106000000
2024-08-21T00:00:00Z,1.1143000000
2024-08-22T00:00:00Z,1.1114000000
2024-08-23T00:00:00Z,1.1176000000
2024-08-26T00:00:00Z,1.1164000000
2024-08-27T00:00:00Z,1.1160000000
2024-08-28T00:00:00Z,1.1127000000
2024-08-29T00:00:00Z,1.1086000000
2024-08-30T00:00:00Z,1.1060000000
2024-09-03T00:00:00Z,1.1043000000
2024-09-04T00:00:00Z,1.1081000000
2024-09-05T00:00:00Z,1.1096000000
2024-09-06T00:00:00Z,1.1086000000
2024-09-09T00:00:00Z,1.1042000000
2024-09-10T00:00:00Z,1.1025000000
2024-09-11T00:00:00Z,1.1012000000
2024-09-12T00:00:00Z,1.1041000000
2024-09-13T00:00:00Z,1.1085000000
2024-09-16T00:00:00Z,1.1123000000
2024-09-17T00:00:00Z,1.1118000000
2024-09-18T00:00:00Z,1.1116000000
2024-09-19T00:00:00Z,1.1147000000
2024-09-20T00:00:00Z,1.1159000000
2024-09-23T00:00:00Z,1.1130000000
2024-09-24T00:00:00Z,1.1150000000
2024-09-25T00:00:00Z,1.1143000000
2024-09-26T00:00:00Z,1.1184000000
2024-09-27T00:00:00Z,1.1159000000
2024-09-30T00:00:00Z,1.1145000000
2024-10-01T00:00:00Z,1.1067000000
2024-10-02T00:00:00Z,1.1050000000
2024-10-03T00:00:00Z,1.1015000000
2024-10-04T00:00:00Z,1.0961000000
2024-10-07T00:00:00Z,1.0976000000
2024-10-08T00:00:00Z,1.0970000000
2024-10-09T00:00:00Z,1.0951000000
2024-10-10T00:00:00Z,1.0925000000
2024-10-11T00:00:00Z,1.0942000000
2024-10-15T00:00:00Z,1.0899000000
2024-10-16T00:00:00Z,1.0873000000
2024-10-17T00:00:00Z,1.0837000000
2024-10-18T00:00:00Z,1.0854000000
2024-10-21T00:00:00Z,1.0820000000
2024-10-22T00:00:00Z,1.0805000000
2024-10-23T00:00:00Z,1.0779000000
2024-10-24T00:00:00Z,1.0806000000
2024-10-25T00:00:00Z,1.0813000000
2024-10-28T00:00:00Z,1.0819000000
2024-10-29T00:00:00Z,1.0798000000
2024-10-30T00:00:00Z,1.0864000000
2024-10-31T00:00:00Z,1.0855000000
2024-11-01T00:00:00Z,1.0848000000
2024-11-04T00:00:00Z,1.0884000000
2024-11-05T00:00:00Z,1.0920000000
2024-11-06T00:00:00Z,1.0732000000
2024-11-07T00:00:00Z,1.0792000000
2024-11-08T00:00:00Z,1.0710000000
2024-11-12T00:00:00Z,1.0598000000
2024-11-13T00:00:00Z,1.0567000000
2024-11-14T00:00:00Z,1.0562000000
2024-11-15T00:00:00Z,1.0552000000
2024-11-18T00:00:00Z,1.0586000000
2024-11-19T00:00:00Z,1.0578000000
2024-11-20T00:00:00Z,1.0521000000
2024-11-21T00:00:00Z,1.0475000000
2024-11-22T00:00:00Z,1.0399000000
2024-11-25T00:00:00Z,1.0478000000
2024-11-26T00:00:00Z,1.0481000000
2024-11-27T00:00:00Z,1.0575000000
2024-11-29T00:00:00Z,1.0547000000
2024-12-02T00:00:00Z,1.0484000000
2024-12-03T00:00:00Z,1.0518000000
2024-12-04T00:00:00Z,1.0527000000
2024-12-05T00:00:00Z,1.0571000000
2024-12-06T00:00:00Z,1.0563000000
2024-12-09T00:00:00Z,1.0570000000
2024-12-10T00:00:00Z,1.0512000000
2024-12-11T00:00:00Z,1.0508000000
2024-12-12T00:00:00Z,1.0514000000
2024-12-13T00:00:00Z,1.0498000000
2024-12-16T00:00:00Z,1.0512000000
2024-12-17T00:00:00Z,1.0506000000
2024-12-18T00:00:00Z,1.0469000000
2024-12-19T00:00:00Z,1.0357000000
2024-12-20T00:00:00Z,1.0430000000
2024-12-23T00:00:00Z,1.0409000000
2024-12-24T00:00:00Z,1.0388000000
2024-12-26T00:00:00Z,1.0423000000
2024-12-27T00:00:00Z,1.0423000000
2024-12-30T00:00:00Z,1.0386000000
2024-12-31T00:00:00Z,1.0351000000
2025-01-02T00:00:00Z,1.0261000000
2025-01-03T00:00:00Z,1.0292000000
2025-01-06T00:00:00Z,1.0397000000
2025-01-07T00:00:00Z,1.0369000000
2025-01-08T00:00:00Z,1.0313000000
2025-01-09T00:00:00Z,1.0298000000
2025-01-10T00:00:00Z,1.0238000000
2025-01-13T00:00:00Z,1.0209000000
2025-01-14T00:00:00Z,1.0292000000
2025-01-15T00:00:00Z,1.0282000000
2025-01-16T00:00:00Z,1.0303000000
2025-01-17T00:00:00Z,1.0287000000
2025-01-21T00:00:00Z,1.0423000000
2025-01-22T00:00:00Z,1.0420000000
2025-01-23T00:00:00Z,1.0420000000
2025-01-24T00:00:00Z,1.0515000000
2025-01-27T00:00:00Z,1.0492000000
2025-01-28T00:00:00Z,1.0427000000
2025-01-29T00:00:00Z,1.0416000000
2025-01-30T00:00:00Z,1.0420000000
2025-01-31T00:00:00Z,1.0400000000
2025-02-03T00:00:00Z,1.0277000000
2025-02-04T00:00:00Z,1.0379000000
2025-02-05T00:00:00Z,1.0419000000
2025-02-06T00:00:00Z,1.0368000000
2025-02-07T00:00:00Z,1.0329000000
2025-02-10T00:00:00Z,1.0312000000
2025-02-11T00:00:00Z,1.0346000000
2025-02-12T00:00:00Z,1.0392000000
2025-02-13T00:00:00Z,1.0428000000
2025-02-14T00:00:00Z,1.0498000000
2025-02-18T00:00:00Z,1.0457000000
2025-02-19T00:00:00Z,1.0406000000
2025-02-20T00:00:00Z,1.0475000000
2025-02-21T00:00:00Z,1.0455000000
2025-02-24T00:00:00Z,1.0478000000
2025-02-25T00:00:00Z,1.0498000000
2025-02-26T00:00:00Z,1.0514000000
2025-02-27T00:00:00Z,1.0414000000
2025-02-28T00:00:00Z,1.0402000000
2025-03-03T00:00:00Z,1.0496000000
2025-03-04T00:00:00Z,1.0534000000
2025-03-05T00:00:00Z,1.0768000000
2025-03-06T00:00:00Z,1.0818000000
2025-03-07T00:00:00Z,1.0859000000
2025-03-10T00:00:00Z,1.0837000000
2025-03-11T00:00:00Z,1.0927000000
2025-03-12T00:00:00Z,1.0925000000
2025-03-13T00:00:00Z,1.0859000000
2025-03-14T00:00:00Z,1.0872000000
2025-03-17T00:00:00Z,1.0922000000
2025-03-18T00:00:00Z,1.0927000000
2025-03-19T00:00:00Z,1.0877000000
2025-03-20T00:00:00Z,1.0848000000
2025-03-21T00:00:00Z,1.0806000000
2025-03-24T00:00:00Z,1.0794000000
2025-03-25T00:00:00Z,1.0804000000
2025-03-26T00:00:00Z,1.0781000000
2025-03-27T00:00:00Z,1.0800000000
2025-03-28T00:00:00Z,1.0826000000
2025-03-31T00:00:00Z,1.0796000000
2025-04-01T00:00:00Z,1.0800000000
2025-04-02T00:00:00Z,1.0868000000
2025-04-03T00:00:00Z,1.1052000000
2025-04-04T00:00:00Z,1.1014000000
2025-04-07T00:00:00Z,1.0912000000
2025-04-08T00:00:00Z,1.0912000000
2025-04-09T00:00:00Z,1.1040000000
2025-04-10T00:00:00Z,1.1192000000
2025-04-11T00:00:00Z,1.1325000000
2025-04-14T00:00:00Z,1.1358000000
2025-04-15T00:00:00Z,1.1290000000
2025-04-16T00:00:00Z,1.1382000000
2025-04-17T00:00:00Z,1.1364000000
2025-04-18T00:00:00Z,1.1390000000
2025-04-21T00:00:00Z,1.1508000000
2025-04-22T00:00:00Z,1.1466000000
2025-04-23T00:00:00Z,1.1350000000
2025-04-24T00:00:00Z,1.1363000000
2025-04-25T00:00:00Z,1.1381000000
2025-04-28T00:00:00Z,1.1387000000
2025-04-29T00:00:00Z,1.1396000000
2025-04-30T00:00:00Z,1.1349000000
2025-05-01T00:00:00Z,1.1279000000
2025-05-02T00:00:00Z,1.1330000000
2025-05-05T00:00:00Z,1.1315000000
2025-05-06T00:00:00Z,1.1345000000
2025-05-07T00:00:00Z,1.1348000000
2025-05-08T00:00:00Z,1.1249000000
2025-05-09T00:00:00Z,1.1270000000
2025-05-12T00:00:00Z,1.1106000000
2025-05-13T00:00:00Z,1.1176000000
2025-05-14T00:00:00Z,1.1206000000
2025-05-15T00:00:00Z,1.1189000000
2025-05-16T00:00:00Z,1.1141000000
2025-05-19T00:00:00Z,1.1236000000
2025-05-20T00:00:00Z,1.1254000000
2025-05-21T00:00:00Z,1.1343000000
2025-05-22T00:00:00Z,1.1281000000
2025-05-23T00:00:00Z,1.1350000000
2025-05-27T00:00:00Z,1.1326000000
2025-05-28T00:00:00Z,1.1286000000
2025-05-29T00:00:00Z,1.1370000000
2025-05-30T00:00:00Z,1.1347000000
2025-06-02T00:00:00Z,1.1432000000
2025-06-03T00:00:00Z,1.1373000000
2025-06-04T00:00:00Z,1.1424000000
2025-06-05T00:00:00Z,1.1440000000
2025-06-06T00:00:00Z,1.1397000000
2025-06-09T00:00:00Z,1.1425000000
2025-06-10T00:00:00Z,1.1423000000
2025-06-11T00:00:00Z,1.1490000000
2025-06-12T00:00:00Z,1.1578000000
2025-06-13T00:00:00Z,1.1557000000
2025-06-16T00:00:00Z,1.1581000000
2025-06-17T00:00:00Z,1.1535000000
2025-06-18T00:00:00Z,1.1521000000
2025-06-20T00:00:00Z,1.1520000000
2025-06-23T00:00:00Z,1.1538000000
2025-06-24T00:00:00Z,1.1608000000
2025-06-25T00:00:00Z,1.1620000000
2025-06-26T00:00:00Z,1.1717000000
2025-06-27T00:00:00Z,1.1724000000
2025-06-30T00:00:00Z,1.1770000000
2025-07-01T00:00:00Z,1.1776000000
2025-07-02T00:00:00Z,1.1790000000
2025-07-03T00:00:00Z,1.1758000000
2025-07-07T00:00:00Z,1.1733000000
2025-07-08T00:00:00Z,1.1707000000
2025-07-09T00:00:00Z,1.1707000000
2025-07-10T00:00:00Z,1.1688000000
2025-07-11T00:00:00Z,1.1696000000
2025-07-14T00:00:00Z,1.1672000000
2025-07-15T00:00:00Z,1.1619000000
2025-07-16T00:00:00Z,1.1629000000
2025-07-17T00:00:00Z,1.1597000000
2025-07-18T00:00:00Z,1.1645000000
2025-07-21T00:00:00Z,1.1705000000
2025-07-22T00:00:00Z,1.1749000000
2025-07-23T00:00:00Z,1.1748000000
2025-07-24T00:00:00Z,1.1765000000
2025-07-25T00:00:00Z,1.1730000000
2025-07-28T00:00:00Z,1.1609000000
2025-07-29T00:00:00Z,1.1534000000
2025-07-30T00:00:00Z,1.1470000000
2025-07-31T00:00:00Z,1.1431000000
2025-08-01T00:00:00Z,1.1555000000
2025-08-04T00:00:00Z,1.1568000000
2025-08-05T00:00:00Z,1.1580000000
2025-08-06T00:00:00Z,1.1647000000
2025-08-07T00:00:00Z,1.1641000000
2025-08-08T00:00:00Z,1.1660000000
2025-08-11T00:00:00Z,1.1607000000
2025-08-12T00:00:00Z,1.1673000000
2025-08-13T00:00:00Z,1.1715000000
2025-08-14T00:00:00Z,1.1644000000
2025-08-15T00:00:00Z,1.1708000000
2025-08-18T00:00:00Z,1.1667000000
2025-08-19T00:00:00Z,1.1660000000
2025-08-20T00:00:00Z,1.1649000000
2025-08-21T00:00:00Z,1.1605000000
2025-08-22T00:00:00Z,1.1713000000
2025-08-25T00:00:00Z,1.1670000000
2025-08-26T00:00:00Z,1.1657000000
2025-08-27T00:00:00Z,1.1611000000
2025-08-28T00:00:00Z,1.1672000000
2025-08-29T00:00:00Z,1.1695000000
2025-09-02T00:00:00Z,1.1653000000
2025-09-03T00:00:00Z,1.1676000000
2025-09-04T00:00:00Z,1.1648000000
2025-09-05T00:00:00Z,1.1759000000
2025-09-08T00:00:00Z,1.1751000000
2025-09-09T00:00:00Z,1.1723000000
2025-09-10T00:00:00Z,1.1714000000
2025-09-11T00:00:00Z,1.1732000000
2025-09-12T00:00:00Z,1.1714000000
2025-09-15T00:00:00Z,1.1772000000
2025-09-16T00:00:00Z,1.1848000000
2025-09-17T00:00:00Z,1.1845000000
2025-09-18T00:00:00Z,1.1780000000
2025-09-19T00:00:00Z,1.1753000000
2025-09-22T00:00:00Z,1.1773000000
2025-09-23T00:00:00Z,1.1800000000
2025-09-24T00:00:00Z,1.1742000000
2025-09-25T00:00:00Z,1.1673000000
2025-09-26T00:00:00Z,1.1692000000
2025-09-29T00:00:00Z,1.1730000000
2025-09-30T00:00:00Z,1.1735000000
2025-10-01T00:00:00Z,1.1723000000
2025-10-02T00:00:00Z,1.1696000000
2025-10-03T00:00:00Z,1.1747000000
2025-10-06T00:00:00Z,1.1707000000
2025-10-07T00:00:00Z,1.1674000000
2025-10-08T00:00:00Z,1.1606000000
2025-10-09T00:00:00Z,1.1559000000
2025-10-10T00:00:00Z,1.1613000000
2025-10-14T00:00:00Z,1.1608000000
2025-10-15T00:00:00Z,1.1638000000
2025-10-16T00:00:00Z,1.1665000000
2025-10-17T00:00:00Z,1.1674000000
2025-10-20T00:00:00Z,1.1656000000
2025-10-21T00:00:00Z,1.1616000000
2025-10-22T00:00:00Z,1.1612000000
2025-10-23T00:00:00Z,1.1612000000
2025-10-24T00:00:00Z,1.1626000000
2025-10-27T00:00:00Z,1.1636000000
2025-10-28T00:00:00Z,1.1659000000
2025-10-29T00:00:00Z,1.1664000000
2025-10-30T00:00:00Z,1.1564000000
2025-10-31T00:00:00Z,1.1541000000
2025-11-03T00:00:00Z,1.1531000000
2025-11-04T00:00:00Z,1.1491000000
2025-11-05T00:00:00Z,1.1485000000
2025-11-06T00:00:00Z,1.1539000000
2025-11-07T00:00:00Z,1.1578000000
2025-11-10T00:00:00Z,1.1545000000
2025-11-12T00:00:00Z,1.1592000000
2025-11-13T00:00:00Z,1.1649000000
2025-11-14T00:00:00Z,1.1617000000
2025-11-17T00:00:00Z,1.1598000000
2025-11-18T00:00:00Z,1.1579000000
2025-11-19T00:00:00Z,1.1540000000
2025-11-20T00:00:00Z,1.1534000000
2025-11-21T00:00:00Z,1.1506000000
2025-11-24T00:00:00Z,1.1518000000
2025-11-25T00:00:00Z,1.1553000000
2025-11-26T00:00:00Z,1.1591000000
2025-11-28T00:00:00Z,1.1600000000
2025-12-01T00:00:00Z,1.1623000000
2025-12-02T00:00:00Z,1.1596000000
2025-12-03T00:00:00Z,1.1660000000
2025-12-04T00:00:00Z,1.1659000000
2025-12-05T00:00:00Z,1.1635000000
2025-12-08T00:00:00Z,1.1626000000
2025-12-09T00:00:00Z,1.1639000000
2025-12-10T00:00:00Z,1.1650000000
2025-12-11T00:00:00Z,1.1756000000
2025-12-12T00:00:00Z,1.1731000000
2025-12-15T00:00:00Z,1.1756000000
2025-12-16T00:00:00Z,1.1770000000
2025-12-17T00:00:00Z,1.1748000000
2025-12-18T00:00:00Z,1.1729000000
2025-12-19T00:00:00Z,1.1721000000
2025-12-22T00:00:00Z,1.1750000000
2025-12-23T00:00:00Z,1.1776000000
2025-12-24T00:00:00Z,1.1780000000
2025-12-26T00:00:00Z,1.1766000000
2025-12-29T00:00:00Z,1.1756000000
2025-12-30T00:00:00Z,1.1765000000
2025-12-31T00:00:00Z,1.1736000000
2026-01-02T00:00:00Z,1.1738000000
2026-01-05T00:00:00Z,1.1715000000
2026-01-06T00:00:00Z,1.1689000000
2026-01-07T00:00:00Z,1.1690000000
2026-01-08T00:00:00Z,1.1655000000
2026-01-09T00:00:00Z,1.1634000000
2026-01-12T00:00:00Z,1.1672000000
2026-01-13T00:00:00Z,1.1646000000
2026-01-14T00:00:00Z,1.1655000000
2026-01-15T00:00:00Z,1.1605000000
2026-01-16T00:00:00Z,1.1599000000
2026-01-20T00:00:00Z,1.1739000000
2026-01-21T00:00:00Z,1.1705000000
2026-01-22T00:00:00Z,1.1738000000
2026-01-23T00:00:00Z,1.1771000000
2026-01-26T00:00:00Z,1.1886000000
2026-01-27T00:00:00Z,1.1980000000
2026-01-28T00:00:00Z,1.1941000000
2026-01-29T00:00:00Z,1.1943000000
2026-01-30T00:00:00Z,1.1885000000
2026-02-02T00:00:00Z,1.1807000000
2026-02-03T00:00:00Z,1.1819000000
2026-02-04T00:00:00Z,1.1803000000
2026-02-05T00:00:00Z,1.1802000000
2026-02-06T00:00:00Z,1.1812000000
2026-02-09T00:00:00Z,1.1898000000
2026-02-10T00:00:00Z,1.1898000000
2026-02-11T00:00:00Z,1.1884000000
2026-02-12T00:00:00Z,1.1870000000
2026-02-13T00:00:00Z,1.1870000000
2026-02-17T00:00:00Z,1.1831000000
2026-02-18T00:00:00Z,1.1810000000
2026-02-19T00:00:00Z,1.1762000000
2026-02-20T00:00:00Z,1.1781000000
2026-02-23T00:00:00Z,1.1804000000
2026-02-24T00:00:00Z,1.1789000000
2026-02-25T00:00:00Z,1.1804000000
2026-02-26T00:00:00Z,1.1792000000
2026-02-27T00:00:00Z,1.1822000000
2026-03-02T00:00:00Z,1.1690000000
2026-03-03T00:00:00Z,1.1604000000
2026-03-04T00:00:00Z,1.1638000000
2026-03-05T00:00:00Z,1.1585000000
2026-03-06T00:00:00Z,1.1606000000
2026-03-09T00:00:00Z,1.1592000000
2026-03-10T00:00:00Z,1.1648000000
2026-03-11T00:00:00Z,1.1566000000
2026-03-12T00:00:00Z,1.1522000000
2026-03-13T00:00:00Z,1.1444000000
2026-03-16T00:00:00Z,1.1487000000
2026-03-17T00:00:00Z,1.1525000000
2026-03-18T00:00:00Z,1.1513000000
2026-03-19T00:00:00Z,1.1515000000
2026-03-20T00:00:00Z,1.1543000000
2026-03-23T00:00:00Z,1.1587000000
2026-03-24T00:00:00Z,1.1578000000
2026-03-25T00:00:00Z,1.1570000000
2026-03-26T00:00:00Z,1.1542000000
2026-03-27T00:00:00Z,1.1520000000
2026-03-30T00:00:00Z,1.1454000000
2026-03-31T00:00:00Z,1.1518000000
2026-04-01T00:00:00Z,1.1614000000
2026-04-02T00:00:00Z,1.1546000000
2026-04-03T00:00:00Z,1.1523000000
2026-04-06T00:00:00Z,1.1545000000
2026-04-07T00:00:00Z,1.1571000000
2026-04-08T00:00:00Z,1.1686000000
2026-04-09T00:00:00Z,1.1706000000
2026-04-10T00:00:00Z,1.1723000000
2026-04-13T00:00:00Z,1.1710000000
2026-04-14T00:00:00Z,1.1791000000
2026-04-15T00:00:00Z,1.1799000000
2026-04-16T00:00:00Z,1.1783000000
2026-04-17T00:00:00Z,1.1801000000
2026-04-20T00:00:00Z,1.1785000000
2026-04-21T00:00:00Z,1.1752000000
2026-04-22T00:00:00Z,1.1714000000
2026-04-23T00:00:00Z,1.1704000000
2026-04-24T00:00:00Z,1.1718000000
2026-04-27T00:00:00Z,1.1731000000
2026-04-28T00:00:00Z,1.1715000000
2026-04-29T00:00:00Z,1.1695000000
2026-04-30T00:00:00Z,1.1729000000
2026-05-01T00:00:00Z,1.1755000000
2026-05-04T00:00:00Z,1.1698000000
2026-05-05T00:00:00Z,1.1707000000
2026-05-06T00:00:00Z,1.1753000000
2026-05-07T00:00:00Z,1.1764000000
2026-05-08T00:00:00Z,1.1773000000
2026-05-11T00:00:00Z,1.1780000000
2026-05-12T00:00:00Z,1.1733000000
2026-05-13T00:00:00Z,1.1711000000
2026-05-14T00:00:00Z,1.1678000000
2026-05-15T00:00:00Z,1.1627000000
2026-05-18T00:00:00Z,1.1649000000
2026-05-19T00:00:00Z,1.1602000000
2026-05-20T00:00:00Z,1.1620000000
2026-05-21T00:00:00Z,1.1589000000
2026-05-22T00:00:00Z,1.1603000000
2026-05-26T00:00:00Z,1.1620000000
2026-05-27T00:00:00Z,1.1631000000
2026-05-28T00:00:00Z,1.1649000000
2026-05-29T00:00:00Z,1.1679000000
2026-06-01T00:00:00Z,1.1624000000
2026-06-02T00:00:00Z,1.1642000000
2026-06-03T00:00:00Z,1.1605000000
2026-06-04T00:00:00Z,1.1629000000
2026-06-05T00:00:00Z,1.1533000000
2026-06-08T00:00:00Z,1.1545000000
2026-06-09T00:00:00Z,1.1556000000
2026-06-10T00:00:00Z,1.1550000000
2026-06-11T00:00:00Z,1.1515000000
2026-06-12T00:00:00Z,1.1573000000
2026-06-15T00:00:00Z,1.1599000000
2026-06-16T00:00:00Z,1.1615000000
2026-06-17T00:00:00Z,1.1593000000
2026-06-18T00:00:00Z,1.1470000000
2026-06-22T00:00:00Z,1.1432000000
2026-06-23T00:00:00Z,1.1383000000
2026-06-24T00:00:00Z,1.1348000000
2026-06-25T00:00:00Z,1.1385000000
2026-06-26T00:00:00Z,1.1403000000
2026-06-29T00:00:00Z,1.1425000000
2026-06-30T00:00:00Z,1.1417000000
2026-07-01T00:00:00Z,1.1384000000
2026-07-02T00:00:00Z,1.1448000000
2026-07-06T00:00:00Z,1.1426000000
2026-07-07T00:00:00Z,1.1423000000
2026-07-08T00:00:00Z,1.1396000000
2026-07-09T00:00:00Z,1.1439000000
2026-07-10T00:00:00Z,1.1438000000
2026-07-13T00:00:00Z,1.1402000000
2026-07-14T00:00:00Z,1.1428000000
2026-07-15T00:00:00Z,1.1436000000
2026-07-16T00:00:00Z,1.1447000000
2026-07-17T00:00:00Z,1.1440000000
2026-07-20T00:00:00Z,1.1411000000
2026-07-21T00:00:00Z,1.1408000000
2026-07-22T00:00:00Z,1.1414000000
2026-07-23T00:00:00Z,1.1373000000
2026-07-24T00:00:00Z,1.1385000000
