timestamp,open_interest,producer_net,swap_net,managed_money_net,other_reportable_net,managed_money_net_share,producer_net_share,swap_net_share
2006-06-13T00:00:00Z,288981,-90442,-43959,69880,29407,0.2418152058,-0.3129686727,-0.1521172672
2006-06-20T00:00:00Z,288148,-83670,-38601,61116,29105,0.2120993378,-0.2903716146,-0.1339624082
2006-06-27T00:00:00Z,292789,-79394,-36847,57215,28409,0.1954137621,-0.2711645588,-0.1258483071
2006-07-03T00:00:00Z,292500,-79294,-42873,59326,32594,0.2028239316,-0.2710905983,-0.1465743590
2006-07-11T00:00:00Z,312684,-80518,-51529,71884,30045,0.2298934387,-0.2575059805,-0.1647957683
2006-07-18T00:00:00Z,324276,-85418,-54673,79271,28103,0.2444553405,-0.2634114150,-0.1686002048
2006-07-25T00:00:00Z,315635,-84073,-55416,72907,28648,0.2309851569,-0.2663614618,-0.1755698829
2006-08-01T00:00:00Z,304907,-94056,-44377,70609,32152,0.2315755296,-0.3084743873,-0.1455427393
2006-08-08T00:00:00Z,309097,-98754,-43171,74318,31780,0.2404358502,-0.3194919394,-0.1396681301
2006-08-15T00:00:00Z,313327,-95646,-39483,67890,32654,0.2166745924,-0.3052593616,-0.1260121215
2006-08-22T00:00:00Z,306171,-93649,-34424,60305,35643,0.1969650947,-0.3058715554,-0.1124339013
2006-08-29T00:00:00Z,307583,-89926,-27319,49529,38187,0.1610264546,-0.2923633621,-0.0888183027
2006-09-05T00:00:00Z,319998,-95212,-36053,58222,40112,0.1819448872,-0.2975393596,-0.1126663292
2006-09-12T00:00:00Z,310510,-84679,-26016,45940,38282,0.1479501465,-0.2727094135,-0.0837847412
2006-09-19T00:00:00Z,325852,-78818,-23107,41593,36275,0.1276438383,-0.2418828180,-0.0709125615
2006-09-26T00:00:00Z,322937,-73445,-21920,35324,35920,0.1093835640,-0.2274282600,-0.0678770163
2006-10-03T00:00:00Z,330065,-69430,-22564,32453,36981,0.0983230576,-0.2103525063,-0.0683622923
2006-10-10T00:00:00Z,334329,-66887,-15715,23064,39385,0.0689859390,-0.2000634106,-0.0470045973
2006-10-17T00:00:00Z,329875,-65659,-17479,21829,39430,0.0661735506,-0.1990420614,-0.0529867374
2006-10-24T00:00:00Z,331598,-61521,-18988,10179,45871,0.0306968076,-0.1855288633,-0.0572621065
2006-10-31T00:00:00Z,323481,-68217,-23679,20892,43824,0.0645849370,-0.2108841014,-0.0732005898
2006-11-07T00:00:00Z,335036,-82822,-31634,43530,37636,0.1299263363,-0.2472032856,-0.0944197042
2006-11-14T00:00:00Z,356575,-88506,-35015,49754,39080,0.1395330576,-0.2482114562,-0.0981981350
2006-11-21T00:00:00Z,355430,-87159,-31817,48450,35843,0.1363137608,-0.2452212813,-0.0895169232
2006-11-28T00:00:00Z,349517,-80010,-37714,44595,35271,0.1275903604,-0.2289159039,-0.1079031921
2006-12-05T00:00:00Z,330530,-82988,-37180,52047,31592,0.1574652830,-0.2510755453,-0.1124860073
2006-12-12T00:00:00Z,333101,-85827,-30455,50086,31743,0.1503628029,-0.2576605894,-0.0914287258
2006-12-19T00:00:00Z,337096,-79727,-22005,38961,30932,0.1155783516,-0.2365112609,-0.0652781404
2006-12-26T00:00:00Z,340473,-80879,-22189,38119,29973,0.1119589512,-0.2375489393,-0.0651711002
2007-01-03T00:00:00Z,353494,-85311,-27136,46792,31091,0.1323699978,-0.2413364866,-0.0767650936
2007-01-09T00:00:00Z,347491,-68722,-12952,25996,26872,0.0748105706,-0.1977662731,-0.0372729078
2007-01-16T00:00:00Z,344685,-68618,-23491,35059,27891,0.1017131584,-0.1990745173,-0.0681520809
2007-01-23T00:00:00Z,361114,-80929,-37648,57938,26563,0.1604424088,-0.2241092840,-0.1042551660
2007-01-30T00:00:00Z,348035,-89960,-45651,69986,30359,0.2010889709,-0.2584797506,-0.1311678423
2007-02-06T00:00:00Z,360936,-101432,-45232,81462,27084,0.2256965224,-0.2810248908,-0.1253186160
2007-02-13T00:00:00Z,383169,-110052,-55412,97057,27693,0.2533007628,-0.2872153019,-0.1446150393
2007-02-20T00:00:00Z,396115,-114658,-53492,95802,34131,0.2418540070,-0.2894563447,-0.1350415915
2007-02-27T00:00:00Z,415155,-123145,-60605,112237,29855,0.2703496285,-0.2966241524,-0.1459816213
2007-03-06T00:00:00Z,382550,-97534,-39777,68881,32817,0.1800575088,-0.2549575219,-0.1039785649
2007-03-13T00:00:00Z,394090,-94805,-36111,68266,28076,0.1732243904,-0.2405668756,-0.0916313532
2007-03-20T00:00:00Z,359726,-92007,-37887,67101,26323,0.1865336395,-0.2557696691,-0.1053218283
2007-03-27T00:00:00Z,359434,-89188,-49336,68924,26199,0.1917570402,-0.2481345671,-0.1372602481
2007-04-03T00:00:00Z,347817,-79034,-50464,68819,25126,0.1978597941,-0.2272286863,-0.1450877904
2007-04-10T00:00:00Z,369536,-98192,-55012,83735,29221,0.2265949732,-0.2657170073,-0.1488677693
2007-04-17T00:00:00Z,380800,-108859,-65739,106640,28718,0.2800420168,-0.2858692227,-0.1726339286
2007-04-24T00:00:00Z,403388,-113605,-58168,104570,29272,0.2592293276,-0.2816271183,-0.1441986375
2007-05-01T00:00:00Z,396276,-115409,-50744,104135,26310,0.2627840192,-0.2912338875,-0.1280521657
2007-05-08T00:00:00Z,411273,-115712,-56752,114336,21950,0.2780051207,-0.2813508302,-0.1379910668
2007-05-15T00:00:00Z,408936,-93321,-53972,87411,26487,0.2137522742,-0.2282044134,-0.1319815326
2007-05-22T00:00:00Z,416813,-81708,-42508,66248,29567,0.1589393805,-0.1960303541,-0.1019833834
2007-05-29T00:00:00Z,425688,-76721,-41974,63717,31180,0.1496800474,-0.1802282423,-0.0986027325
2007-06-05T00:00:00Z,385046,-86184,-50212,77018,30599,0.2000228544,-0.2238278024,-0.1304051983
2007-06-12T00:00:00Z,412150,-62525,-35480,43374,32522,0.1052383841,-0.1517044765,-0.0860851632
2007-06-19T00:00:00Z,410324,-62970,-46250,49976,31629,0.1217964340,-0.1534640918,-0.1127158051
2007-06-26T00:00:00Z,407640,-56203,-27381,26494,36583,0.0649936218,-0.1378741046,-0.0671695614
2007-07-03T00:00:00Z,375642,-63989,-27243,34865,30797,0.0928144350,-0.1703457015,-0.0725238392
2007-07-10T00:00:00Z,387916,-67523,-35662,38799,33421,0.1000190763,-0.1740660349,-0.0919322740
2007-07-17T00:00:00Z,385595,-73067,-39441,45038,34681,0.1168013071,-0.1894915650,-0.1022860774
2007-07-24T00:00:00Z,401603,-93237,-68365,95715,27215,0.2383323830,-0.2321621103,-0.1702303021
2007-07-31T00:00:00Z,351185,-71149,-41495,55093,25796,0.1568774293,-0.2025969219,-0.1181570967
2007-08-07T00:00:00Z,352908,-71572,-49674,63541,25830,0.1800497580,-0.2028063971,-0.1407562311
2007-08-14T00:00:00Z,347973,-74417,-51477,65878,28333,0.1893192863,-0.2138585465,-0.1479338914
2007-08-21T00:00:00Z,330204,-55280,-36714,42992,25938,0.1301983017,-0.1674116607,-0.1111858124
2007-08-28T00:00:00Z,325767,-64175,-34689,50003,27208,0.1534931408,-0.1969966264,-0.1064840822
2007-09-04T00:00:00Z,339439,-76460,-47894,73766,23214,0.2173173972,-0.2252540221,-0.1410975168
2007-09-11T00:00:00Z,373686,-101748,-59174,100515,26154,0.2689825147,-0.2722820764,-0.1583521994
2007-09-18T00:00:00Z,392748,-110824,-64440,117078,24572,0.2980995447,-0.2821758481,-0.1640746738
2007-09-25T00:00:00Z,440945,-133018,-74994,144041,30004,0.3266643232,-0.3016657406,-0.1700756330
2007-10-02T00:00:00Z,439865,-143077,-68954,151940,23955,0.3454241642,-0.3252748002,-0.1567617337
2007-10-09T00:00:00Z,458936,-157529,-69492,168347,22349,0.3668202102,-0.3432482961,-0.1514198058
2007-10-16T00:00:00Z,483872,-160245,-78851,182278,19581,0.3767070630,-0.3311722935,-0.1629583857
2007-10-23T00:00:00Z,489471,-151721,-71048,173060,13244,0.3535653798,-0.3099693342,-0.1451526240
2007-10-30T00:00:00Z,516163,-165478,-69655,185896,12710,0.3601497976,-0.3205925260,-0.1349476813
2007-11-06T00:00:00Z,556856,-173269,-66740,186415,15710,0.3347633859,-0.3111558464,-0.1198514517
2007-11-13T00:00:00Z,552546,-168748,-57669,174937,15848,0.3166016947,-0.3054008173,-0.1043695909
2007-11-20T00:00:00Z,512430,-163868,-45757,160846,11544,0.3138887263,-0.3197861171,-0.0892941475
2007-11-27T00:00:00Z,520782,-171202,-34122,151855,23226,0.2915903391,-0.3287402406,-0.0655206977
2007-12-04T00:00:00Z,486709,-166510,-38388,143921,23603,0.2957023601,-0.3421140764,-0.0788725912
2007-12-11T00:00:00Z,486198,-160590,-50153,149356,22418,0.3071917202,-0.3302975331,-0.1031534478
2007-12-18T00:00:00Z,495001,-161317,-48290,146238,24035,0.2954297062,-0.3258922709,-0.0975553585
2007-12-24T00:00:00Z,517020,-169672,-51859,156135,28240,0.3019902518,-0.3281729914,-0.1003036633
2007-12-31T00:00:00Z,541854,-174479,-63933,171253,28185,0.3160500799,-0.3220037132,-0.1179893477
2008-01-08T00:00:00Z,558309,-168089,-78601,180769,24635,0.3237794841,-0.3010680465,-0.1407840461
2008-01-15T00:00:00Z,593953,-172768,-78346,185884,26163,0.3129607898,-0.2908782345,-0.1319060599
2008-01-22T00:00:00Z,560173,-161388,-81639,183421,21654,0.3274363456,-0.2881038536,-0.1457389057
2008-01-29T00:00:00Z,522142,-168667,-76334,181724,24056,0.3480355919,-0.3230289845,-0.1461939472
2008-02-05T00:00:00Z,495139,-154453,-87128,181687,22055,0.3669414043,-0.3119386677,-0.1759667487
2008-02-12T00:00:00Z,475749,-153177,-90423,178076,28520,0.3743066197,-0.3219701986,-0.1900645088
2008-02-19T00:00:00Z,489789,-160663,-92077,187734,24525,0.3832956641,-0.3280249250,-0.1879931971
2008-02-26T00:00:00Z,495102,-159929,-92346,186305,23058,0.3762961976,-0.3230223267,-0.1865191415
2008-03-04T00:00:00Z,486992,-153111,-86998,175727,20053,0.3608416565,-0.3144014686,-0.1786435917
2008-03-11T00:00:00Z,482035,-159243,-84015,175715,20628,0.3645274721,-0.3303556796,-0.1742923232
2008-03-18T00:00:00Z,489055,-167270,-71858,168565,23444,0.3446749343,-0.3420269704,-0.1469323491
2008-03-25T00:00:00Z,452193,-133684,-72441,155158,20584,0.3431234008,-0.2956348285,-0.1601992954
2008-04-01T00:00:00Z,399393,-128136,-64932,135351,25927,0.3388917683,-0.3208268548,-0.1625767102
2008-04-08T00:00:00Z,407212,-130801,-63771,136130,29263,0.3342976140,-0.3212110645,-0.1566039311
2008-04-15T00:00:00Z,422699,-141632,-63480,142779,29198,0.3377793655,-0.3350658506,-0.1501777861
2008-04-22T00:00:00Z,424218,-140755,-58844,143092,24531,0.3373077050,-0.3317987450,-0.1387117001
2008-04-29T00:00:00Z,429670,-131951,-53531,132367,28281,0.3080666558,-0.3070984709,-0.1245863104
2008-05-06T00:00:00Z,433741,-129127,-53601,124327,31640,0.2866388006,-0.2977053126,-0.1235783567
2008-05-13T00:00:00Z,439636,-130328,-47269,118591,34347,0.2697481553,-0.2964452411,-0.1075184926
2008-05-20T00:00:00Z,453084,-151459,-63722,147271,34848,0.3250412727,-0.3342845918,-0.1406405876
2008-05-27T00:00:00Z,430961,-149369,-68916,145672,45840,0.3380166651,-0.3465951675,-0.1599123819
2008-06-03T00:00:00Z,398441,-140323,-61848,133657,36554,0.3354499160,-0.3521801220,-0.1552249894
2008-06-10T00:00:00Z,396392,-125868,-57213,114884,36364,0.2898242144,-0.3175341581,-0.1443343963
2008-06-17T00:00:00Z,390471,-120524,-62916,117184,34006,0.3001093551,-0.3086631274,-0.1611284833
2008-06-24T00:00:00Z,401226,-117085,-69671,120264,33274,0.2997412929,-0.2918180776,-0.1736452772
2008-07-01T00:00:00Z,434024,-135669,-91358,156631,31048,0.3608809651,-0.3125840967,-0.2104906641
2008-07-08T00:00:00Z,443202,-138460,-90200,157103,32499,0.3544726784,-0.3124083375,-0.2035189372
2008-07-15T00:00:00Z,483920,-158365,-88212,168906,33877,0.3490370309,-0.3272545049,-0.1822863283
2008-07-22T00:00:00Z,475606,-156814,-80247,163002,31651,0.3427248605,-0.3297140911,-0.1687257940
2008-07-29T00:00:00Z,446013,-135821,-83850,143243,39076,0.3211632845,-0.3045225139,-0.1879990045
2008-08-05T00:00:00Z,408430,-122069,-76848,128826,34902,0.3154175746,-0.2988737360,-0.1881546409
2008-08-12T00:00:00Z,365611,-79431,-76382,89669,40991,0.2452579381,-0.2172554983,-0.2089160337
2008-08-19T00:00:00Z,372968,-63156,-66998,73917,38449,0.1981859033,-0.1693335621,-0.1796347140
2008-08-26T00:00:00Z,380766,-51109,-70810,67221,38058,0.1765414979,-0.1342267955,-0.1859672345
2008-09-02T00:00:00Z,382329,-42990,-65041,53691,39500,0.1404314086,-0.1124424252,-0.1701178828
2008-09-09T00:00:00Z,392592,-37393,-56591,44367,38288,0.1130104536,-0.0952464645,-0.1441471044
2008-09-16T00:00:00Z,393814,-27386,-75636,46192,44099,0.1172939510,-0.0695404430,-0.1920602112
2008-09-23T00:00:00Z,368254,-66715,-74561,73065,47951,0.1984092501,-0.1811657171,-0.2024716636
2008-09-30T00:00:00Z,336598,-72881,-67957,75124,42662,0.2231861152,-0.2165223798,-0.2018936536
2008-10-07T00:00:00Z,329480,-70686,-60621,70025,41588,0.2125318684,-0.2145380600,-0.1839899235
2008-10-14T00:00:00Z,323496,-73860,-51883,69787,37038,0.2157275515,-0.2283181245,-0.1603821995
2008-10-21T00:00:00Z,319472,-66000,-42793,55642,43560,0.1741686282,-0.2065908749,-0.1339491411
2008-10-28T00:00:00Z,313709,-51104,-33972,46166,32149,0.1471618602,-0.1629025626,-0.1082914421
2008-11-04T00:00:00Z,303908,-44873,-31533,46217,21978,0.1520756282,-0.1476532372,-0.1037583742
2008-11-11T00:00:00Z,293831,-49231,-20265,36872,27087,0.1254870997,-0.1675486930,-0.0689682164
2008-11-18T00:00:00Z,289700,-53014,-18102,39210,25619,0.1353469106,-0.1829962030,-0.0624853297
2008-11-25T00:00:00Z,276567,-80101,-13134,57739,24133,0.2087703884,-0.2896260219,-0.0474893968
2008-12-02T00:00:00Z,264796,-83211,-11077,60752,23617,0.2294294476,-0.3142456835,-0.0418322029
2008-12-09T00:00:00Z,261001,-80669,-14203,57835,25320,0.2215891893,-0.3090754442,-0.0544174160
2008-12-16T00:00:00Z,282915,-97273,-25838,73332,34917,0.2592015270,-0.3438241168,-0.0913277840
2008-12-22T00:00:00Z,291022,-100119,-32678,87803,31985,0.3017057130,-0.3440255376,-0.1122870436
2008-12-30T00:00:00Z,300448,-109120,-33653,91887,34074,0.3058332890,-0.3631909682,-0.1120093993
2009-01-06T00:00:00Z,320391,-119211,-30271,98490,35114,0.3074056387,-0.3720797401,-0.0944814305
2009-01-13T00:00:00Z,318185,-117668,-23895,90020,37598,0.2829171708,-0.3698100162,-0.0750978205
2009-01-20T00:00:00Z,331507,-117198,-21733,92322,31615,0.2784918569,-0.3535309963,-0.0655581933
2009-01-27T00:00:00Z,354191,-135293,-23083,105565,35549,0.2980454049,-0.3819775206,-0.0651710518
2009-02-03T00:00:00Z,346288,-147242,-30347,117284,38022,0.3386891836,-0.4252009888,-0.0876351476
2009-02-10T00:00:00Z,350858,-156803,-31909,122660,40962,0.3496001231,-0.4469129961,-0.0909456247
2009-02-17T00:00:00Z,361619,-162300,-34060,123167,42754,0.3405988070,-0.4488149129,-0.0941875289
2009-02-24T00:00:00Z,372697,-162661,-28275,130593,31272,0.3503999227,-0.4364430087,-0.0758659179
2009-03-03T00:00:00Z,365271,-163657,-24744,134892,24401,0.3692929359,-0.4480426861,-0.0677414851
2009-03-10T00:00:00Z,371321,-155970,-16881,128772,16016,0.3467942831,-0.4200408811,-0.0454620127
2009-03-17T00:00:00Z,376237,-150560,-25124,127980,22415,0.3401579324,-0.4001732950,-0.0667770581
2009-03-24T00:00:00Z,387177,-150500,-30789,125670,26257,0.3245802307,-0.3887111063,-0.0795217691
2009-03-31T00:00:00Z,368618,-145846,-36080,130485,24374,0.3539843415,-0.3956562078,-0.0978791052
2009-04-07T00:00:00Z,344929,-121232,-31991,111157,16655,0.3222605232,-0.3514694328,-0.0927466232
2009-04-14T00:00:00Z,336930,-118311,-35198,112024,17871,0.3324844923,-0.3511441546,-0.1044668032
2009-04-21T00:00:00Z,339226,-115288,-34320,111314,17053,0.3281411213,-0.3398560252,-0.1011714904
2009-04-28T00:00:00Z,343037,-120452,-32967,108282,20818,0.3156569116,-0.3511341342,-0.0961033358
2009-05-05T00:00:00Z,341461,-125730,-34715,114627,15364,0.3356957310,-0.3682118895,-0.1016660761
2009-05-12T00:00:00Z,359517,-135382,-35798,124161,14716,0.3453550180,-0.3765663376,-0.0995724820
2009-05-19T00:00:00Z,367931,-145987,-37078,127459,22125,0.3464209322,-0.3967782003,-0.1007743300
2009-05-26T00:00:00Z,396965,-165629,-42507,142898,34410,0.3599763203,-0.4172382956,-0.1070799693
2009-06-02T00:00:00Z,391057,-179801,-46720,153154,34186,0.3916411163,-0.4597820778,-0.1194710745
2009-06-09T00:00:00Z,387181,-177684,-47363,160637,29037,0.4148886438,-0.4589171473,-0.1223278002
2009-06-16T00:00:00Z,371997,-167040,-40328,146830,28713,0.3947074842,-0.4490358793,-0.1084094764
2009-06-23T00:00:00Z,370347,-159639,-34791,139212,27082,0.3758961190,-0.4310524994,-0.0939416277
2009-06-30T00:00:00Z,379199,-163843,-33975,137487,26699,0.3625721587,-0.4320765614,-0.0895967553
2009-07-07T00:00:00Z,372985,-162154,-29153,138763,25381,0.3720337279,-0.4347467056,-0.0781613202
2009-07-14T00:00:00Z,370509,-150615,-31672,132172,26632,0.3567308756,-0.4065083439,-0.0854824039
2009-07-21T00:00:00Z,390939,-154769,-49457,150335,22967,0.3845484845,-0.3958904075,-0.1265082276
2009-07-28T00:00:00Z,386340,-154003,-48518,147338,25433,0.3813687426,-0.3986203862,-0.1255836828
2009-08-04T00:00:00Z,392834,-161337,-66856,167686,25828,0.4268622370,-0.4107001940,-0.1701889348
2009-08-11T00:00:00Z,385002,-160484,-62421,159935,30151,0.4154134264,-0.4168393930,-0.1621316253
2009-08-18T00:00:00Z,373810,-146672,-57873,141486,36044,0.3784970975,-0.3923704556,-0.1548192932
2009-08-25T00:00:00Z,379629,-152210,-59132,149596,33386,0.3940584097,-0.4009440796,-0.1557625998
2009-09-01T00:00:00Z,384703,-137413,-79295,150038,34463,0.3900099557,-0.3571924316,-0.2061200459
2009-09-08T00:00:00Z,451713,-189661,-81136,187549,37127,0.4151950464,-0.4198705815,-0.1796184746
2009-09-15T00:00:00Z,467892,-191911,-92750,201860,33787,0.4314243458,-0.4101608918,-0.1982295060
2009-09-22T00:00:00Z,467145,-188762,-98848,203066,33683,0.4346958653,-0.4040758223,-0.2116002526
2009-09-29T00:00:00Z,454585,-182947,-92287,194449,36937,0.4277505857,-0.4024483870,-0.2030137378
2009-10-06T00:00:00Z,484307,-188153,-93711,209375,30293,0.4323187565,-0.3884994435,-0.1934950352
2009-10-13T00:00:00Z,504187,-201275,-94651,226854,27101,0.4499402008,-0.3992070402,-0.1877299494
2009-10-20T00:00:00Z,509678,-200254,-97239,227275,22832,0.4459187958,-0.3929029701,-0.1907851624
2009-10-27T00:00:00Z,497479,-188999,-94480,210371,31406,0.4228741314,-0.3799135240,-0.1899175644
2009-11-03T00:00:00Z,493991,-192833,-91019,218221,23098,0.4417509631,-0.3903573142,-0.1842523447
2009-11-09T00:00:00Z,530505,-193138,-89646,214965,23095,0.4052082450,-0.3640644292,-0.1689823847
2009-11-17T00:00:00Z,533119,-194384,-87162,214236,21461,0.4018539951,-0.3646165303,-0.1634944543
2009-11-24T00:00:00Z,521253,-203078,-103026,221777,40554,0.4254690141,-0.3895958393,-0.1976506610
2009-12-01T00:00:00Z,521433,-190865,-117366,217156,41908,0.4164600246,-0.3660393569,-0.2250835678
2009-12-08T00:00:00Z,505652,-192297,-106889,207811,46618,0.4109763236,-0.3802951437,-0.2113884648
2009-12-15T00:00:00Z,504368,-195656,-108135,208088,48020,0.4125717730,-0.3879231038,-0.2143970276
2009-12-22T00:00:00Z,499233,-191434,-94231,202183,35893,0.4049872504,-0.3834562218,-0.1887515449
2009-12-29T00:00:00Z,491712,-185645,-93297,195825,34665,0.3982514155,-0.3775482396,-0.1897391156
2010-01-05T00:00:00Z,507643,-187022,-91529,191599,36168,0.3774286260,-0.3684124473,-0.1803019051
2010-01-12T00:00:00Z,523266,-196270,-86218,191043,38299,0.3650972928,-0.3750864761,-0.1647689703
2010-01-19T00:00:00Z,528924,-191071,-82576,192625,28844,0.3641827559,-0.3612447157,-0.1561207281
2010-01-26T00:00:00Z,507565,-173309,-75309,174367,37557,0.3435362958,-0.3414518338,-0.1483731148
2010-02-02T00:00:00Z,480860,-163285,-81294,178601,31568,0.3714199559,-0.3395686894,-0.1690596015
2010-02-09T00:00:00Z,466905,-146939,-66488,152728,28791,0.3271072274,-0.3147085596,-0.1424015592
2010-02-16T00:00:00Z,466509,-137702,-82176,157154,31704,0.3368723862,-0.2951754414,-0.1761509424
2010-02-23T00:00:00Z,466572,-155310,-82734,164656,35966,0.3529058752,-0.3328746689,-0.1773231141
2010-03-02T00:00:00Z,482786,-160869,-90668,176671,30701,0.3659406031,-0.3332097451,-0.1878016347
2010-03-09T00:00:00Z,493909,-159555,-92232,174408,33786,0.3531176796,-0.3230453383,-0.1867388527
2010-03-16T00:00:00Z,496481,-145726,-96569,170277,30069,0.3429678074,-0.2935177781,-0.1945069398
2010-03-23T00:00:00Z,495143,-133512,-90311,153692,30180,0.3103992180,-0.2696433152,-0.1823937731
2010-03-30T00:00:00Z,466678,-127640,-80051,147220,26546,0.3154637673,-0.2735076434,-0.1715336913
2010-04-06T00:00:00Z,497388,-153724,-91182,175135,28311,0.3521094196,-0.3090625427,-0.1833216724
2010-04-13T00:00:00Z,528856,-171956,-91528,196695,24047,0.3719254391,-0.3251471100,-0.1730679051
2010-04-20T00:00:00Z,521338,-174952,-82444,192240,18411,0.3687435023,-0.3355826738,-0.1581392494
2010-04-27T00:00:00Z,538591,-176666,-88856,205443,20225,0.3814452897,-0.3280151358,-0.1649786201
2010-05-04T00:00:00Z,551616,-187916,-83670,207788,22759,0.3766895812,-0.3406645202,-0.1516816046
2010-05-11T00:00:00Z,583504,-216753,-65891,217530,18295,0.3727995009,-0.3714678905,-0.1129229620
2010-05-18T00:00:00Z,579758,-219097,-60647,219795,11875,0.3791150791,-0.3779111284,-0.1046074397
2010-05-25T00:00:00Z,591360,-209176,-59203,205216,22475,0.3470238095,-0.3537202381,-0.1001132982
2010-06-01T00:00:00Z,553950,-210677,-56946,206258,18288,0.3723404639,-0.3803177182,-0.1027998917
2010-06-08T00:00:00Z,564792,-216371,-57206,210016,17382,0.3718466267,-0.3830985566,-0.1012868454
2010-06-15T00:00:00Z,569204,-220301,-58643,211490,18761,0.3715539596,-0.3870334713,-0.1030263315
2010-06-22T00:00:00Z,602411,-223009,-65907,218865,19769,0.3633150789,-0.3701941034,-0.1094053727
2010-06-29T00:00:00Z,601138,-208215,-81741,214462,30263,0.3567600118,-0.3463680553,-0.1359770968
2010-07-06T00:00:00Z,577732,-180241,-68901,181733,27309,0.3145628077,-0.3119802954,-0.1192611799
2010-07-13T00:00:00Z,568078,-180747,-67601,180754,24167,0.3181851788,-0.3181728565,-0.1189995036
2010-07-20T00:00:00Z,559473,-154632,-61032,148371,29936,0.2651977843,-0.2763886729,-0.1090883742
2010-07-27T00:00:00Z,560066,-166179,-61376,152892,36009,0.2729892548,-0.2967132445,-0.1095870844
2010-08-03T00:00:00Z,518643,-154427,-67602,156365,29150,0.3014886926,-0.2977520182,-0.1303439938
2010-08-10T00:00:00Z,523078,-157599,-73381,158593,32094,0.3031918758,-0.3012915856,-0.1402869171
2010-08-17T00:00:00Z,543674,-168154,-81416,177219,27009,0.3259655602,-0.3092919654,-0.1497515055
2010-08-24T00:00:00Z,556464,-176512,-87788,196084,25107,0.3523749964,-0.3172029098,-0.1577604301
2010-08-31T00:00:00Z,577352,-184884,-99677,209200,28877,0.3623439427,-0.3202275215,-0.1726451108
2010-09-07T00:00:00Z,585564,-187125,-100555,211027,28670,0.3603824689,-0.3195637027,-0.1717233300
2010-09-14T00:00:00Z,594058,-185655,-107284,218250,26011,0.3673883695,-0.3125199896,-0.1805951607
2010-09-21T00:00:00Z,597592,-184294,-108014,213799,30214,0.3577675069,-0.3083943560,-0.1807487383
2010-09-28T00:00:00Z,619408,-190184,-112556,224408,33241,0.3622943197,-0.3070415623,-0.1817154444
2010-10-05T00:00:00Z,617204,-189389,-110109,218716,40904,0.3543658175,-0.3068499232,-0.1783996863
2010-10-12T00:00:00Z,616382,-190513,-109509,223959,31915,0.3633444844,-0.3090826792,-0.1776641758
2010-10-19T00:00:00Z,630626,-190651,-102431,208747,41005,0.3310155306,-0.3023202342,-0.1624274927
2010-10-26T00:00:00Z,607582,-184645,-97790,198037,41049,0.3259428357,-0.3039013664,-0.1609494685
2010-11-02T00:00:00Z,618381,-184978,-91634,195594,34634,0.3163001451,-0.2991327353,-0.1481837249
2010-11-09T00:00:00Z,650764,-196222,-94731,188674,57505,0.2899269167,-0.3015255915,-0.1455689006
2010-11-16T00:00:00Z,637435,-169191,-95717,166602,51877,0.2613631194,-0.2654247100,-0.1501596241
2010-11-23T00:00:00Z,622712,-171428,-92465,170006,51323,0.2730090315,-0.2752925911,-0.1484875833
2010-11-30T00:00:00Z,600158,-167990,-102479,175374,52233,0.2922130506,-0.2799096238,-0.1707533683
2010-12-07T00:00:00Z,603632,-177800,-100873,179757,52994,0.2977923636,-0.2945503221,-0.1671100936
2010-12-14T00:00:00Z,594652,-166562,-101573,168625,51570,0.2835692136,-0.2800999576,-0.1708108272
2010-12-21T00:00:00Z,582133,-154825,-96983,157650,48774,0.2708144015,-0.2659615586,-0.1665993854
2010-12-28T00:00:00Z,594490,-157881,-101889,167914,47874,0.2824505038,-0.2655738532,-0.1713889216
2011-01-04T00:00:00Z,592613,-161114,-93468,156135,46183,0.2634687393,-0.2718705125,-0.1577218185
2011-01-11T00:00:00Z,588179,-149434,-75630,139556,37816,0.2372679065,-0.2540621137,-0.1285833054
2011-01-18T00:00:00Z,587832,-133261,-73210,133240,31753,0.2266634004,-0.2266991249,-0.1245423863
2011-01-25T00:00:00Z,506047,-127582,-69901,138217,22372,0.2731307566,-0.2521149221,-0.1381314384
2011-02-01T00:00:00Z,462907,-120988,-72209,123733,27461,0.2672955907,-0.2613656739,-0.1559902961
2011-02-08T00:00:00Z,469779,-123713,-86198,141509,25584,0.3012246184,-0.2633429762,-0.1834862776
2011-02-15T00:00:00Z,473345,-126257,-92369,154234,18610,0.3258384476,-0.2667335664,-0.1951409648
2011-02-22T00:00:00Z,502119,-134524,-97282,168449,11975,0.3354762516,-0.2679125865,-0.1937429175
2011-03-01T00:00:00Z,515784,-141706,-108890,188816,8437,0.3660757216,-0.2747390380,-0.2111155057
2011-03-08T00:00:00Z,515214,-146414,-101050,188620,2320,0.3661003001,-0.2841809423,-0.1961320927
2011-03-15T00:00:00Z,507760,-136626,-83528,176238,-1667,0.3470891760,-0.2690759414,-0.1645029148
2011-03-22T00:00:00Z,509131,-141905,-82894,178875,-4038,0.3513339396,-0.2787200151,-0.1628146783
2011-03-29T00:00:00Z,492087,-155012,-85757,191417,1704,0.3889901582,-0.3150093378,-0.1742720291
2011-04-05T00:00:00Z,508956,-158624,-100041,206694,-1988,0.4061136916,-0.3116654485,-0.1965611959
2011-04-12T00:00:00Z,514871,-161810,-91878,201904,-159,0.3921448285,-0.3142728955,-0.1784485823
2011-04-19T00:00:00Z,537946,-172303,-94245,211737,3189,0.3936027036,-0.3202979481,-0.1751941645
2011-04-26T00:00:00Z,530132,-161039,-87955,202417,-1151,0.3818237722,-0.3037715135,-0.1659115088
2011-05-03T00:00:00Z,522323,-162293,-77809,192878,-222,0.3692695899,-0.3107138686,-0.1489672099
2011-05-10T00:00:00Z,510151,-159893,-61688,180974,-4635,0.3547459478,-0.3134228885,-0.1209210606
2011-05-17T00:00:00Z,509164,-152258,-54691,173788,-9185,0.3413202819,-0.2990352814,-0.1074133285
2011-05-24T00:00:00Z,531180,-159787,-57450,176892,-4498,0.3330170564,-0.3008151662,-0.1081554275
2011-05-31T00:00:00Z,501400,-172591,-67917,187315,4459,0.3735839649,-0.3442181891,-0.1354547268
2011-06-07T00:00:00Z,502251,-177734,-69950,195870,2838,0.3899842907,-0.3538748554,-0.1392729930
2011-06-14T00:00:00Z,497780,-171190,-66239,187786,3909,0.3772469766,-0.3439069468,-0.1330688256
2011-06-21T00:00:00Z,515016,-178987,-72260,206259,-3032,0.4004904702,-0.3475367756,-0.1403063206
2011-06-28T00:00:00Z,495761,-152389,-56366,169571,-3669,0.3420418306,-0.3073840016,-0.1136959140
2011-07-05T00:00:00Z,489782,-145623,-56379,165423,-7648,0.3377482227,-0.2973220739,-0.1151103961
2011-07-12T00:00:00Z,520202,-170820,-73429,199105,-1508,0.3827455488,-0.3283724399,-0.1411547822
2011-07-19T00:00:00Z,542342,-176579,-87235,210289,9008,0.3877424208,-0.3255860693,-0.1608486896
2011-07-26T00:00:00Z,536454,-200556,-82417,213501,22116,0.3979856614,-0.3738549810,-0.1536329303
2011-08-02T00:00:00Z,529403,-195940,-91694,228824,18351,0.4322302669,-0.3701150163,-0.1732026452
2011-08-09T00:00:00Z,510223,-185843,-63363,191410,12163,0.3751496894,-0.3642387740,-0.1241868752
2011-08-16T00:00:00Z,514107,-188822,-60025,199875,211,0.3887809347,-0.3672815192,-0.1167558504
2011-08-23T00:00:00Z,528520,-187080,-43356,192322,-4641,0.3638878377,-0.3539695754,-0.0820328464
2011-08-30T00:00:00Z,509326,-188612,-28743,183072,-6125,0.3594397302,-0.3703168501,-0.0564334041
2011-09-06T00:00:00Z,523294,-200300,-27414,188195,-3824,0.3596353102,-0.3827676220,-0.0523873769
2011-09-13T00:00:00Z,512068,-184614,-25854,176269,-7422,0.3442296726,-0.3605263363,-0.0504893881
2011-09-20T00:00:00Z,499356,-181944,-15684,151425,-896,0.3032405739,-0.3643572922,-0.0314084541
2011-09-27T00:00:00Z,465414,-162413,-4270,122475,5326,0.2631528059,-0.3489645778,-0.0091746273
2011-10-04T00:00:00Z,436920,-166613,1862,120689,12467,0.2762267692,-0.3813352559,0.0042616497
2011-10-11T00:00:00Z,438090,-170732,2254,122021,12481,0.2785295259,-0.3897190075,0.0051450615
2011-10-18T00:00:00Z,437739,-167884,8731,117899,9079,0.2693362940,-0.3835253427,0.0199456754
2011-10-25T00:00:00Z,443723,-174837,6723,126570,3151,0.2852455248,-0.3940228476,0.0151513444
2011-11-01T00:00:00Z,442435,-180068,-2332,133011,6934,0.3006339914,-0.4069931176,-0.0052708307
2011-11-08T00:00:00Z,464982,-188493,-8442,146055,9652,0.3141089332,-0.4053769823,-0.0181555415
2011-11-15T00:00:00Z,470490,-188039,-16124,150910,8304,0.3207507067,-0.3996663053,-0.0342706540
2011-11-22T00:00:00Z,457070,-164533,-27880,137682,23288,0.3012273831,-0.3599733082,-0.0609972214
2011-11-29T00:00:00Z,423176,-167929,-25616,133794,20999,0.3161663232,-0.3968301605,-0.0605327334
2011-12-06T00:00:00Z,422956,-177680,-23820,137692,22019,0.3255468654,-0.4200909787,-0.0563179149
2011-12-13T00:00:00Z,427699,-171868,-14349,127137,23366,0.2972581184,-0.4018433525,-0.0335492952
2011-12-20T00:00:00Z,423465,-157367,-7187,111470,22466,0.2632330889,-0.3716174890,-0.0169718867
2011-12-27T00:00:00Z,418945,-155184,-8748,106043,24745,0.2531191445,-0.3704161644,-0.0208810226
2012-01-03T00:00:00Z,423275,-152364,-9479,104562,26409,0.2470308901,-0.3599645620,-0.0223944244
2012-01-10T00:00:00Z,417923,-150940,-15634,103980,28780,0.2488018128,-0.3611670092,-0.0374088050
2012-01-17T00:00:00Z,432838,-165909,-7067,108655,27374,0.2510292534,-0.3833050703,-0.0163271247
2012-01-24T00:00:00Z,427032,-171648,-8120,117156,25067,0.2743494633,-0.4019558253,-0.0190149684
2012-01-31T00:00:00Z,425133,-180498,-29364,143948,27411,0.3385952161,-0.4245683116,-0.0690701498
2012-02-07T00:00:00Z,436061,-189159,-31913,155609,21898,0.3568514497,-0.4337902266,-0.0731847150
2012-02-14T00:00:00Z,431164,-180798,-28610,148989,18431,0.3455506489,-0.4193253611,-0.0663552616
2012-02-21T00:00:00Z,456676,-193483,-35819,160294,20667,0.3510015854,-0.4236767424,-0.0784341634
2012-02-28T00:00:00Z,479044,-201781,-43570,177143,16077,0.3697844039,-0.4212160052,-0.0909519794
2012-03-06T00:00:00Z,443249,-169104,-31104,141841,21424,0.3200029780,-0.3815101670,-0.0701727471
2012-03-13T00:00:00Z,442319,-166601,-25087,133618,17288,0.3020851467,-0.3766535012,-0.0567169848
2012-03-20T00:00:00Z,431039,-151572,-14566,113098,18365,0.2623846102,-0.3516433548,-0.0337927659
2012-03-27T00:00:00Z,417304,-159083,-25993,124083,23738,0.2973443820,-0.3812160919,-0.0622879244
2012-04-03T00:00:00Z,407761,-150323,-27141,113040,28725,0.2772212154,-0.3686546776,-0.0665610492
2012-04-10T00:00:00Z,403989,-142529,-28520,104230,32423,0.2580020743,-0.3528041605,-0.0705959816
2012-04-17T00:00:00Z,398526,-149291,-26800,107576,34429,0.2699347094,-0.3746079302,-0.0672478082
2012-04-24T00:00:00Z,395389,-141001,-26236,103350,31644,0.2613881519,-0.3566133605,-0.0663549062
2012-05-01T00:00:00Z,411972,-149447,-28556,110056,30337,0.2671443690,-0.3627600905,-0.0693153904
2012-05-08T00:00:00Z,417798,-133697,-17758,90372,32931,0.2163054873,-0.3200039253,-0.0425037937
2012-05-15T00:00:00Z,422091,-130589,-8328,80098,34044,0.1897647664,-0.3093858907,-0.0197303425
2012-05-22T00:00:00Z,435706,-135680,82,74645,40506,0.1713196513,-0.3114026431,0.0001882003
2012-05-29T00:00:00Z,419991,-127920,-2789,72526,38186,0.1726846528,-0.3045779552,-0.0066406185
2012-06-05T00:00:00Z,423941,-141838,-14284,88590,40274,0.2089677573,-0.3345701407,-0.0336933677
2012-06-12T00:00:00Z,412244,-139192,-19598,87873,44442,0.2131577415,-0.3376446959,-0.0475398065
2012-06-19T00:00:00Z,418492,-152466,-11225,93151,43253,0.2225872896,-0.3643223765,-0.0268224960
2012-06-26T00:00:00Z,413618,-143872,-288,77495,45124,0.1873588674,-0.3478378601,-0.0006962946
2012-07-03T00:00:00Z,425068,-156121,-10516,96219,40996,0.2263614292,-0.3672847638,-0.0247395711
2012-07-10T00:00:00Z,429854,-153565,799,80287,45948,0.1867773709,-0.3572492055,0.0018587707
2012-07-17T00:00:00Z,431317,-158201,-618,81356,47603,0.1886222894,-0.3667859138,-0.0014328209
2012-07-24T00:00:00Z,420296,-137671,1426,59809,53168,0.1423020919,-0.3275572454,0.0033928469
2012-07-31T00:00:00Z,403403,-147746,-8266,80857,45207,0.2004372798,-0.3662491355,-0.0204906756
2012-08-07T00:00:00Z,388254,-134833,-11585,69710,45790,0.1795474097,-0.3472803886,-0.0298387138
2012-08-14T00:00:00Z,388187,-132368,-11572,66656,47648,0.1717110568,-0.3409902959,-0.0298103749
2012-08-21T00:00:00Z,398747,-143232,-27990,91585,39099,0.2296819788,-0.3592052103,-0.0701948855
2012-08-28T00:00:00Z,426559,-160369,-43255,113166,45325,0.2652997592,-0.3759597148,-0.1014044950
2012-09-04T00:00:00Z,444489,-178593,-40793,122927,47537,0.2765580251,-0.4017939702,-0.0917750496
2012-09-11T00:00:00Z,460531,-193466,-43625,137613,44403,0.2988137606,-0.4200933271,-0.0947276079
2012-09-18T00:00:00Z,478609,-191919,-57714,144302,46813,0.3015028969,-0.4009932952,-0.1205869509
2012-09-25T00:00:00Z,489516,-212572,-49783,158228,45668,0.3232335613,-0.4342493402,-0.1016984123
2012-10-02T00:00:00Z,480908,-216256,-53014,162990,45336,0.3389213737,-0.4496826836,-0.1102373011
2012-10-09T00:00:00Z,484359,-216654,-50334,167473,44476,0.3457621310,-0.4473004528,-0.1039187875
2012-10-16T00:00:00Z,462826,-199422,-47961,158584,35436,0.3426428074,-0.4308789912,-0.1036264168
2012-10-23T00:00:00Z,455836,-191094,-41571,146636,35407,0.3216858695,-0.4192165603,-0.0911972727
2012-10-30T00:00:00Z,454742,-184996,-37768,135428,34794,0.2978128257,-0.4068152931,-0.0830536876
2012-11-06T00:00:00Z,447154,-167549,-40193,115169,45004,0.2575600352,-0.3747008860,-0.0898862584
2012-11-13T00:00:00Z,459761,-182871,-41924,124930,46664,0.2717281370,-0.3977523104,-0.0911865078
2012-11-20T00:00:00Z,474129,-188809,-47255,135939,44876,0.2867131097,-0.3982228465,-0.0996669683
2012-11-27T00:00:00Z,479373,-197339,-61373,152307,48100,0.3177212734,-0.4116606484,-0.1280276528
2012-12-04T00:00:00Z,434416,-174931,-42665,118745,46991,0.2733439836,-0.4026808405,-0.0982123126
2012-12-11T00:00:00Z,433586,-162578,-52302,119655,44044,0.2759660137,-0.3749613687,-0.1206265885
2012-12-18T00:00:00Z,435742,-149772,-52362,108031,49750,0.2479242304,-0.3437171537,-0.1201674385
2012-12-24T00:00:00Z,426300,-137021,-50643,98894,51202,0.2319821722,-0.3214191884,-0.1187966221
2012-12-31T00:00:00Z,427991,-135502,-53157,97119,51400,0.2269183230,-0.3166001154,-0.1242012098
2013-01-08T00:00:00Z,441304,-135518,-42954,87349,55459,0.1979338506,-0.3070853652,-0.0973342639
2013-01-15T00:00:00Z,447773,-135341,-49772,91104,54012,0.2034602354,-0.3022535972,-0.1111545359
2013-01-22T00:00:00Z,461369,-140792,-55158,97897,54000,0.2121880751,-0.3051613784,-0.1195528958
2013-01-29T00:00:00Z,430718,-131283,-35814,76501,50447,0.1776127304,-0.3048003566,-0.0831495317
2013-02-05T00:00:00Z,423982,-134865,-39742,78548,58917,0.1852625819,-0.3180913341,-0.0937351114
2013-02-12T00:00:00Z,435088,-124842,-35811,66582,60253,0.1530311109,-0.2869350568,-0.0823074872
2013-02-19T00:00:00Z,447290,-104435,-27647,42810,60841,0.0957097185,-0.2334838695,-0.0618100114
2013-02-26T00:00:00Z,433858,-109139,-28481,50853,65746,0.1172111613,-0.2515546561,-0.0656459026
2013-03-05T00:00:00Z,434586,-99762,-34036,41170,66417,0.0947338386,-0.2295564054,-0.0783182155
2013-03-12T00:00:00Z,445651,-95242,-46879,44324,70183,0.0994589937,-0.2137143191,-0.1051921795
2013-03-19T00:00:00Z,440712,-99425,-62939,64779,70831,0.1469871481,-0.2256008459,-0.1428120859
2013-03-26T00:00:00Z,419727,-94986,-63487,55935,76511,0.1332651938,-0.2263042406,-0.1512578414
2013-04-02T00:00:00Z,417176,-82473,-60049,44196,76010,0.1059408978,-0.1976935394,-0.1439416457
2013-04-09T00:00:00Z,416513,-76562,-67240,49987,69372,0.1200130608,-0.1838165916,-0.1614355374
2013-04-16T00:00:00Z,413083,-73370,-68559,68662,60220,0.1662184113,-0.1776156366,-0.1659690667
2013-04-23T00:00:00Z,415074,-50062,-54326,52919,51336,0.1274929290,-0.1206098190,-0.1308826860
2013-04-30T00:00:00Z,421087,-42952,-52611,51591,45461,0.1225186244,-0.1020026740,-0.1249409267
2013-05-07T00:00:00Z,437931,-37463,-50256,48533,40890,0.1108233946,-0.0855454398,-0.1147578043
2013-05-14T00:00:00Z,443806,-27066,-57080,39384,44342,0.0887414771,-0.0609861065,-0.1286147551
2013-05-21T00:00:00Z,446087,-34334,-49788,36358,43901,0.0815042806,-0.0769670490,-0.1116105154
2013-05-28T00:00:00Z,411001,-37571,-21650,47037,9842,0.1144449770,-0.0914134029,-0.0526762709
2013-06-04T00:00:00Z,373061,-33130,-28522,53588,7612,0.1436440689,-0.0888058521,-0.0764539847
2013-06-11T00:00:00Z,373844,-29879,-28443,55318,3687,0.1479708114,-0.0799237115,-0.0760825371
2013-06-18T00:00:00Z,377106,-20340,-23775,39253,4439,0.1040900967,-0.0539370893,-0.0630459340
2013-06-25T00:00:00Z,390647,-19266,-15942,30289,3863,0.0775354732,-0.0493181824,-0.0408092216
2013-07-02T00:00:00Z,410399,-15190,-7586,21384,-633,0.0521053901,-0.0370127608,-0.0184844505
2013-07-09T00:00:00Z,431574,-15128,-3913,23882,-7325,0.0553369758,-0.0350530848,-0.0090668113
2013-07-16T00:00:00Z,440283,-13894,-10713,41841,-18379,0.0950320589,-0.0315569759,-0.0243320773
2013-07-23T00:00:00Z,434750,-14292,-20404,55354,-21163,0.1273237493,-0.0328740656,-0.0469327200
2013-07-30T00:00:00Z,397035,-4414,-21360,52029,-23663,0.1310438626,-0.0111174078,-0.0537987835
2013-08-06T00:00:00Z,396062,-4456,-49703,34744,16891,0.0877236392,-0.0112507638,-0.1254929784
2013-08-13T00:00:00Z,390547,-7294,-53580,37988,15938,0.0972687026,-0.0186763693,-0.1371921945
2013-08-20T00:00:00Z,385410,-12340,-55325,48416,11980,0.1256220648,-0.0320178511,-0.1435484289
2013-08-27T00:00:00Z,384102,-20530,-67108,70389,7900,0.1832560101,-0.0534493442,-0.1747140083
2013-09-03T00:00:00Z,388584,-24639,-67822,75400,2791,0.1940378400,-0.0634071398,-0.1745362650
2013-09-10T00:00:00Z,384164,-16868,-63356,64780,3944,0.1686258994,-0.0439083308,-0.1649191491
2013-09-17T00:00:00Z,384592,-10904,-54433,54780,4016,0.1424366601,-0.0283521238,-0.1415344053
2013-09-24T00:00:00Z,378216,-12891,-58636,64012,3127,0.1692472027,-0.0340836982,-0.1550331028
2013-10-01T00:00:00Z,374151,-9178,-68950,61383,11664,0.1640594306,-0.0245302030,-0.1842838854
2013-10-08T00:00:00Z,370406,-16861,-73555,71556,10761,0.1931826158,-0.0455203209,-0.1985793967
2013-10-15T00:00:00Z,381727,-11445,-53379,52790,9143,0.1382925494,-0.0299821600,-0.1398355369
2013-10-22T00:00:00Z,390369,-20634,-61514,66598,10067,0.1706026862,-0.0528576808,-0.1575791110
2013-10-29T00:00:00Z,387166,-26260,-80527,88403,11833,0.2283335830,-0.0678262037,-0.2079908876
2013-11-05T00:00:00Z,386796,-28836,-65064,78084,13052,0.2018738560,-0.0745509261,-0.1682127013
2013-11-12T00:00:00Z,403840,-20115,-45670,46107,15245,0.1141714540,-0.0498093304,-0.1130893423
2013-11-19T00:00:00Z,397590,-12412,-39103,34531,13589,0.0868507759,-0.0312180890,-0.0983500591
2013-11-26T00:00:00Z,394432,5910,-34146,15961,10594,0.0404657837,0.0149835713,-0.0865700552
2013-12-03T00:00:00Z,386436,12295,-34594,9941,12750,0.0257248289,0.0318163939,-0.0895206451
2013-12-10T00:00:00Z,377313,10264,-39226,15803,10577,0.0418829990,0.0272028793,-0.1039614326
2013-12-17T00:00:00Z,385432,11101,-38200,13762,12142,0.0357053903,0.0288014488,-0.0991095706
2013-12-24T00:00:00Z,384974,11955,-38473,11193,16146,0.0290746908,0.0310540452,-0.0999366191
2013-12-31T00:00:00Z,379550,5557,-38578,17725,14498,0.0467000395,0.0146410223,-0.1016414175
2014-01-07T00:00:00Z,383021,3110,-44994,24238,14649,0.0632811256,0.0081196592,-0.1174713658
2014-01-14T00:00:00Z,415426,6127,-51382,28270,15743,0.0680506275,0.0147487158,-0.1236850847
2014-01-21T00:00:00Z,410959,5577,-51668,30217,16366,0.0735280162,0.0135706968,-0.1257254373
2014-01-28T00:00:00Z,382739,-12406,-52573,47238,19103,0.1234209213,-0.0324137336,-0.1373599241
2014-02-04T00:00:00Z,368279,-8430,-57352,43652,21287,0.1185297017,-0.0228902544,-0.1557297592
2014-02-11T00:00:00Z,376973,-8955,-63699,52086,19115,0.1381690466,-0.0237550169,-0.1689749664
2014-02-18T00:00:00Z,390535,-26473,-65278,68770,15861,0.1760917715,-0.0677864980,-0.1671501914
2014-02-25T00:00:00Z,387503,-36810,-79853,96256,13208,0.2484006575,-0.0949928130,-0.2060706627
2014-03-04T00:00:00Z,393266,-43372,-77777,101167,13999,0.2572482747,-0.1102866762,-0.1977719915
2014-03-11T00:00:00Z,415340,-45749,-79618,106031,12859,0.2552872346,-0.1101483122,-0.1916935523
2014-03-18T00:00:00Z,420626,-60312,-85622,121063,15751,0.2878162548,-0.1433862862,-0.2035585057
2014-03-25T00:00:00Z,398264,-28019,-99602,107013,10304,0.2686986522,-0.0703528313,-0.2500903923
2014-04-01T00:00:00Z,363451,-24733,-89296,91453,8692,0.2516240153,-0.0680504387,-0.2456892401
2014-04-08T00:00:00Z,365400,-23869,-77874,81527,7072,0.2231171319,-0.0653229338,-0.2131198686
2014-04-15T00:00:00Z,369577,-14585,-73020,72990,6302,0.1974960563,-0.0394640359,-0.1975772302
2014-04-22T00:00:00Z,372593,-15490,-75036,77106,4727,0.2069443065,-0.0415735132,-0.2013886466
2014-04-29T00:00:00Z,378092,-16684,-80487,77407,7820,0.2047305947,-0.0441268263,-0.2128767602
2014-05-06T00:00:00Z,404700,-18735,-91736,90639,7317,0.2239659007,-0.0462935508,-0.2266765505
2014-05-13T00:00:00Z,397029,-25915,-76406,82454,9180,0.2076775248,-0.0652723101,-0.1924443806
2014-05-20T00:00:00Z,399371,-26074,-79936,81153,15338,0.2032020352,-0.0652876649,-0.2001547433
2014-05-27T00:00:00Z,397695,-14897,-63741,57569,15822,0.1447566603,-0.0374583538,-0.1602760910
2014-06-03T00:00:00Z,382141,-14365,-49079,38182,20969,0.0999159996,-0.0375908369,-0.1284316522
2014-06-10T00:00:00Z,378689,-13864,-49286,38054,23073,0.1004887916,-0.0366105168,-0.1301490141
2014-06-17T00:00:00Z,379843,-17586,-60739,53559,24736,0.1410029933,-0.0462980758,-0.1599055399
2014-06-24T00:00:00Z,392388,-38143,-93464,99930,20929,0.2546713967,-0.0972073560,-0.2381928092
2014-07-01T00:00:00Z,401813,-52321,-108134,125954,20071,0.3134642234,-0.1302123127,-0.2691152352
2014-07-08T00:00:00Z,410992,-57735,-108268,133776,16245,0.3254953868,-0.1404771869,-0.2634309184
2014-07-15T00:00:00Z,408368,-55127,-101779,122087,20371,0.2989631901,-0.1349934373,-0.2492335345
2014-07-22T00:00:00Z,405617,-57317,-102874,125726,20420,0.3099623536,-0.1413081799,-0.2536234921
2014-07-29T00:00:00Z,374467,-55579,-93353,108630,30523,0.2900923179,-0.1484216233,-0.2492956656
2014-08-05T00:00:00Z,360342,-47534,-84108,90679,30784,0.2516470464,-0.1319135710,-0.2334115923
2014-08-12T00:00:00Z,368114,-55376,-105311,116427,31254,0.3162797394,-0.1504316598,-0.2860825722
2014-08-19T00:00:00Z,366401,-54103,-93559,103205,34771,0.2816722662,-0.1476606232,-0.2553459188
2014-08-26T00:00:00Z,363608,-42159,-81389,81182,31987,0.2232679149,-0.1159462938,-0.2238372093
2014-09-02T00:00:00Z,371515,-38411,-65296,62918,33961,0.1693552077,-0.1033901727,-0.1757560260
2014-09-09T00:00:00Z,384341,-38749,-59206,60207,34934,0.1566499541,-0.1008193245,-0.1540454961
2014-09-16T00:00:00Z,386080,-32983,-43260,40295,31892,0.1043695607,-0.0854304807,-0.1120493162
2014-09-23T00:00:00Z,385788,-30839,-33480,30130,33754,0.0780998891,-0.0799376860,-0.0867834147
2014-09-30T00:00:00Z,379874,-31803,-28926,30923,33947,0.0814033074,-0.0837198650,-0.0761463011
2014-10-07T00:00:00Z,380087,-30918,-32489,29863,36584,0.0785688540,-0.0813445343,-0.0854777985
2014-10-14T00:00:00Z,397855,-32459,-46364,42196,43219,0.1060587400,-0.0815849996,-0.1165349185
2014-10-21T00:00:00Z,411057,-44915,-59983,62488,45496,0.1520178467,-0.1092670846,-0.1459238013
2014-10-28T00:00:00Z,414410,-49815,-49049,60067,40672,0.1449458266,-0.1202070413,-0.1183586303
2014-11-04T00:00:00Z,417377,-37790,-17517,38805,24420,0.0929734988,-0.0905416446,-0.0419692508
2014-11-11T00:00:00Z,443422,-37863,-12161,30615,25428,0.0690425825,-0.0853881855,-0.0274253420
2014-11-18T00:00:00Z,459657,-40252,-30745,48400,33022,0.1052959054,-0.0875696443,-0.0668868308
2014-11-25T00:00:00Z,388145,-36762,-31723,54450,21757,0.1402826263,-0.0947120277,-0.0817297659
2014-12-02T00:00:00Z,368121,-45329,-44079,68634,20696,0.1864441311,-0.1231361427,-0.1197405201
2014-12-09T00:00:00Z,375323,-54975,-61626,90663,24199,0.2415599364,-0.1464738372,-0.1641945737
2014-12-16T00:00:00Z,371743,-59354,-55737,91825,26583,0.2470120486,-0.1596640690,-0.1499342288
2014-12-23T00:00:00Z,375212,-50623,-54602,82197,28713,0.2190681535,-0.1349183928,-0.1455230643
2014-12-30T00:00:00Z,373982,-54200,-58934,87050,28787,0.2327652133,-0.1449267612,-0.1575851244
2015-01-06T00:00:00Z,394021,-59351,-63321,94196,27982,0.2390634002,-0.1506290274,-0.1607046325
2015-01-13T00:00:00Z,402108,-64707,-72969,101941,28285,0.2535164682,-0.1609194545,-0.1814661733
2015-01-20T00:00:00Z,430128,-85642,-92168,129341,33114,0.3007035115,-0.1991081725,-0.2142804003
2015-01-27T00:00:00Z,438279,-96516,-109644,153237,35688,0.3496334527,-0.2202158899,-0.2501694126
2015-02-03T00:00:00Z,419524,-90586,-112687,148326,36689,0.3535578417,-0.2159256681,-0.2686068020
2015-02-10T00:00:00Z,393232,-78506,-92085,119537,35737,0.3039859421,-0.1996429589,-0.2341747365
2015-02-17T00:00:00Z,389530,-74145,-69490,95692,36042,0.2456601545,-0.1903447745,-0.1783944754
2015-02-24T00:00:00Z,399307,-71408,-64286,89487,36684,0.2241057632,-0.1788298227,-0.1609939220
2015-03-03T00:00:00Z,405124,-66321,-57066,72959,42861,0.1800905402,-0.1637054334,-0.1408605760
2015-03-10T00:00:00Z,410918,-51947,-37395,48673,33219,0.1184494230,-0.1264169494,-0.0910035579
2015-03-17T00:00:00Z,429738,-43308,-13182,19224,33869,0.0447342334,-0.1007776831,-0.0306745040
2015-03-24T00:00:00Z,433767,-45299,-7626,11435,42846,0.0263620792,-0.1044316419,-0.0175808671
2015-03-31T00:00:00Z,387585,-50328,-30787,36056,43963,0.0930273359,-0.1298502264,-0.0794328986
2015-04-07T00:00:00Z,390571,-60918,-47371,55675,45082,0.1425477058,-0.1559716415,-0.1212865266
2015-04-14T00:00:00Z,395089,-60304,-43289,48049,50348,0.1216156360,-0.1526339635,-0.1095677177
2015-04-21T00:00:00Z,397379,-53551,-51455,48125,53120,0.1211060474,-0.1347605183,-0.1294859567
2015-04-28T00:00:00Z,403575,-53715,-53157,50583,50674,0.1253372979,-0.1330979372,-0.1317152946
2015-05-05T00:00:00Z,399988,-40165,-33997,22857,49583,0.0571442143,-0.1004155125,-0.0849950499
2015-05-12T00:00:00Z,405612,-43323,-34179,27719,49721,0.0683387079,-0.1068089701,-0.0842652584
2015-05-19T00:00:00Z,428597,-76909,-55425,78617,44004,0.1834287221,-0.1794436265,-0.1293172841
2015-05-26T00:00:00Z,411961,-74433,-35287,66244,38450,0.1608016293,-0.1806797245,-0.0856561665
2015-06-02T00:00:00Z,398724,-73626,-34524,61747,42663,0.1548615082,-0.1846540464,-0.0865862100
2015-06-09T00:00:00Z,406069,-61303,-17286,37639,37451,0.0926911436,-0.1509669539,-0.0425691200
2015-06-16T00:00:00Z,415718,-59391,-17246,34998,40725,0.0841868767,-0.1428636720,-0.0414848527
2015-06-23T00:00:00Z,430978,-75535,-25353,39916,55198,0.0926172566,-0.1752641666,-0.0588266686
2015-06-30T00:00:00Z,442301,-65073,-9696,15623,51532,0.0353220997,-0.1471237913,-0.0219217230
2015-07-07T00:00:00Z,452145,-53411,822,2099,48349,0.0046423161,-0.1181280341,0.0018180009
2015-07-14T00:00:00Z,462664,-52043,3574,-1123,48947,-0.0024272474,-0.1124855186,0.0077248284
2015-07-21T00:00:00Z,459760,-39803,18219,-13556,41835,-0.0294849487,-0.0865734296,0.0396271968
2015-07-28T00:00:00Z,438282,-36464,21198,-14633,39098,-0.0333871799,-0.0831975760,0.0483661204
2015-08-04T00:00:00Z,434273,-39403,24583,-11287,41187,-0.0259905635,-0.0907332484,0.0566072494
2015-08-11T00:00:00Z,435489,-43684,19226,-5430,37872,-0.0124687420,-0.1003102260,0.0441480726
2015-08-18T00:00:00Z,432728,-46079,16131,7917,33742,0.0182955575,-0.1064849051,0.0372774584
2015-08-25T00:00:00Z,432154,-65893,3257,40614,30119,0.0939803866,-0.1524757378,0.0075366652
2015-09-01T00:00:00Z,410274,-67285,-1803,40597,32088,0.0989509450,-0.1640001560,-0.0043946241
2015-09-08T00:00:00Z,421732,-57099,1120,26825,32468,0.0636067455,-0.1353916705,0.0026557150
2015-09-15T00:00:00Z,413333,-43302,10323,8807,30740,0.0213072752,-0.1047629877,0.0249750201
2015-09-22T00:00:00Z,419304,-55518,-1710,20829,40296,0.0496751760,-0.1324051285,-0.0040781867
2015-09-29T00:00:00Z,415700,-62090,-11053,40564,36081,0.0975799856,-0.1493625210,-0.0265888862
2015-10-06T00:00:00Z,430228,-66422,-22047,45838,40981,0.1065435072,-0.1543879059,-0.0512449213
2015-10-13T00:00:00Z,435928,-79515,-38979,77213,39946,0.1771232864,-0.1824039750,-0.0894161421
2015-10-20T00:00:00Z,467792,-101468,-61832,116344,34957,0.2487088279,-0.2169083695,-0.1321784041
2015-10-27T00:00:00Z,466780,-102946,-62902,114092,43342,0.2444234972,-0.2205450105,-0.1347572732
2015-11-03T00:00:00Z,443900,-89226,-35762,67207,49135,0.1514012165,-0.2010047308,-0.0805631899
2015-11-10T00:00:00Z,436426,-64880,-7014,16869,51520,0.0386526009,-0.1486620870,-0.0160714531
2015-11-17T00:00:00Z,435376,-49999,21526,-13923,48322,-0.0319792547,-0.1148409651,0.0494423211
2015-11-24T00:00:00Z,397705,-41478,29495,-16664,32966,-0.0419004036,-0.1042933833,0.0741630103
2015-12-01T00:00:00Z,390940,-32283,29372,-20566,30316,-0.0526065381,-0.0825778892,0.0751317338
2015-12-08T00:00:00Z,394128,-36561,22564,-17422,37045,-0.0442039134,-0.0927642796,0.0572504364
2015-12-15T00:00:00Z,390944,-40816,32550,-27219,40875,-0.0696237824,-0.1044036998,0.0832600065
2015-12-22T00:00:00Z,405294,-53944,31693,-20062,46489,-0.0494998692,-0.1330984421,0.0781975554
2015-12-29T00:00:00Z,401880,-43974,28639,-27201,46303,-0.0676843834,-0.1094207226,0.0712625659
2016-01-05T00:00:00Z,413688,-44852,25577,-15927,42487,-0.0385000290,-0.1084198720,0.0618267873
2016-01-12T00:00:00Z,397565,-51815,8230,92,44626,0.0002314087,-0.1303308893,0.0207010174
2016-01-19T00:00:00Z,408835,-48962,8819,439,43255,0.0010737828,-0.1197598053,0.0215710494
2016-01-26T00:00:00Z,385350,-52609,-7224,16803,42237,0.0436045154,-0.1365226418,-0.0187465940
2016-02-02T00:00:00Z,379185,-55990,-21365,29036,43786,0.0765747590,-0.1476587945,-0.0563445284
2016-02-09T00:00:00Z,410833,-67740,-37183,60636,37792,0.1475928175,-0.1648845151,-0.0905063615
2016-02-16T00:00:00Z,428912,-85775,-46209,81013,36347,0.1888802365,-0.1999827470,-0.1077353863
2016-02-23T00:00:00Z,445290,-103948,-59201,109097,35881,0.2450021334,-0.2334388825,-0.1329493139
2016-03-01T00:00:00Z,450555,-112667,-58764,104370,48043,0.2316476346,-0.2500627004,-0.1304258082
2016-03-08T00:00:00Z,499110,-125987,-69385,127427,47383,0.2553084490,-0.2524233135,-0.1390174511
2016-03-15T00:00:00Z,493086,-123949,-61582,129777,39735,0.2631934389,-0.2513739997,-0.1248909926
2016-03-22T00:00:00Z,510579,-130267,-69727,144899,33932,0.2837934972,-0.2551358360,-0.1365645669
2016-03-29T00:00:00Z,480461,-126495,-81469,154205,35601,0.3209521689,-0.2632783930,-0.1695642310
2016-04-05T00:00:00Z,474094,-129819,-77426,152758,37642,0.3222103633,-0.2738254439,-0.1633136045
2016-04-12T00:00:00Z,504523,-143193,-88594,170634,43173,0.3382085653,-0.2838185772,-0.1755995267
2016-04-19T00:00:00Z,503331,-146227,-93894,174107,42730,0.3459095506,-0.2905185653,-0.1865452356
2016-04-26T00:00:00Z,497884,-146615,-93493,172050,48807,0.3455624202,-0.2944762234,-0.1877806879
2016-05-03T00:00:00Z,565774,-169968,-124933,218895,52753,0.3868947672,-0.3004167742,-0.2208178531
2016-05-10T00:00:00Z,579777,-158100,-126896,211191,53707,0.3642624664,-0.2726910519,-0.2188703588
2016-05-17T00:00:00Z,595077,-149011,-141232,212441,53847,0.3569974978,-0.2504062499,-0.2373339921
2016-05-24T00:00:00Z,542958,-96878,-128335,156461,50171,0.2881640937,-0.1784263240,-0.2363626653
2016-05-31T00:00:00Z,494321,-94969,-119069,148611,48524,0.3006366309,-0.1921201001,-0.2408738451
2016-06-07T00:00:00Z,496330,-121427,-122265,177366,51253,0.3573549856,-0.2446497290,-0.2463381218
2016-06-14T00:00:00Z,545357,-150270,-147807,229240,50622,0.4203485057,-0.2755442765,-0.2710279688
2016-06-21T00:00:00Z,571517,-149127,-163010,250408,42321,0.4381461969,-0.2609318708,-0.2852233617
2016-06-28T00:00:00Z,613792,-149591,-176730,261050,40870,0.4253069444,-0.2437161123,-0.2879314165
2016-07-05T00:00:00Z,652971,-149108,-191099,273076,42887,0.4182054027,-0.2283531734,-0.2926607767
2016-07-12T00:00:00Z,633020,-141783,-183669,259129,38334,0.4093535749,-0.2239787053,-0.2901472307
2016-07-19T00:00:00Z,617069,-135903,-179574,252397,33514,0.4090255709,-0.2202395518,-0.2910112159
2016-07-26T00:00:00Z,576325,-135201,-173822,247421,31534,0.4293081161,-0.2345915933,-0.3016041296
2016-08-02T00:00:00Z,582211,-146874,-177153,254729,39454,0.4375200743,-0.2522693663,-0.3042762847
2016-08-09T00:00:00Z,575399,-136808,-176133,245252,41195,0.4262294512,-0.2377619704,-0.3061058500
2016-08-16T00:00:00Z,572496,-139208,-171785,242727,41124,0.4239802549,-0.2431597775,-0.3000632319
2016-08-23T00:00:00Z,572973,-139786,-177689,253684,40925,0.4427503565,-0.2439661206,-0.3101175797
2016-08-30T00:00:00Z,558398,-135742,-165471,231594,44747,0.4147471875,-0.2430918449,-0.2963316488
2016-09-06T00:00:00Z,590656,-153803,-176170,269535,38325,0.4563316042,-0.2603935286,-0.2982615939
2016-09-13T00:00:00Z,575002,-148834,-162537,242977,42436,0.4225672259,-0.2588408388,-0.2826720603
2016-09-20T00:00:00Z,558791,-138023,-152592,213147,43032,0.3814431514,-0.2470029045,-0.2730752643
2016-09-27T00:00:00Z,583161,-149332,-165262,255177,36727,0.4375755580,-0.2560733657,-0.2833900072
2016-10-04T00:00:00Z,544824,-127674,-143568,200116,45392,0.3673039367,-0.2343398969,-0.2635126206
2016-10-11T00:00:00Z,500328,-114573,-106626,148793,46426,0.2973909116,-0.2289957788,-0.2131121984
2016-10-18T00:00:00Z,497061,-106288,-96383,130954,48664,0.2634565979,-0.2138329098,-0.1939057782
2016-10-25T00:00:00Z,507617,-111535,-106064,143910,53070,0.2835011436,-0.2197227437,-0.2089449329
2016-11-01T00:00:00Z,521506,-125927,-113324,166267,48864,0.3188208765,-0.2414679793,-0.2173014309
2016-11-08T00:00:00Z,528203,-130498,-115088,173637,43601,0.3287315672,-0.2470603158,-0.2178859264
2016-11-15T00:00:00Z,479237,-106899,-93067,134680,42980,0.2810300540,-0.2230608238,-0.1941982777
2016-11-22T00:00:00Z,461062,-98195,-93977,124389,42696,0.2697880112,-0.2129756952,-0.2038272510
2016-11-29T00:00:00Z,405661,-90588,-77235,106941,44629,0.2636215954,-0.2233096107,-0.1903929636
2016-12-06T00:00:00Z,393524,-83428,-71516,82318,54062,0.2091816509,-0.2120023175,-0.1817322450
2016-12-13T00:00:00Z,397034,-81173,-68713,68718,60593,0.1730783762,-0.2044484855,-0.1730657828
2016-12-20T00:00:00Z,398661,-79344,-54678,53805,61029,0.1349642930,-0.1990262403,-0.1371541234
2016-12-27T00:00:00Z,401513,-74447,-46520,43366,54977,0.1080064655,-0.1854161634,-0.1158617529
2017-01-03T00:00:00Z,424673,-73229,-44383,36557,59993,0.0860827036,-0.1724362039,-0.1045110002
2017-01-10T00:00:00Z,444001,-72073,-53743,55679,53803,0.1254028707,-0.1623262110,-0.1210425202
2017-01-17T00:00:00Z,467937,-75599,-47512,58635,48406,0.1253053296,-0.1615580730,-0.1015350357
2017-01-24T00:00:00Z,482374,-85365,-41009,59754,49653,0.1238748357,-0.1769684933,-0.0850149469
2017-01-31T00:00:00Z,398433,-89822,-41981,69837,49318,0.1752791561,-0.2254381540,-0.1053652684
2017-02-07T00:00:00Z,415543,-93223,-40923,70149,47000,0.1688128545,-0.2243402007,-0.0984807830
2017-02-14T00:00:00Z,415128,-92430,-35358,63625,46127,0.1532659806,-0.2226542175,-0.0851737295
2017-02-21T00:00:00Z,427168,-95769,-43795,78042,45721,0.1826962694,-0.2241951644,-0.1025240655
2017-02-28T00:00:00Z,446081,-107349,-72558,114246,49552,0.2561104373,-0.2406491198,-0.1626565579
2017-03-07T00:00:00Z,434401,-97863,-54785,90247,43438,0.2077504426,-0.2252826306,-0.1261161922
2017-03-14T00:00:00Z,426170,-88390,-34897,46374,59664,0.1088157308,-0.2074054955,-0.0818851632
2017-03-21T00:00:00Z,446880,-98516,-30481,56195,60057,0.1257496420,-0.2204529180,-0.0682084676
2017-03-28T00:00:00Z,449418,-113646,-38468,91043,46777,0.2025797810,-0.2528737167,-0.0855951475
2017-04-04T00:00:00Z,427808,-122877,-48139,109126,46310,0.2550817189,-0.2872246428,-0.1125247775
2017-04-11T00:00:00Z,456131,-135644,-51720,133011,39655,0.2916070164,-0.2973794809,-0.1133884783
2017-04-18T00:00:00Z,472263,-149780,-61284,151236,44532,0.3202368172,-0.3171537893,-0.1297666766
2017-04-25T00:00:00Z,475985,-151674,-62906,160380,40297,0.3369433911,-0.3186528987,-0.1321596269
2017-05-02T00:00:00Z,461905,-153296,-50690,143611,46023,0.3109102521,-0.3318777671,-0.1097411805
2017-05-09T00:00:00Z,433033,-137986,-26436,95962,54044,0.2216043581,-0.3186500798,-0.0610484651
2017-05-16T00:00:00Z,435021,-128589,-14270,65868,60856,0.1514133800,-0.2955926266,-0.0328030141
2017-05-23T00:00:00Z,462572,-146835,-27456,111048,48719,0.2400664113,-0.3174316647,-0.0593550842
2017-05-30T00:00:00Z,434246,-156242,-26977,124133,42957,0.2858587068,-0.3598006660,-0.0621237732
2017-06-06T00:00:00Z,494041,-173956,-42398,166049,38416,0.3361036837,-0.3521084282,-0.0858187883
2017-06-13T00:00:00Z,471134,-166217,-37394,147496,42778,0.3130659218,-0.3528019629,-0.0793702004
2017-06-20T00:00:00Z,445841,-147934,-17082,99376,51299,0.2228956063,-0.3318088736,-0.0383141075
2017-06-27T00:00:00Z,453144,-139985,-9878,72655,59017,0.1603353459,-0.3089194605,-0.0217988101
2017-07-03T00:00:00Z,457201,-128289,21063,33689,60110,0.0736853156,-0.2805964991,0.0460694530
2017-07-11T00:00:00Z,475669,-117637,43721,23222,37038,0.0488196624,-0.2473085276,0.0919147558
2017-07-18T00:00:00Z,484204,-120798,47163,28913,31225,0.0597124353,-0.2494774930,0.0974031607
2017-07-25T00:00:00Z,463827,-137561,34218,73624,17207,0.1587315960,-0.2965782501,0.0737731956
2017-08-01T00:00:00Z,448709,-148536,5151,118458,11214,0.2639973791,-0.3310296874,0.0114796004
2017-08-08T00:00:00Z,448727,-149310,-10201,135985,12852,0.3030461728,-0.3327412881,-0.0227331986
2017-08-15T00:00:00Z,477921,-162781,-33850,176556,11178,0.3694250723,-0.3406023171,-0.0708276054
2017-08-22T00:00:00Z,500443,-179147,-40771,194079,14359,0.3878143964,-0.3579768325,-0.0814698177
2017-08-29T00:00:00Z,538875,-188601,-59428,221126,9921,0.4103474832,-0.3499902575,-0.1102816052
2017-09-05T00:00:00Z,566817,-193794,-68013,237188,8110,0.4184560449,-0.3418987080,-0.1199911082
2017-09-12T00:00:00Z,580606,-191655,-80443,253517,1243,0.4366420602,-0.3300947631,-0.1385500667
2017-09-19T00:00:00Z,570096,-189880,-63161,233382,2707,0.4093731582,-0.3330667116,-0.1107901125
2017-09-26T00:00:00Z,549637,-189822,-43649,195976,16618,0.3565553265,-0.3453588459,-0.0794142316
2017-10-03T00:00:00Z,525127,-185938,-38485,179444,24411,0.3417154326,-0.3540819649,-0.0732870334
2017-10-10T00:00:00Z,520005,-182752,-40245,171330,28782,0.3294776012,-0.3514427746,-0.0773934866
2017-10-17T00:00:00Z,528800,-187226,-34398,169515,31209,0.3205654312,-0.3540582451,-0.0650491679
2017-10-24T00:00:00Z,526674,-182663,-27990,168368,23017,0.3196816247,-0.3468236518,-0.0531448296
2017-10-31T00:00:00Z,531918,-183708,-26940,165965,27130,0.3120123778,-0.3453690230,-0.0506469042
2017-11-07T00:00:00Z,536843,-181074,-34213,170712,25078,0.3179924112,-0.3372941437,-0.0637299918
2017-11-14T00:00:00Z,533054,-184210,-31581,176098,18986,0.3303567744,-0.3455747448,-0.0592454048
2017-11-21T00:00:00Z,531612,-185382,-39674,173155,28672,0.3257168762,-0.3487167333,-0.0746296171
2017-11-28T00:00:00Z,503810,-184757,-61784,198540,25877,0.3940771323,-0.3667195967,-0.1226335325
2017-12-05T00:00:00Z,472795,-158420,-31470,134510,38819,0.2844996246,-0.3350712254,-0.0665616176
2017-12-12T00:00:00Z,446618,-131741,12278,76226,30842,0.1706738197,-0.2949746763,0.0274910550
2017-12-19T00:00:00Z,453595,-130860,2643,81245,32550,0.1791135264,-0.2884952436,0.0058267838
2017-12-26T00:00:00Z,456470,-141549,-7920,107758,28190,0.2360680877,-0.3100948584,-0.0173505378
2018-01-02T00:00:00Z,500731,-158219,-19381,148174,15094,0.2959153717,-0.3159760430,-0.0387054127
2018-01-09T00:00:00Z,555455,-177254,-43017,196050,7238,0.3529538847,-0.3191149598,-0.0774446175
2018-01-16T00:00:00Z,582333,-190018,-42489,201532,10179,0.3460769010,-0.3263047088,-0.0729634075
2018-01-23T00:00:00Z,582421,-193251,-41301,209536,5148,0.3597672474,-0.3318063737,-0.0709126216
2018-01-30T00:00:00Z,559332,-186935,-38141,207562,-300,0.3710890848,-0.3342111662,-0.0681902698
2018-02-06T00:00:00Z,535321,-175630,-29821,182929,7948,0.3417183335,-0.3280835237,-0.0557067629
2018-02-13T00:00:00Z,511745,-171400,-23136,169757,5849,0.3317218537,-0.3349324371,-0.0452100167
2018-02-20T00:00:00Z,528154,-176318,-38560,175455,15467,0.3322042435,-0.3338382366,-0.0730090087
2018-02-27T00:00:00Z,532860,-175225,-24571,150019,28699,0.2815354877,-0.3288387194,-0.0461115490
2018-03-06T00:00:00Z,508100,-173777,-31126,150706,33117,0.2966069671,-0.3420133832,-0.0612595946
2018-03-13T00:00:00Z,526762,-169723,-19087,135865,32083,0.2579248313,-0.3222005384,-0.0362345803
2018-03-20T00:00:00Z,545499,-156569,-10701,111807,36924,0.2049627955,-0.2870197746,-0.0196169012
2018-03-27T00:00:00Z,529690,-179016,-47344,162163,41191,0.3061469916,-0.3379637146,-0.0893805811
2018-04-03T00:00:00Z,493141,-166762,-22103,126642,39947,0.2568068767,-0.3381629189,-0.0448208525
2018-04-10T00:00:00Z,499588,-165095,-10557,125562,29810,0.2513310968,-0.3304623009,-0.0211314123
2018-04-17T00:00:00Z,510229,-173847,-11415,132638,30431,0.2599577837,-0.3407234791,-0.0223723073
2018-04-24T00:00:00Z,506410,-163463,1663,99661,36985,0.1967990364,-0.3227878596,0.0032839004
2018-05-01T00:00:00Z,507756,-148055,16183,39317,67462,0.0774328615,-0.2915869039,0.0318716076
2018-05-08T00:00:00Z,491398,-148233,13249,41639,65801,0.0847357946,-0.3016556844,0.0269618517
2018-05-15T00:00:00Z,519958,-139860,21771,18998,73445,0.0365375665,-0.2689832640,0.0418706896
2018-05-22T00:00:00Z,502942,-129304,13729,16531,74426,0.0328686012,-0.2570952515,0.0272973822
2018-05-29T00:00:00Z,469382,-137375,686,54001,61129,0.1150470193,-0.2926720667,0.0014614962
2018-06-05T00:00:00Z,450641,-98124,-36223,50880,60536,0.1129058386,-0.2177431703,-0.0803810572
2018-06-12T00:00:00Z,448695,-95616,-44971,55504,64736,0.1237009550,-0.2130979842,-0.1002262116
2018-06-19T00:00:00Z,468345,-71190,-42934,10528,85984,0.0224791553,-0.1520033309,-0.0916717377
2018-06-26T00:00:00Z,468573,-71811,-23152,-24,76696,-0.0000512193,-0.1532546690,-0.0494095904
2018-07-03T00:00:00Z,494164,-71244,-21906,-1254,79581,-0.0025376191,-0.1441707611,-0.0443294129
2018-07-10T00:00:00Z,503593,-69642,-30752,-2527,83961,-0.0050179411,-0.1382902463,-0.0610651856
2018-07-17T00:00:00Z,528278,-71994,-1641,-26449,84290,-0.0500664423,-0.1362805190,-0.0031063190
2018-07-24T00:00:00Z,496620,-57300,-8368,-36422,85019,-0.0733397769,-0.1153799686,-0.0168499054
2018-07-31T00:00:00Z,452655,-52764,4846,-42528,77865,-0.0939523478,-0.1165655963,0.0107057251
2018-08-07T00:00:00Z,459474,-47665,22056,-66116,78804,-0.1438949756,-0.1037381876,0.0480027161
2018-08-14T00:00:00Z,476739,-38609,31259,-83324,79636,-0.1747790720,-0.0809856127,0.0655683718
2018-08-21T00:00:00Z,483730,-37399,35714,-90028,81318,-0.1861120873,-0.0773137908,0.0738304426
2018-08-28T00:00:00Z,479283,-41192,32930,-75772,72709,-0.1580944870,-0.0859450471,0.0687067974
2018-09-04T00:00:00Z,473118,-38616,45141,-82722,69225,-0.1748443306,-0.0816202300,0.0954117155
2018-09-11T00:00:00Z,469450,-40357,40370,-75219,67629,-0.1602279263,-0.0859665566,0.0859942486
2018-09-18T00:00:00Z,469436,-38971,40662,-82463,71619,-0.1756639883,-0.0830166412,0.0866188362
2018-09-25T00:00:00Z,460279,-40525,47605,-83677,66029,-0.1817962584,-0.0880444252,0.1034264001
2018-10-02T00:00:00Z,459776,-38610,47485,-79603,57781,-0.1731343089,-0.0839756751,0.1032785530
2018-10-09T00:00:00Z,465253,-34133,59999,-109454,71279,-0.2352569462,-0.0733643845,0.1289599422
2018-10-16T00:00:00Z,474418,-61957,29961,-49382,67049,-0.1040896425,-0.1305958037,0.0631531687
2018-10-23T00:00:00Z,477832,-67924,21404,-38116,67504,-0.0797686216,-0.1421503792,0.0447939862
2018-10-30T00:00:00Z,474941,-61054,29849,-55523,68717,-0.1169050472,-0.1285507042,0.0628478064
2018-11-06T00:00:00Z,494911,-62311,24175,-47446,66472,-0.0958677419,-0.1259034453,0.0488471665
2018-11-13T00:00:00Z,539520,-41963,40140,-79194,69947,-0.1467860320,-0.0777783956,0.0743994662
2018-11-20T00:00:00Z,525940,-46110,22970,-51851,60747,-0.0985872913,-0.0876715975,0.0436741834
2018-11-27T00:00:00Z,442801,-41014,24914,-58390,60261,-0.1318651042,-0.0926240004,0.0562645522
2018-12-04T00:00:00Z,399919,-55547,-2702,-9787,58788,-0.0244724557,-0.1388956264,-0.0067563682
2018-12-11T00:00:00Z,402250,-64180,-13188,-66,60565,-0.0001640771,-0.1595525171,-0.0327855811
2018-12-18T00:00:00Z,412485,-60438,-32237,11198,64762,0.0271476539,-0.1465216917,-0.0781531450
2018-12-24T00:00:00Z,442727,-65895,-62324,41968,69017,0.0947943089,-0.1488389007,-0.1407729820
2018-12-31T00:00:00Z,451360,-72897,-71717,50184,73588,0.1111839773,-0.1615052286,-0.1588909075
2019-01-08T00:00:00Z,455232,-62051,-59136,32471,66745,0.0713284655,-0.1363063229,-0.1299029945
2019-01-15T00:00:00Z,501605,-59951,-48162,24935,62978,0.0497104295,-0.1195183461,-0.0960157893
2019-01-22T00:00:00Z,513509,-60043,-32034,16210,58294,0.0315671196,-0.1169268698,-0.0623825483
2019-01-29T00:00:00Z,483390,-70658,-47951,32397,67196,0.0670204183,-0.1461718281,-0.0991973355
2019-02-05T00:00:00Z,479736,-73567,-57675,44875,64220,0.0935410309,-0.1533489252,-0.1202223723
2019-02-12T00:00:00Z,476083,-74167,-51944,42619,62255,0.0895201047,-0.1557858609,-0.1091070255
2019-02-19T00:00:00Z,504639,-88437,-78040,82377,63270,0.1632394643,-0.1752480486,-0.1546452018
2019-02-26T00:00:00Z,501268,-85749,-74096,78559,57137,0.1567205567,-0.1710641812,-0.1478171357
2019-03-05T00:00:00Z,471311,-72181,-41816,31247,56771,0.0662980495,-0.1531494067,-0.0887227330
2019-03-12T00:00:00Z,530030,-60321,-48153,17407,61412,0.0328415373,-0.1138067657,-0.0908495746
2019-03-19T00:00:00Z,514163,-63997,-51662,30475,57921,0.0592710872,-0.1244683106,-0.1004778640
2019-03-26T00:00:00Z,509575,-69349,-82085,57987,61951,0.1137948290,-0.1360918412,-0.1610852181
2019-04-02T00:00:00Z,440170,-58235,-59995,24618,69938,0.0559283913,-0.1323011564,-0.1362996115
2019-04-09T00:00:00Z,447539,-59597,-73212,37037,68327,0.0827570335,-0.1331660481,-0.1635879778
2019-04-16T00:00:00Z,440581,-43210,-35220,-15387,71660,-0.0349243385,-0.0980750418,-0.0799398975
2019-04-23T00:00:00Z,440048,-35983,-21413,-33829,71224,-0.0768757045,-0.0817706250,-0.0486606007
2019-04-30T00:00:00Z,430011,-50975,-37337,76,66143,0.0001767397,-0.1185434791,-0.0868280114
2019-05-07T00:00:00Z,450039,-47952,-48407,9547,65864,0.0212137170,-0.1065507656,-0.1075617891
2019-05-14T00:00:00Z,517995,-64882,-72301,52546,71990,0.1014411336,-0.1252560353,-0.1395785674
2019-05-21T00:00:00Z,508643,-62732,-45206,15937,72868,0.0313323883,-0.1233320816,-0.0888756947
2019-05-28T00:00:00Z,505126,-62796,-47158,26274,60414,0.0520147448,-0.1243174970,-0.0933588847
2019-06-04T00:00:00Z,481495,-86770,-85806,96182,59933,0.1997570068,-0.1802095557,-0.1782074580
2019-06-11T00:00:00Z,496663,-92616,-109411,129160,55078,0.2600556111,-0.1864765445,-0.2202922303
2019-06-18T00:00:00Z,525636,-102252,-121603,150516,53807,0.2863502500,-0.1945300550,-0.2313445046
2019-06-25T00:00:00Z,577605,-127488,-132662,177741,58813,0.3077206742,-0.2207183110,-0.2296759896
2019-07-02T00:00:00Z,605949,-143506,-143316,194087,64859,0.3203025337,-0.2368285120,-0.2365149542
2019-07-09T00:00:00Z,598977,-149614,-128802,182611,62152,0.3048714725,-0.2497825459,-0.2150366375
2019-07-16T00:00:00Z,601900,-137000,-140408,180059,65442,0.2991510218,-0.2276125602,-0.2332746303
2019-07-23T00:00:00Z,616859,-140198,-147641,178173,73077,0.2888391026,-0.2272772222,-0.2393431886
2019-07-30T00:00:00Z,563298,-134591,-153376,185713,68675,0.3296887260,-0.2389339213,-0.2722821668
2019-08-06T00:00:00Z,600317,-139330,-184995,226833,65712,0.3778553664,-0.2320940436,-0.3081621876
2019-08-13T00:00:00Z,593962,-138856,-184871,223611,66479,0.3764735791,-0.2337792653,-0.3112505514
2019-08-20T00:00:00Z,594807,-145317,-190933,229846,70147,0.3864211416,-0.2443094987,-0.3209999210
2019-08-27T00:00:00Z,636183,-144334,-189472,226716,70122,0.3563691579,-0.2268749715,-0.2978262544
2019-09-03T00:00:00Z,634358,-154657,-183084,231626,68921,0.3651345139,-0.2438008191,-0.2886130545
2019-09-10T00:00:00Z,614753,-153828,-151783,206181,63544,0.3353883592,-0.2502273271,-0.2469007878
2019-09-17T00:00:00Z,630990,-159561,-158838,213856,68743,0.3389213775,-0.2528740551,-0.2517282366
2019-09-24T00:00:00Z,658944,-164408,-180737,237871,74573,0.3609881872,-0.2495022339,-0.2742827919
2019-10-01T00:00:00Z,604885,-150699,-152989,190811,78182,0.3154500442,-0.2491366127,-0.2529224563
2019-10-08T00:00:00Z,616957,-154242,-156700,200501,75062,0.3249837509,-0.2500044574,-0.2539885276
2019-10-15T00:00:00Z,607387,-145311,-142964,175787,77240,0.2894151505,-0.2392395623,-0.2353754690
2019-10-22T00:00:00Z,625528,-145266,-150091,184438,74694,0.2948517093,-0.2322294126,-0.2399428962
2019-10-29T00:00:00Z,643442,-139575,-161641,198558,77957,0.3085872542,-0.2169193183,-0.2512130075
2019-11-05T00:00:00Z,690181,-140140,-176998,197247,82581,0.2857902492,-0.2030481859,-0.2564515685
2019-11-12T00:00:00Z,708463,-122571,-178897,175441,91625,0.2476360798,-0.1730097408,-0.2525142456
2019-11-19T00:00:00Z,719211,-127238,-191857,195199,90660,0.2714071392,-0.1769133119,-0.2667603805
2019-11-26T00:00:00Z,669268,-120996,-184471,194287,77347,0.2902977581,-0.1807885630,-0.2756309879
2019-12-03T00:00:00Z,701016,-128811,-193976,207962,82743,0.2966579935,-0.1837490157,-0.2767069511
2019-12-10T00:00:00Z,690003,-122178,-180105,183648,87272,0.2661553645,-0.1770687954,-0.2610206043
2019-12-17T00:00:00Z,716987,-133343,-185276,201721,84554,0.2813454079,-0.1859768727,-0.2584091483
2019-12-24T00:00:00Z,748737,-137148,-203248,218846,86806,0.2922868778,-0.1831724624,-0.2714544626
2019-12-31T00:00:00Z,786166,-146107,-220384,232732,95193,0.2960341709,-0.1858475182,-0.2803275644
2020-01-07T00:00:00Z,785857,-143748,-212333,229757,92534,0.2923648959,-0.1829187753,-0.2701929231
2020-01-14T00:00:00Z,796883,-141140,-208679,230459,88776,0.2892005476,-0.1771150846,-0.2618690573
2020-01-21T00:00:00Z,793829,-142587,-209316,223832,93863,0.2819650076,-0.1796192883,-0.2636789535
2020-01-28T00:00:00Z,715539,-138963,-221851,219938,110154,0.3073738818,-0.1942074436,-0.3100473908
2020-02-04T00:00:00Z,654572,-138634,-193053,181610,118196,0.2774484701,-0.2117933550,-0.2949301223
2020-02-11T00:00:00Z,658024,-141753,-196038,195671,112303,0.2973614944,-0.2154222338,-0.2979192248
2020-02-18T00:00:00Z,715317,-159081,-226531,238546,115103,0.3334829174,-0.2223923100,-0.3166861685
2020-02-25T00:00:00Z,732917,-163655,-211966,230846,105019,0.3149688164,-0.2232926784,-0.2892087371
2020-03-03T00:00:00Z,691985,-160340,-190671,215361,104372,0.3112220641,-0.2317102249,-0.2755420999
2020-03-10T00:00:00Z,633470,-140795,-187509,210185,89346,0.3317994538,-0.2222599334,-0.2960029678
2020-03-17T00:00:00Z,573925,-133378,-168331,154079,127837,0.2684653918,-0.2323962190,-0.2932979048
2020-03-24T00:00:00Z,547334,-134782,-177041,157409,130957,0.2875922197,-0.2462518316,-0.3234606292
2020-03-31T00:00:00Z,495652,-112209,-171750,152598,106251,0.3078732659,-0.2263866584,-0.3465132795
2020-04-07T00:00:00Z,480050,-109933,-165678,152482,96460,0.3176377461,-0.2290032288,-0.3451265493
2020-04-14T00:00:00Z,489965,-108251,-172157,155244,97257,0.3168471217,-0.2209361893,-0.3513659139
2020-04-21T00:00:00Z,493158,-108453,-171620,146271,103300,0.2966006838,-0.2199153213,-0.3480020602
2020-04-28T00:00:00Z,500816,-112926,-180703,146406,116323,0.2923349094,-0.2254840101,-0.3608171464
2020-05-05T00:00:00Z,490343,-108594,-173042,133241,116763,0.2717301970,-0.2214653824,-0.3528999088
2020-05-12T00:00:00Z,496739,-105176,-173357,122217,120611,0.2460386642,-0.2117329221,-0.3489901135
2020-05-19T00:00:00Z,528205,-107310,-182864,127064,124724,0.2405581166,-0.2031597580,-0.3461989190
2020-05-26T00:00:00Z,519374,-88466,-185856,113081,124833,0.2177255696,-0.1703319766,-0.3578461764
2020-06-02T00:00:00Z,475745,-81863,-174760,100355,118679,0.2109428370,-0.1720732745,-0.3673396462
2020-06-09T00:00:00Z,475661,-82891,-160566,91177,117436,0.1916848344,-0.1742648651,-0.3375639373
2020-06-16T00:00:00Z,489563,-87577,-170443,104688,119660,0.2138396897,-0.1788881104,-0.3481533531
2020-06-23T00:00:00Z,532101,-94170,-193122,129515,122442,0.2434030381,-0.1769776790,-0.3629423737
2020-06-30T00:00:00Z,561628,-95423,-206040,138555,128115,0.2467024436,-0.1699042783,-0.3668620510
2020-07-07T00:00:00Z,572776,-92353,-210239,139343,128015,0.2432766038,-0.1612375519,-0.3670527396
2020-07-14T00:00:00Z,580175,-96252,-205766,134973,127455,0.2326418753,-0.1659016676,-0.3546619554
2020-07-21T00:00:00Z,603138,-100258,-203601,140269,126167,0.2325653499,-0.1662272979,-0.3375695115
2020-07-28T00:00:00Z,598629,-90475,-187902,117136,119665,0.1956737813,-0.1511370147,-0.3138872323
2020-08-04T00:00:00Z,561837,-97590,-178755,113472,125274,0.2019660507,-0.1736980655,-0.3181616732
2020-08-11T00:00:00Z,553345,-93647,-174684,97692,126361,0.1765480848,-0.1692379980,-0.3156873198
2020-08-18T00:00:00Z,544010,-90992,-176779,95438,128080,0.1754342751,-0.1672616312,-0.3249554236
2020-08-25T00:00:00Z,549282,-93059,-173386,86849,134189,0.1581136830,-0.1694193511,-0.3156593517
2020-09-01T00:00:00Z,547704,-97860,-179546,97742,133054,0.1784577071,-0.1786731519,-0.3278157545
2020-09-08T00:00:00Z,557457,-101177,-179863,104292,132181,0.1870852819,-0.1814974070,-0.3226491012
2020-09-15T00:00:00Z,578925,-101941,-183245,111098,129879,0.1919039599,-0.1760867124,-0.3165263203
2020-09-22T00:00:00Z,575877,-93037,-173371,81448,137612,0.1414329796,-0.1615570686,-0.3010556074
2020-09-29T00:00:00Z,562396,-96842,-189336,94372,149287,0.1678034694,-0.1721953926,-0.3366595779
2020-10-06T00:00:00Z,555555,-97386,-191082,94612,153975,0.1703017703,-0.1752949753,-0.3439479439
2020-10-13T00:00:00Z,553197,-100514,-184141,81781,158890,0.1478334120,-0.1816965746,-0.3328669534
2020-10-20T00:00:00Z,562993,-101608,-192516,90565,159039,0.1608634566,-0.1804782653,-0.3419509656
2020-10-27T00:00:00Z,560900,-94068,-202394,101875,146759,0.1816277411,-0.1677090390,-0.3608379390
2020-11-03T00:00:00Z,544774,-92638,-196700,90695,152214,0.1664818806,-0.1700484972,-0.3610671581
2020-11-10T00:00:00Z,547449,-92856,-190567,79783,159953,0.1457359498,-0.1696157998,-0.3481000057
2020-11-17T00:00:00Z,557533,-97499,-197073,90447,160823,0.1622271686,-0.1748757473,-0.3534732473
2020-11-24T00:00:00Z,555253,-95651,-189178,85348,158554,0.1537101105,-0.1722656159,-0.3407059485
2020-12-01T00:00:00Z,538042,-100925,-192338,85543,174771,0.1589894469,-0.1875782931,-0.3574776690
2020-12-08T00:00:00Z,549520,-102873,-197850,98811,170409,0.1798132916,-0.1872051973,-0.3600414908
2020-12-15T00:00:00Z,550366,-104102,-202240,101879,169705,0.1851113623,-0.1891504926,-0.3674645599
2020-12-21T00:00:00Z,560769,-107741,-207358,108124,170072,0.1928137968,-0.1921308061,-0.3697743634
2020-12-29T00:00:00Z,556414,-105484,-201770,108995,159877,0.1958883134,-0.1895782637,-0.3626256708
2021-01-05T00:00:00Z,568888,-105460,-215463,116569,162749,0.2049067655,-0.1853791959,-0.3787441465
2021-01-12T00:00:00Z,555538,-98734,-191567,78234,167993,0.1408256501,-0.1777268162,-0.3448314967
2021-01-19T00:00:00Z,541330,-100895,-186572,78071,168567,0.1442207156,-0.1863835368,-0.3446548316
2021-01-26T00:00:00Z,534574,-102735,-196213,96399,161147,0.1803286355,-0.1921810638,-0.3670455353
2021-02-02T00:00:00Z,520011,-104127,-193830,87778,169348,0.1688002754,-0.2002399949,-0.3727421151
2021-02-09T00:00:00Z,506741,-102996,-189199,87640,163767,0.1729483109,-0.2032517598,-0.3733643025
2021-02-16T00:00:00Z,503016,-99833,-175245,67956,167013,0.1350970943,-0.1984688360,-0.3483885204
2021-02-23T00:00:00Z,481125,-93070,-158659,69123,146610,0.1436695246,-0.1934424526,-0.3297666926
2021-03-02T00:00:00Z,467008,-86895,-135308,45960,143678,0.0984137317,-0.1860674764,-0.2897337947
2021-03-09T00:00:00Z,473871,-81679,-126201,29430,145733,0.0621055097,-0.1723654750,-0.2663193148
2021-03-16T00:00:00Z,476467,-79074,-130401,41121,139075,0.0863039833,-0.1659590276,-0.2736831722
2021-03-23T00:00:00Z,485457,-77573,-124230,43521,130546,0.0896495467,-0.1597937613,-0.2559032005
2021-03-30T00:00:00Z,467321,-72888,-120838,43073,124455,0.0921700501,-0.1559698794,-0.2585760109
2021-04-06T00:00:00Z,463353,-78611,-136188,66472,123037,0.1434586589,-0.1696568275,-0.2939184596
2021-04-13T00:00:00Z,460733,-75052,-133736,53807,127067,0.1167856437,-0.1628969490,-0.2902678992
2021-04-20T00:00:00Z,471738,-75765,-137428,56424,125074,0.1196087659,-0.1606082190,-0.2913227258
2021-04-27T00:00:00Z,473305,-71726,-135451,50651,119968,0.1070155608,-0.1515428740,-0.2861812151
2021-05-04T00:00:00Z,470341,-67243,-134680,53625,117116,0.1140130246,-0.1429664860,-0.2863454387
2021-05-11T00:00:00Z,498693,-70791,-156293,81615,110640,0.1636578015,-0.1419530653,-0.3134052413
2021-05-18T00:00:00Z,520410,-65164,-167737,91990,106899,0.1767644742,-0.1252166561,-0.3223170193
2021-05-25T00:00:00Z,510164,-78460,-172409,107255,107387,0.2102363162,-0.1537936820,-0.3379481892
2021-06-01T00:00:00Z,489198,-69803,-178372,109973,103728,0.2248026362,-0.1426886455,-0.3646212781
2021-06-08T00:00:00Z,491858,-65056,-179750,107664,101723,0.2188924446,-0.1322658166,-0.3654510042
2021-06-15T00:00:00Z,480127,-64141,-167085,96792,95244,0.2015966609,-0.1335917372,-0.3480016746
2021-06-22T00:00:00Z,453940,-56210,-146172,62536,103678,0.1377626999,-0.1238269375,-0.3220073137
2021-06-29T00:00:00Z,453360,-54455,-140665,61382,100844,0.1353935063,-0.1201142580,-0.3102721899
2021-07-06T00:00:00Z,465811,-60850,-153876,77960,104861,0.1673640167,-0.1306323809,-0.3303399877
2021-07-13T00:00:00Z,495798,-61169,-159859,86291,104545,0.1740446714,-0.1233748422,-0.3224276822
2021-07-20T00:00:00Z,490520,-63830,-164718,90428,105544,0.1843513007,-0.1301272119,-0.3358028215
2021-07-27T00:00:00Z,500187,-56286,-172528,90230,109158,0.1803925332,-0.1125299138,-0.3449269973
2021-08-03T00:00:00Z,485663,-56399,-174885,89873,106462,0.1850521864,-0.1161278500,-0.3600953748
2021-08-10T00:00:00Z,477232,-47631,-148010,35403,133003,0.0741840447,-0.0998068026,-0.3101426560
2021-08-17T00:00:00Z,485485,-51836,-162164,59078,132464,0.1216886207,-0.1067715789,-0.3340247381
2021-08-24T00:00:00Z,504735,-55166,-179512,75444,135209,0.1494724955,-0.1092969578,-0.3556559383
2021-08-31T00:00:00Z,507113,-52741,-187771,81677,134873,0.1610627217,-0.1040024610,-0.3702744753
2021-09-07T00:00:00Z,506772,-52575,-183233,67595,138444,0.1333834545,-0.1037448794,-0.3615689107
2021-09-14T00:00:00Z,506356,-54037,-180214,71222,136538,0.1406559812,-0.1067174083,-0.3559037515
2021-09-21T00:00:00Z,492765,-46813,-165831,46844,140803,0.0950635699,-0.0950006595,-0.3365316124
2021-09-28T00:00:00Z,490858,-41860,-148291,30861,137538,0.0628715433,-0.0852792457,-0.3021057006
2021-10-05T00:00:00Z,483789,-42808,-160894,54166,128416,0.1119620330,-0.0884848560,-0.3325706041
2021-10-12T00:00:00Z,484382,-47840,-159774,58519,127020,0.1208116734,-0.0987650243,-0.3298512331
2021-10-19T00:00:00Z,485974,-50652,-168538,57799,135550,0.1189343463,-0.1042277982,-0.3468045616
2021-10-26T00:00:00Z,509794,-51095,-188559,86362,128198,0.1694056815,-0.1002267583,-0.3698729291
2021-11-02T00:00:00Z,507616,-52321,-187556,85239,129890,0.1679202389,-0.1030720072,-0.3694840194
2021-11-09T00:00:00Z,571025,-58800,-216689,125610,124571,0.2199728558,-0.1029727245,-0.3794737533
2021-11-16T00:00:00Z,612612,-68194,-219345,142385,117395,0.2324228060,-0.1113167878,-0.3580488139
2021-11-23T00:00:00Z,559823,-68526,-199308,105339,129072,0.1881648307,-0.1224065464,-0.3560196705
2021-11-30T00:00:00Z,531868,-53823,-204780,92085,133775,0.1731350636,-0.1011961615,-0.3850203434
2021-12-07T00:00:00Z,499307,-54147,-191476,80741,136444,0.1617061247,-0.1084443038,-0.3834835081
2021-12-14T00:00:00Z,503709,-51523,-179888,63417,138984,0.1259000733,-0.1022872333,-0.3571268332
2021-12-21T00:00:00Z,500846,-55793,-180236,71748,134063,0.1432536149,-0.1113975154,-0.3598631116
2021-12-28T00:00:00Z,508912,-58153,-187511,83663,129493,0.1643958091,-0.1142692646,-0.3684546641
2022-01-04T00:00:00Z,502717,-53475,-183983,79508,131847,0.1581565772,-0.1063719747,-0.3659772795
2022-01-11T00:00:00Z,546516,-50706,-174367,74310,125427,0.1359704016,-0.0927804492,-0.3190519582
2022-01-18T00:00:00Z,539204,-50962,-170106,71793,122414,0.1331462675,-0.0945133938,-0.3154761463
2022-01-25T00:00:00Z,572078,-65770,-183976,101375,118776,0.1772048567,-0.1149668402,-0.3215925101
2022-02-01T00:00:00Z,515331,-52333,-149009,49914,122228,0.0968581358,-0.1015522063,-0.2891520207
2022-02-08T00:00:00Z,512842,-53491,-157943,69467,117239,0.1354549744,-0.1043030797,-0.3079759458
2022-02-15T00:00:00Z,558645,-63682,-175193,107706,105907,0.1927986467,-0.1139936811,-0.3136034512
2022-02-22T00:00:00Z,611488,-70911,-198811,138976,104172,0.2272751060,-0.1159646632,-0.3251265765
2022-03-01T00:00:00Z,615600,-75814,-209995,148621,109001,0.2414246264,-0.1231546459,-0.3411224821
2022-03-08T00:00:00Z,638502,-76077,-230869,142973,131415,0.2239194239,-0.1191491961,-0.3615791337
2022-03-15T00:00:00Z,617605,-67438,-230003,126537,135251,0.2048833802,-0.1091927688,-0.3724111690
2022-03-22T00:00:00Z,605191,-64913,-216682,115132,132900,0.1902407670,-0.1072603525,-0.3580390323
2022-03-29T00:00:00Z,574521,-51926,-234011,108302,149294,0.1885083400,-0.0903813786,-0.4073149632
2022-04-05T00:00:00Z,560666,-52344,-226414,101627,143914,0.1812612143,-0.0933603964,-0.4038304445
2022-04-12T00:00:00Z,577639,-51729,-236364,117025,137262,0.2025919303,-0.0895524714,-0.4091898227
2022-04-19T00:00:00Z,575202,-49949,-225576,101266,138491,0.1760529344,-0.0868373198,-0.3921683165
2022-04-26T00:00:00Z,557785,-44173,-205121,81117,136907,0.1454270014,-0.0791935961,-0.3677420511
2022-05-03T00:00:00Z,560441,-40181,-191671,67847,131321,0.1210600224,-0.0716953256,-0.3420003176
2022-05-10T00:00:00Z,571447,-42901,-184855,61992,131323,0.1084825014,-0.0750743289,-0.3234858176
2022-05-17T00:00:00Z,555756,-37557,-169322,43360,132000,0.0780198504,-0.0675782178,-0.3046696752
2022-05-24T00:00:00Z,530098,-42010,-169937,61057,122756,0.1151805892,-0.0792494973,-0.3205765726
2022-05-31T00:00:00Z,513722,-45299,-154757,50793,121796,0.0988725420,-0.0881780418,-0.3012465886
2022-06-07T00:00:00Z,494130,-44542,-155344,57531,117737,0.1164288750,-0.0901422703,-0.3143788072
2022-06-14T00:00:00Z,497456,-41055,-137514,36905,117693,0.0741874658,-0.0825299122,-0.2764344987
2022-06-21T00:00:00Z,500276,-44189,-142740,49803,113484,0.0995510478,-0.0883292423,-0.2853225020
2022-06-28T00:00:00Z,497005,-43787,-138220,36102,121591,0.0726391083,-0.0881017294,-0.2781058541
2022-07-05T00:00:00Z,498210,-38490,-127095,17034,128626,0.0341904016,-0.0772565786,-0.2551032697
2022-07-12T00:00:00Z,542493,-28069,-109719,-6133,124254,-0.0113052150,-0.0517407598,-0.2022496143
2022-07-19T00:00:00Z,524786,-25043,-87219,-18738,113693,-0.0357059830,-0.0477204041,-0.1661991745
2022-07-26T00:00:00Z,487515,-25165,-83257,-19093,111783,-0.0391639232,-0.0516189245,-0.1707783350
2022-08-02T00:00:00Z,459649,-30387,-105178,15855,108471,0.0344937115,-0.0661091398,-0.2288224275
2022-08-09T00:00:00Z,453540,-36461,-118093,40734,102117,0.0898134674,-0.0803920272,-0.2603805618
2022-08-16T00:00:00Z,453960,-34524,-119185,36373,104791,0.0801237995,-0.0760507534,-0.2625451582
2022-08-23T00:00:00Z,457762,-32187,-105885,22111,103736,0.0483023929,-0.0703138312,-0.2313101568
2022-08-30T00:00:00Z,459165,-31347,-98332,11788,105946,0.0256726885,-0.0682695763,-0.2141539534
2022-09-06T00:00:00Z,465908,-26060,-88004,-6962,110819,-0.0149428643,-0.0559337895,-0.1888870764
2022-09-13T00:00:00Z,463674,-27119,-83819,-18337,115681,-0.0395471819,-0.0584872130,-0.1807714040
2022-09-20T00:00:00Z,469395,-17664,-57764,-36695,102417,-0.0781750977,-0.0376314192,-0.1230605354
2022-09-27T00:00:00Z,457061,-12623,-49515,-43094,95175,-0.0942850079,-0.0276177578,-0.1083334610
2022-10-04T00:00:00Z,437065,-19152,-77396,-6875,95260,-0.0157299258,-0.0438195692,-0.1770812122
2022-10-11T00:00:00Z,431395,-22668,-81060,-5580,100000,-0.0129347813,-0.0525458107,-0.1879020387
2022-10-18T00:00:00Z,434701,-15565,-74465,-25698,102654,-0.0591164962,-0.0358062208,-0.1713016533
2022-10-25T00:00:00Z,456072,-10426,-69787,-38788,106820,-0.0850479749,-0.0228604255,-0.1530175060
2022-11-01T00:00:00Z,467276,-8773,-66009,-41401,106024,-0.0886007413,-0.0187747712,-0.1412634075
2022-11-08T00:00:00Z,488471,-18586,-72558,-16346,98684,-0.0334636038,-0.0380493417,-0.1485410598
2022-11-15T00:00:00Z,495171,-36982,-97326,25457,100812,0.0514105228,-0.0746853107,-0.1965502826
2022-11-22T00:00:00Z,449542,-40394,-89670,19431,96682,0.0432239924,-0.0898558978,-0.1994696825
2022-11-29T00:00:00Z,433661,-36626,-82607,14720,95283,0.0339435642,-0.0844576755,-0.1904875006
2022-12-06T00:00:00Z,422100,-37953,-92126,23487,91638,0.0556432125,-0.0899147122,-0.2182563374
2022-12-13T00:00:00Z,437040,-36843,-101686,37449,88200,0.0856878089,-0.0843012081,-0.2326697785
2022-12-20T00:00:00Z,436653,-37697,-104817,39095,89753,0.0895333365,-0.0863317096,-0.2400464442
2022-12-27T00:00:00Z,440040,-42392,-111384,50877,86003,0.1156190346,-0.0963366967,-0.2531224434
2023-01-03T00:00:00Z,449393,-43902,-116072,54581,87085,0.1214549403,-0.0976917754,-0.2582861771
2023-01-10T00:00:00Z,481519,-48703,-123775,61809,88726,0.1283625361,-0.1011445031,-0.2570511236
2023-01-17T00:00:00Z,491818,-43935,-131978,69377,83863,0.1410623442,-0.0893318260,-0.2683472341
2023-01-24T00:00:00Z,499927,-41609,-138945,79879,77794,0.1597813281,-0.0832301516,-0.2779305779
2023-01-31T00:00:00Z,471642,-36820,-143700,84447,75834,0.1790489397,-0.0780676869,-0.3046802448
2023-02-07T00:00:00Z,439755,-30982,-121984,59576,69239,0.1354754352,-0.0704528658,-0.2773908199
2023-02-14T00:00:00Z,426116,-29893,-99179,41173,64356,0.0966239240,-0.0701522590,-0.2327511757
2023-02-21T00:00:00Z,422648,-29783,-99572,36706,70395,0.0868476841,-0.0704676232,-0.2355908463
2023-02-28T00:00:00Z,426890,-29223,-98264,26575,82018,0.0622525709,-0.0684555740,-0.2301857621
2023-03-07T00:00:00Z,458474,-29599,-89321,14399,84075,0.0314063611,-0.0645598224,-0.1948223891
2023-03-14T00:00:00Z,459064,-36067,-119373,59721,80610,0.1300929718,-0.0785663873,-0.2600356377
2023-03-21T00:00:00Z,469874,-41286,-142282,81229,77376,0.1728740045,-0.0878661088,-0.3028088381
2023-03-28T00:00:00Z,478611,-44329,-157179,99160,82470,0.2071828688,-0.0926201028,-0.3284065765
2023-04-04T00:00:00Z,476592,-35939,-182311,110131,85085,0.2310802531,-0.0754083157,-0.3825305502
2023-04-11T00:00:00Z,476567,-34933,-181615,104606,88139,0.2194990421,-0.0733013406,-0.3810901720
2023-04-18T00:00:00Z,482254,-33944,-182481,102696,87197,0.2129500222,-0.0703861451,-0.3783918848
2023-04-25T00:00:00Z,473209,-35020,-176908,102803,82461,0.2172465021,-0.0740053549,-0.3738474966
2023-05-02T00:00:00Z,493804,-35531,-182053,113790,81777,0.2304355574,-0.0719536496,-0.3686746158
2023-05-09T00:00:00Z,518951,-36768,-185747,110986,84828,0.2138660490,-0.0708506198,-0.3579278198
2023-05-16T00:00:00Z,521832,-34214,-177343,103983,75831,0.1992652808,-0.0655651627,-0.3398469239
2023-05-23T00:00:00Z,479080,-26425,-160598,93139,67593,0.1944122067,-0.0551578025,-0.3352216749
2023-05-30T00:00:00Z,449515,-31372,-158633,86703,82613,0.1928812164,-0.0697907745,-0.3528981235
2023-06-06T00:00:00Z,436301,-29778,-168409,93428,82213,0.2141365709,-0.0682510469,-0.3859926977
2023-06-13T00:00:00Z,432898,-27159,-158903,74643,85566,0.1724262990,-0.0627376426,-0.3670679929
2023-06-20T00:00:00Z,438037,-26879,-159658,76039,86936,0.1735903588,-0.0613623963,-0.3644851919
2023-06-27T00:00:00Z,431861,-26233,-149102,69675,82235,0.1613366338,-0.0607440820,-0.3452546074
2023-07-03T00:00:00Z,448063,-27425,-157292,83148,79949,0.1855721182,-0.0612079105,-0.3510488480
2023-07-11T00:00:00Z,483170,-29074,-158675,82443,83311,0.1706293851,-0.0601734379,-0.3284040814
2023-07-18T00:00:00Z,482104,-39274,-174441,115318,78030,0.2391973516,-0.0814637506,-0.3618327166
2023-07-25T00:00:00Z,476176,-38944,-159266,95287,78352,0.2001087833,-0.0817848863,-0.3344687679
2023-08-01T00:00:00Z,439383,-30212,-156633,80009,84915,0.1820939818,-0.0687600567,-0.3564839787
2023-08-08T00:00:00Z,427759,-26450,-141104,58606,84379,0.1370070530,-0.0618338831,-0.3298679864
2023-08-15T00:00:00Z,433611,-21530,-120400,29536,91600,0.0681163531,-0.0496527994,-0.2776682326
2023-08-22T00:00:00Z,430239,-17602,-103434,9109,92837,0.0211719533,-0.0409121442,-0.2404105625
2023-08-29T00:00:00Z,442806,-20467,-120127,39242,84030,0.0886212021,-0.0462211442,-0.2712858453
2023-09-05T00:00:00Z,438672,-24374,-133865,50365,87641,0.1148124339,-0.0555631542,-0.3051596637
2023-09-12T00:00:00Z,441221,-22348,-122462,34571,89293,0.0783530249,-0.0506503544,-0.2775525190
2023-09-19T00:00:00Z,438078,-25288,-127644,47390,87773,0.1081770826,-0.0577248800,-0.2913727692
2023-09-26T00:00:00Z,435620,-26667,-108169,23438,92377,0.0538037739,-0.0612161976,-0.2483104541
2023-10-03T00:00:00Z,431226,-22196,-89786,-7561,98787,-0.0175337294,-0.0514718500,-0.2082110077
2023-10-10T00:00:00Z,436499,-18427,-72001,-26767,98200,-0.0613220191,-0.0422154461,-0.1649511225
2023-10-17T00:00:00Z,439581,-29966,-98033,15103,97635,0.0343577179,-0.0681694614,-0.2230146435
2023-10-24T00:00:00Z,463476,-40145,-125728,55748,93637,0.1202823879,-0.0866172143,-0.2712718674
2023-10-31T00:00:00Z,475808,-44185,-138522,74840,88585,0.1572903356,-0.0928630876,-0.2911300356
2023-11-07T00:00:00Z,484347,-44983,-141108,78235,87981,0.1615267566,-0.0928734977,-0.2913365831
2023-11-14T00:00:00Z,486634,-43065,-133954,64315,91061,0.1321629808,-0.0884956661,-0.2752664220
2023-11-21T00:00:00Z,508429,-45909,-144326,79135,92570,0.1556461177,-0.0902957935,-0.2838665772
2023-11-28T00:00:00Z,505658,-50608,-167984,114893,85191,0.2272148369,-0.1000834556,-0.3322087261
2023-12-05T00:00:00Z,487469,-49694,-177251,109387,94157,0.2243978591,-0.1019428928,-0.3636149171
2023-12-12T00:00:00Z,469939,-45115,-167693,95528,92705,0.2032774466,-0.0960018215,-0.3568399303
2023-12-19T00:00:00Z,481203,-48016,-179042,108276,93063,0.2250110660,-0.0997832516,-0.3720716621
2023-12-26T00:00:00Z,491343,-45013,-187332,106454,101264,0.2166592380,-0.0916121732,-0.3812652261
2024-01-02T00:00:00Z,500364,-41701,-193777,109149,98500,0.2181391947,-0.0833413275,-0.3872720659
2024-01-09T00:00:00Z,489849,-45001,-172700,88459,100155,0.1805842209,-0.0918670856,-0.3525576249
2024-01-16T00:00:00Z,489334,-40554,-166866,83229,96664,0.1700862805,-0.0828759089,-0.3410063474
2024-01-23T00:00:00Z,465872,-38949,-153144,61033,108441,0.1310080881,-0.0836045094,-0.3287254868
2024-01-30T00:00:00Z,430328,-34359,-136159,56024,91767,0.1301890651,-0.0798437471,-0.3164074845
2024-02-06T00:00:00Z,419121,-36618,-143623,68069,93669,0.1624089463,-0.0873685642,-0.3426766972
2024-02-13T00:00:00Z,420812,-32243,-120737,34176,96992,0.0812144140,-0.0766209139,-0.2869143465
2024-02-20T00:00:00Z,407063,-38451,-120960,49923,90339,0.1226419498,-0.0944595800,-0.2971530205
2024-02-27T00:00:00Z,411195,-39672,-118680,56153,85483,0.1365605127,-0.0964797724,-0.2886221866
2024-03-05T00:00:00Z,471616,-48887,-157905,109763,81530,0.2327380750,-0.1036584849,-0.3348168849
2024-03-12T00:00:00Z,516057,-48440,-169833,141083,60519,0.2733864670,-0.0938656001,-0.3290973672
2024-03-19T00:00:00Z,535047,-49210,-168320,142896,58706,0.2670718647,-0.0919732285,-0.3145891856
2024-03-26T00:00:00Z,503642,-47505,-170835,135795,63499,0.2696260439,-0.0943229516,-0.3391992725
2024-04-02T00:00:00Z,500045,-44887,-180827,147080,60170,0.2941335280,-0.0897659211,-0.3616214541
2024-04-09T00:00:00Z,505214,-42026,-182556,141732,60687,0.2805385441,-0.0831845515,-0.3613439058
2024-04-16T00:00:00Z,517193,-33903,-188855,134736,67187,0.2605139667,-0.0655519313,-0.3651538207
2024-04-23T00:00:00Z,516249,-32593,-194279,142139,60752,0.2753303154,-0.0631342627,-0.3763280897
2024-04-30T00:00:00Z,519791,-30727,-196771,135027,69183,0.2597717159,-0.0591141440,-0.3785579204
2024-05-07T00:00:00Z,529835,-32170,-195096,126099,73468,0.2379967348,-0.0607170157,-0.3682202950
2024-05-14T00:00:00Z,522952,-29559,-202551,130435,74061,0.2494205969,-0.0565233520,-0.3873223546
2024-05-21T00:00:00Z,530591,-36970,-221693,148523,81283,0.2799199383,-0.0696770205,-0.4178227674
2024-05-28T00:00:00Z,485430,-40644,-220306,148828,87757,0.3065900336,-0.0837278289,-0.4538368045
2024-06-04T00:00:00Z,447488,-39886,-226045,152299,85003,0.3403420874,-0.0891331164,-0.5051420373
2024-06-11T00:00:00Z,436857,-40807,-219704,152965,80961,0.3501489046,-0.0934104295,-0.5029197197
2024-06-18T00:00:00Z,444345,-42558,-225172,160621,82463,0.3614781307,-0.0957769301,-0.5067503854
2024-06-25T00:00:00Z,452190,-42603,-228885,158202,88027,0.3498573608,-0.0942148212,-0.5061699728
2024-07-02T00:00:00Z,454730,-44745,-220054,150815,90728,0.3316583467,-0.0983990500,-0.4839223275
2024-07-09T00:00:00Z,516324,-52391,-228238,157467,97308,0.3049771074,-0.1014692325,-0.4420441428
2024-07-16T00:00:00Z,579862,-60318,-248986,184532,100492,0.3182343385,-0.1040213016,-0.4293883717
2024-07-23T00:00:00Z,572306,-54215,-246710,162860,110214,0.2845680458,-0.0947307909,-0.4310805758
2024-07-30T00:00:00Z,510914,-44765,-228092,152364,94237,0.2982184869,-0.0876174855,-0.4464391267
2024-08-06T00:00:00Z,480645,-47145,-221889,150786,87963,0.3137159442,-0.0980869457,-0.4616484099
2024-08-13T00:00:00Z,505872,-52935,-239567,177915,89349,0.3516996394,-0.1046410950,-0.4735723661
2024-08-20T00:00:00Z,532867,-63995,-252511,193305,97948,0.3627640668,-0.1200956336,-0.4738724672
2024-08-27T00:00:00Z,521759,-68384,-253935,200291,94154,0.3838764640,-0.1310643420,-0.4866902152
2024-09-03T00:00:00Z,511136,-69629,-242258,192090,95468,0.3758099606,-0.1362240187,-0.4739599637
2024-09-10T00:00:00Z,511501,-75374,-231525,190455,92046,0.3723453131,-0.1473584607,-0.4526384113
2024-09-17T00:00:00Z,537627,-77587,-257540,216355,93711,0.4024258454,-0.1443138086,-0.4790310010
2024-09-24T00:00:00Z,564640,-80030,-259676,219029,96361,0.3879091102,-0.1417363276,-0.4598965713
2024-10-01T00:00:00Z,533107,-75226,-252298,214462,85469,0.4022869705,-0.1411086330,-0.4732595895
2024-10-08T00:00:00Z,520316,-71151,-232825,194059,84121,0.3729637374,-0.1367457468,-0.4474684615
2024-10-15T00:00:00Z,541232,-74698,-237960,199421,87013,0.3684575191,-0.1380147515,-0.4396635823
2024-10-22T00:00:00Z,573760,-82095,-242606,205160,91044,0.3575711099,-0.1430824735,-0.4228353318
2024-10-29T00:00:00Z,579468,-74620,-229051,195173,83480,0.3368141123,-0.1287732886,-0.3952780827
2024-11-05T00:00:00Z,558034,-69363,-213696,183003,72326,0.3279423834,-0.1242988778,-0.3829444084
2024-11-12T00:00:00Z,535981,-67456,-198126,165296,71155,0.3083989918,-0.1258552076,-0.3696511630
2024-11-19T00:00:00Z,502952,-70317,-192005,155174,79193,0.3085264598,-0.1398085702,-0.3817561119
2024-11-26T00:00:00Z,472660,-67080,-205440,179290,71048,0.3793212880,-0.1419201963,-0.4346464689
2024-12-03T00:00:00Z,462040,-62341,-223934,180735,79001,0.3911674314,-0.1349255476,-0.4846636655
2024-12-10T00:00:00Z,483346,-66445,-230426,196078,79508,0.4056679894,-0.1374688112,-0.4767309546
2024-12-17T00:00:00Z,466571,-72455,-212778,183502,78539,0.3932991978,-0.1552925493,-0.4560463466
2024-12-24T00:00:00Z,454646,-74789,-198547,165497,82132,0.3640128804,-0.1644994127,-0.4367068005
2024-12-31T00:00:00Z,458584,-73361,-197935,166169,81110,0.3623523716,-0.1599728730,-0.4316221238
2025-01-07T00:00:00Z,477043,-70967,-207679,177641,77270,0.3723794291,-0.1487643672,-0.4353464992
2025-01-14T00:00:00Z,526467,-73987,-228465,195622,83741,0.3715750465,-0.1405349243,-0.4339588236
2025-01-21T00:00:00Z,571387,-80606,-246002,215869,84915,0.3777982348,-0.1410707629,-0.4305348214
2025-01-28T00:00:00Z,577505,-80898,-242824,210540,88869,0.3645682721,-0.1400819041,-0.4204708184
2025-02-04T00:00:00Z,542004,-63444,-264731,209533,92975,0.3865893979,-0.1170544867,-0.4884299747
2025-02-11T00:00:00Z,528719,-60901,-248987,194803,89701,0.3684433508,-0.1151859494,-0.4709250093
2025-02-18T00:00:00Z,522330,-60419,-235652,185329,83345,0.3548120920,-0.1156720847,-0.4511553998
2025-02-25T00:00:00Z,512179,-60490,-227610,179812,81813,0.3510725742,-0.1181032412,-0.4443954164
2025-03-04T00:00:00Z,489270,-58579,-212536,166658,76603,0.3406258303,-0.1197273489,-0.4343940973
2025-03-11T00:00:00Z,511276,-57259,-207929,167576,68524,0.3277603486,-0.1119923486,-0.4066864081
2025-03-18T00:00:00Z,533566,-64380,-220788,183834,74098,0.3445384451,-0.1206598621,-0.4137969811
2025-03-25T00:00:00Z,511482,-62757,-215841,174732,75064,0.3416190599,-0.1226963999,-0.4219913897
2025-04-01T00:00:00Z,498746,-62315,-202746,141999,96435,0.2847120578,-0.1249433579,-0.4065115309
2025-04-08T00:00:00Z,445468,-52647,-179536,130986,69729,0.2940413228,-0.1181835732,-0.4030278269
2025-04-15T00:00:00Z,456628,-51605,-180307,124854,77356,0.2734260711,-0.1130132186,-0.3948662806
2025-04-22T00:00:00Z,465351,-45310,-156958,120902,54476,0.2598081878,-0.0973673636,-0.3372894869
2025-04-29T00:00:00Z,451868,-45074,-145687,105895,57423,0.2343494118,-0.0997503696,-0.3224105270
2025-05-06T00:00:00Z,452414,-45285,-146818,102091,60406,0.2256583572,-0.1000963719,-0.3245213455
2025-05-13T00:00:00Z,440842,-41533,-149674,101227,59982,0.2296219507,-0.0942128926,-0.3395184669
2025-05-20T00:00:00Z,448000,-38817,-158831,107629,56352,0.2402433036,-0.0866450893,-0.3545334821
2025-05-27T00:00:00Z,437538,-46192,-161395,110816,63368,0.2532717158,-0.1055725446,-0.3688708181
2025-06-03T00:00:00Z,415941,-48108,-172718,123582,64323,0.2971142542,-0.1156606346,-0.4152463931
2025-06-10T00:00:00Z,417143,-49365,-173353,124091,63390,0.2974783228,-0.1183407129,-0.4155721180
2025-06-17T00:00:00Z,441214,-52962,-184765,130511,70137,0.2957997706,-0.1200369889,-0.4187650437
2025-06-24T00:00:00Z,434958,-50415,-180145,125128,69876,0.2876783506,-0.1159077428,-0.4141664253
2025-07-01T00:00:00Z,437662,-49413,-186656,130360,71620,0.2978554227,-0.1129021939,-0.4264843646
2025-07-08T00:00:00Z,443144,-46812,-191542,128942,74026,0.2909708808,-0.1056360912,-0.4322342173
2025-07-15T00:00:00Z,448531,-46736,-203952,136727,76388,0.3048328878,-0.1041979261,-0.4547110456
2025-07-22T00:00:00Z,489423,-51362,-230975,159934,93104,0.3267807193,-0.1049439851,-0.4719332765
2025-07-29T00:00:00Z,445259,-48170,-210909,134256,89340,0.3015233830,-0.1081842254,-0.4736771183
2025-08-05T00:00:00Z,449647,-34017,-236129,153987,83063,0.3424619757,-0.0756526787,-0.5251430567
2025-08-12T00:00:00Z,446152,-39750,-223315,148287,81198,0.3323687891,-0.0890951963,-0.5005356919
2025-08-19T00:00:00Z,438541,-40005,-209960,137385,75205,0.3132774359,-0.0912229415,-0.4787693739
2025-08-26T00:00:00Z,443760,-42328,-208637,141917,72394,0.3198057509,-0.0953848927,-0.4701572922
2025-09-02T00:00:00Z,492908,-55302,-218596,161502,88028,0.3276514076,-0.1121953793,-0.4434823537
2025-09-09T00:00:00Z,509625,-62554,-210821,163519,98221,0.3208614177,-0.1227451558,-0.4136786853
2025-09-16T00:00:00Z,516221,-65384,-236987,158971,107439,0.3079514394,-0.1266589310,-0.4590805101
2025-09-23T00:00:00Z,528789,-67152,-231251,160549,106200,0.3036163763,-0.1269920517,-0.4373218808
2025-09-30T00:00:00Z,493748,-65397,-222839,145227,107681,0.2941318243,-0.1324501568,-0.4513213218
2025-10-07T00:00:00Z,485559,-65352,-198420,129759,102197,0.2672363194,-0.1345912649,-0.4086424101
2025-10-14T00:00:00Z,485788,-61457,-175410,108310,95606,0.2229573394,-0.1265099179,-0.3610834356
2025-10-21T00:00:00Z,472421,-57778,-152339,92227,84382,0.1952220583,-0.1223019298,-0.3224644967
2025-10-28T00:00:00Z,457122,-58194,-178833,104159,100505,0.2278582085,-0.1273051833,-0.3912150367
2025-11-04T00:00:00Z,450399,-59451,-177091,100545,101762,0.2232353979,-0.1319962966,-0.3931869298
2025-11-10T00:00:00Z,459997,-58746,-186077,104087,102982,0.2262775627,-0.1277095285,-0.4045178556
2025-11-18T00:00:00Z,471953,-58897,-186688,98205,112134,0.2080821607,-0.1247942062,-0.3955648126
2025-11-25T00:00:00Z,432946,-46692,-194711,109309,95279,0.2524772142,-0.1078471680,-0.4497350709
2025-12-02T00:00:00Z,418490,-48707,-206641,120324,97236,0.2875194150,-0.1163874884,-0.4937776291
2025-12-09T00:00:00Z,432569,-49393,-213186,123548,100338,0.2856145494,-0.1141852514,-0.4928369809
2025-12-16T00:00:00Z,471093,-44249,-230109,132596,101382,0.2814645940,-0.0939283751,-0.4884576931
2025-12-23T00:00:00Z,492103,-51284,-232242,136270,104430,0.2769135730,-0.1042139552,-0.4719377854
2025-12-30T00:00:00Z,481866,-54481,-220765,126040,105133,0.2615664936,-0.1130625527,-0.4581460406
2026-01-06T00:00:00Z,488116,-50542,-221493,123213,104419,0.2524256529,-0.1035450590,-0.4537712347
2026-01-13T00:00:00Z,527455,-51165,-245941,134745,116493,0.2554625513,-0.0970035358,-0.4662786399
2026-01-20T00:00:00Z,528004,-42289,-247400,137444,107326,0.2603086340,-0.0800921963,-0.4685570564
2026-01-27T00:00:00Z,488463,-40589,-207696,118159,87237,0.2418995912,-0.0830953419,-0.4252031372
2026-02-03T00:00:00Z,409694,-24634,-183144,92072,73532,0.2247335816,-0.0601278027,-0.4470263172
2026-02-10T00:00:00Z,404391,-18445,-179293,92022,67990,0.2275569931,-0.0456117965,-0.4433654557
2026-02-17T00:00:00Z,407078,-21398,-175384,95893,64022,0.2355641916,-0.0525648647,-0.4308363508
2026-02-24T00:00:00Z,420182,-19818,-180988,95974,63203,0.2284105459,-0.0471652760,-0.4307371568
2026-03-03T00:00:00Z,409789,-20791,-179792,97917,62228,0.2389449204,-0.0507358665,-0.4387428652
2026-03-10T00:00:00Z,413956,-19696,-183280,98399,64733,0.2377040072,-0.0475799360,-0.4427523698
2026-03-17T00:00:00Z,411388,-17834,-180814,102043,57826,0.2480456406,-0.0433508026,-0.4395218140
2026-03-24T00:00:00Z,403925,-22216,-181612,91621,76706,0.2268267624,-0.0550003095,-0.4496181222
2026-03-31T00:00:00Z,361409,-19910,-181730,92814,70388,0.2568115349,-0.0550899397,-0.5028375054
2026-04-07T00:00:00Z,354877,-19296,-174455,90032,66273,0.2536991690,-0.0543737689,-0.4915928618
2026-04-14T00:00:00Z,362274,-18530,-182552,95141,67385,0.2626216621,-0.0511491302,-0.5039058834
2026-04-21T00:00:00Z,365842,-20418,-182522,92976,71030,0.2541424987,-0.0558109785,-0.4989093652
2026-04-28T00:00:00Z,369530,-20192,-174621,89752,69819,0.2428814981,-0.0546423836,-0.4725489135
2026-05-05T00:00:00Z,367932,-19112,-179823,94254,69049,0.2561723362,-0.0519443810,-0.4887397671
2026-05-12T00:00:00Z,376496,-20202,-190056,98015,73607,0.2603347712,-0.0536579406,-0.5048021759
2026-05-19T00:00:00Z,379325,-17914,-173715,93540,66293,0.2465959270,-0.0472259935,-0.4579582153
2026-05-26T00:00:00Z,353489,-19510,-166256,97446,56814,0.2756691156,-0.0551926651,-0.4703286382
2026-06-02T00:00:00Z,326052,-20154,-186191,112179,63841,0.3440524824,-0.0618122263,-0.5710469496
2026-06-09T00:00:00Z,332709,-19300,-181736,105863,67974,0.3181849604,-0.0580086502,-0.5462310908
2026-06-16T00:00:00Z,339330,-17047,-190516,113721,66499,0.3351339404,-0.0502372322,-0.5614475584
2026-06-23T00:00:00Z,352167,-9336,-196068,115395,65944,0.3276712469,-0.0265101500,-0.5567472250
2026-06-30T00:00:00Z,369541,-17046,-204024,120091,73928,0.3249734130,-0.0461274933,-0.5521011200
2026-07-07T00:00:00Z,371776,-20986,-201296,116161,78085,0.3124488940,-0.0564479687,-0.5414443106
2026-07-14T00:00:00Z,383689,-19149,-195639,120779,65903,0.3147835877,-0.0499076075,-0.5098895199
2026-07-21T00:00:00Z,383368,-19321,-193878,124831,59079,0.3256166399,-0.0503980510,-0.5057229607
2026-07-28T00:00:00Z,384603,-20549,-191760,119795,62275,0.3114770296,-0.0534291204,-0.4985920547
