timestamp,usdjpy
1971-01-04T00:00:00Z,357.7300000000
1971-01-05T00:00:00Z,357.8100000000
1971-01-06T00:00:00Z,357.8600000000
1971-01-07T00:00:00Z,357.8700000000
1971-01-08T00:00:00Z,357.8200000000
1971-01-11T00:00:00Z,357.9500000000
1971-01-12T00:00:00Z,358.0600000000
1971-01-13T00:00:00Z,358.4400000000
1971-01-14T00:00:00Z,358.4000000000
1971-01-15T00:00:00Z,358.4000000000
1971-01-18T00:00:00Z,358.2900000000
1971-01-19T00:00:00Z,358.3500000000
1971-01-20T00:00:00Z,358.4000000000
1971-01-21T00:00:00Z,358.2700000000
1971-01-22T00:00:00Z,357.9000000000
1971-01-25T00:00:00Z,357.7300000000
1971-01-26T00:00:00Z,357.7800000000
1971-01-27T00:00:00Z,357.7900000000
1971-01-28T00:00:00Z,357.8300000000
1971-01-29T00:00:00Z,357.7200000000
1971-02-01T00:00:00Z,357.6700000000
1971-02-02T00:00:00Z,357.5500000000
1971-02-03T00:00:00Z,357.5400000000
1971-02-04T00:00:00Z,357.5100000000
1971-02-05T00:00:00Z,357.5300000000
1971-02-08T00:00:00Z,357.4900000000
1971-02-09T00:00:00Z,357.5000000000
1971-02-10T00:00:00Z,357.5000000000
1971-02-11T00:00:00Z,357.5000000000
1971-02-16T00:00:00Z,357.5300000000
1971-02-17T00:00:00Z,357.5300000000
1971-02-18T00:00:00Z,357.5300000000
1971-02-19T00:00:00Z,357.5600000000
1971-02-22T00:00:00Z,357.6000000000
1971-02-23T00:00:00Z,357.5500000000
1971-02-24T00:00:00Z,357.6000000000
1971-02-25T00:00:00Z,357.5600000000
1971-02-26T00:00:00Z,357.5600000000
1971-03-01T00:00:00Z,357.6300000000
1971-03-02T00:00:00Z,357.5600000000
1971-03-03T00:00:00Z,357.4900000000
1971-03-04T00:00:00Z,357.4500000000
1971-03-05T00:00:00Z,357.5900000000
1971-03-08T00:00:00Z,357.5500000000
1971-03-09T00:00:00Z,357.4600000000
1971-03-10T00:00:00Z,357.5900000000
1971-03-11T00:00:00Z,357.5600000000
1971-03-12T00:00:00Z,357.5800000000
1971-03-15T00:00:00Z,357.5400000000
1971-03-16T00:00:00Z,357.4900000000
1971-03-17T00:00:00Z,357.5300000000
1971-03-18T00:00:00Z,357.5600000000
1971-03-19T00:00:00Z,357.5600000000
1971-03-22T00:00:00Z,357.4400000000
1971-03-23T00:00:00Z,357.5300000000
1971-03-24T00:00:00Z,357.5300000000
1971-03-25T00:00:00Z,357.4700000000
1971-03-26T00:00:00Z,357.4700000000
1971-03-29T00:00:00Z,357.4400000000
1971-03-30T00:00:00Z,357.4900000000
1971-03-31T00:00:00Z,357.4200000000
1971-04-01T00:00:00Z,357.4900000000
1971-04-02T00:00:00Z,357.5300000000
1971-04-05T00:00:00Z,357.5000000000
1971-04-06T00:00:00Z,357.4600000000
1971-04-07T00:00:00Z,357.5500000000
1971-04-08T00:00:00Z,357.5500000000
1971-04-09T00:00:00Z,357.5000000000
1971-04-12T00:00:00Z,357.5000000000
1971-04-13T00:00:00Z,357.6200000000
1971-04-14T00:00:00Z,357.5800000000
1971-04-15T00:00:00Z,357.5000000000
1971-04-16T00:00:00Z,357.5400000000
1971-04-19T00:00:00Z,357.4900000000
1971-04-20T00:00:00Z,357.4900000000
1971-04-21T00:00:00Z,357.4900000000
1971-04-22T00:00:00Z,357.4900000000
1971-04-23T00:00:00Z,357.4900000000
1971-04-26T00:00:00Z,357.5000000000
1971-04-27T00:00:00Z,357.4900000000
1971-04-28T00:00:00Z,357.5000000000
1971-04-29T00:00:00Z,357.4100000000
1971-04-30T00:00:00Z,357.4000000000
1971-05-03T00:00:00Z,357.4100000000
1971-05-04T00:00:00Z,357.4000000000
1971-05-05T00:00:00Z,357.4000000000
1971-05-06T00:00:00Z,357.4100000000
1971-05-07T00:00:00Z,357.4100000000
1971-05-10T00:00:00Z,357.1400000000
1971-05-11T00:00:00Z,357.4400000000
1971-05-12T00:00:00Z,357.5300000000
1971-05-13T00:00:00Z,357.4900000000
1971-05-14T00:00:00Z,357.4900000000
1971-05-17T00:00:00Z,357.4000000000
1971-05-18T00:00:00Z,357.4400000000
1971-05-19T00:00:00Z,357.4000000000
1971-05-20T00:00:00Z,357.4600000000
1971-05-21T00:00:00Z,357.4000000000
1971-05-24T00:00:00Z,357.4000000000
1971-05-25T00:00:00Z,357.4000000000
1971-05-26T00:00:00Z,357.4400000000
1971-05-27T00:00:00Z,357.4000000000
1971-05-28T00:00:00Z,357.4000000000
1971-06-01T00:00:00Z,357.4600000000
1971-06-02T00:00:00Z,357.4000000000
1971-06-03T00:00:00Z,357.4600000000
1971-06-04T00:00:00Z,357.4000000000
1971-06-07T00:00:00Z,357.4000000000
1971-06-08T00:00:00Z,357.4000000000
1971-06-09T00:00:00Z,357.4000000000
1971-06-10T00:00:00Z,357.4000000000
1971-06-11T00:00:00Z,357.4000000000
1971-06-14T00:00:00Z,357.4000000000
1971-06-15T00:00:00Z,357.4600000000
1971-06-16T00:00:00Z,357.4600000000
1971-06-17T00:00:00Z,357.4600000000
1971-06-18T00:00:00Z,357.4000000000
1971-06-21T00:00:00Z,357.4000000000
1971-06-22T00:00:00Z,357.4000000000
1971-06-23T00:00:00Z,357.4000000000
1971-06-24T00:00:00Z,357.4000000000
1971-06-25T00:00:00Z,357.4000000000
1971-06-28T00:00:00Z,357.3700000000
1971-06-29T00:00:00Z,357.3900000000
1971-06-30T00:00:00Z,357.4000000000
1971-07-01T00:00:00Z,357.4000000000
1971-07-02T00:00:00Z,357.4000000000
1971-07-06T00:00:00Z,357.4500000000
1971-07-07T00:00:00Z,357.4600000000
1971-07-08T00:00:00Z,357.4600000000
1971-07-09T00:00:00Z,357.4000000000
1971-07-12T00:00:00Z,357.4100000000
1971-07-13T00:00:00Z,357.4400000000
1971-07-14T00:00:00Z,357.4000000000
1971-07-15T00:00:00Z,357.4000000000
1971-07-16T00:00:00Z,357.4000000000
1971-07-19T00:00:00Z,357.3900000000
1971-07-20T00:00:00Z,357.3900000000
1971-07-21T00:00:00Z,357.4000000000
1971-07-22T00:00:00Z,357.3700000000
1971-07-23T00:00:00Z,357.3600000000
1971-07-26T00:00:00Z,357.4000000000
1971-07-27T00:00:00Z,357.3700000000
1971-07-28T00:00:00Z,357.4000000000
1971-07-29T00:00:00Z,357.4000000000
1971-07-30T00:00:00Z,357.3900000000
1971-08-02T00:00:00Z,357.4100000000
1971-08-03T00:00:00Z,357.3700000000
1971-08-04T00:00:00Z,357.3700000000
1971-08-05T00:00:00Z,357.3700000000
1971-08-06T00:00:00Z,357.3700000000
1971-08-09T00:00:00Z,357.3500000000
1971-08-10T00:00:00Z,357.3900000000
1971-08-11T00:00:00Z,357.3500000000
1971-08-12T00:00:00Z,357.4000000000
1971-08-13T00:00:00Z,357.3500000000
1971-08-31T00:00:00Z,339.8500000000
1971-09-01T00:00:00Z,341.0100000000
1971-09-02T00:00:00Z,338.9800000000
1971-09-03T00:00:00Z,340.1400000000
1971-09-07T00:00:00Z,339.7900000000
1971-09-08T00:00:00Z,339.3900000000
1971-09-09T00:00:00Z,339.0700000000
1971-09-10T00:00:00Z,338.8100000000
1971-09-13T00:00:00Z,338.9800000000
1971-09-14T00:00:00Z,338.2400000000
1971-09-15T00:00:00Z,338.4100000000
1971-09-16T00:00:00Z,337.8400000000
1971-09-17T00:00:00Z,337.9500000000
1971-09-20T00:00:00Z,337.2700000000
1971-09-21T00:00:00Z,337.3400000000
1971-09-22T00:00:00Z,337.4400000000
1971-09-23T00:00:00Z,337.2700000000
1971-09-24T00:00:00Z,336.9800000000
1971-09-27T00:00:00Z,336.2500000000
1971-09-28T00:00:00Z,336.3600000000
1971-09-29T00:00:00Z,335.5700000000
1971-09-30T00:00:00Z,335.3500000000
1971-10-01T00:00:00Z,333.3900000000
1971-10-04T00:00:00Z,333.1700000000
1971-10-05T00:00:00Z,333.1400000000
1971-10-06T00:00:00Z,332.6500000000
1971-10-07T00:00:00Z,332.6100000000
1971-10-08T00:00:00Z,332.3700000000
1971-10-12T00:00:00Z,330.5200000000
1971-10-13T00:00:00Z,331.4000000000
1971-10-14T00:00:00Z,330.8500000000
1971-10-15T00:00:00Z,330.5800000000
1971-10-18T00:00:00Z,329.6000000000
1971-10-19T00:00:00Z,330.8500000000
1971-10-20T00:00:00Z,331.0700000000
1971-10-21T00:00:00Z,330.7900000000
1971-10-22T00:00:00Z,330.3600000000
1971-10-26T00:00:00Z,329.0000000000
1971-10-27T00:00:00Z,329.5400000000
1971-10-28T00:00:00Z,329.7100000000
1971-10-29T00:00:00Z,329.5000000000
1971-11-01T00:00:00Z,329.4500000000
1971-11-03T00:00:00Z,329.5000000000
1971-11-04T00:00:00Z,330.8700000000
1971-11-05T00:00:00Z,329.1600000000
1971-11-08T00:00:00Z,329.2200000000
1971-11-09T00:00:00Z,329.1600000000
1971-11-10T00:00:00Z,329.1100000000
1971-11-11T00:00:00Z,329.1100000000
1971-11-12T00:00:00Z,329.4900000000
1971-11-15T00:00:00Z,328.7300000000
1971-11-16T00:00:00Z,328.6200000000
1971-11-17T00:00:00Z,328.8000000000
1971-11-18T00:00:00Z,328.6800000000
1971-11-19T00:00:00Z,328.4000000000
1971-11-22T00:00:00Z,328.4100000000
1971-11-23T00:00:00Z,328.1900000000
1971-11-24T00:00:00Z,328.0400000000
1971-11-26T00:00:00Z,327.6000000000
1971-11-29T00:00:00Z,327.0600000000
1971-11-30T00:00:00Z,327.4400000000
1971-12-01T00:00:00Z,327.6000000000
1971-12-02T00:00:00Z,326.0000000000
1971-12-03T00:00:00Z,325.1000000000
1971-12-06T00:00:00Z,326.5300000000
1971-12-07T00:00:00Z,323.6200000000
1971-12-08T00:00:00Z,323.5000000000
1971-12-09T00:00:00Z,323.5200000000
1971-12-10T00:00:00Z,323.1000000000
1971-12-13T00:00:00Z,322.7900000000
1971-12-14T00:00:00Z,322.5800000000
1971-12-15T00:00:00Z,321.5400000000
1971-12-16T00:00:00Z,320.0000000000
1971-12-17T00:00:00Z,320.3600000000
1971-12-21T00:00:00Z,314.9800000000
1971-12-22T00:00:00Z,314.9600000000
1971-12-23T00:00:00Z,315.0100000000
1971-12-24T00:00:00Z,315.2100000000
1971-12-27T00:00:00Z,314.9600000000
1971-12-28T00:00:00Z,315.0100000000
1971-12-29T00:00:00Z,315.2100000000
1971-12-30T00:00:00Z,315.0100000000
1971-12-31T00:00:00Z,315.0100000000
1972-01-03T00:00:00Z,314.8600000000
1972-01-04T00:00:00Z,314.9600000000
1972-01-05T00:00:00Z,314.8600000000
1972-01-06T00:00:00Z,312.0100000000
1972-01-07T00:00:00Z,312.5000000000
1972-01-10T00:00:00Z,312.9900000000
1972-01-11T00:00:00Z,314.4700000000
1972-01-12T00:00:00Z,313.4800000000
1972-01-13T00:00:00Z,313.9700000000
1972-01-14T00:00:00Z,312.9900000000
1972-01-17T00:00:00Z,313.3800000000
1972-01-18T00:00:00Z,312.8900000000
1972-01-19T00:00:00Z,312.7900000000
1972-01-20T00:00:00Z,312.0100000000
1972-01-21T00:00:00Z,312.3000000000
1972-01-24T00:00:00Z,312.2100000000
1972-01-25T00:00:00Z,311.8200000000
1972-01-26T00:00:00Z,311.5300000000
1972-01-27T00:00:00Z,310.0800000000
1972-01-28T00:00:00Z,310.4600000000
1972-01-31T00:00:00Z,310.5600000000
1972-02-01T00:00:00Z,310.3700000000
1972-02-02T00:00:00Z,308.5500000000
1972-02-03T00:00:00Z,309.1200000000
1972-02-04T00:00:00Z,308.6400000000
1972-02-07T00:00:00Z,308.1700000000
1972-02-08T00:00:00Z,307.6900000000
1972-02-09T00:00:00Z,304.7900000000
1972-02-10T00:00:00Z,304.6900000000
1972-02-11T00:00:00Z,304.6900000000
1972-02-14T00:00:00Z,304.2300000000
1972-02-15T00:00:00Z,304.1400000000
1972-02-16T00:00:00Z,303.9500000000
1972-02-17T00:00:00Z,303.9500000000
1972-02-18T00:00:00Z,303.4900000000
1972-02-22T00:00:00Z,302.8500000000
1972-02-23T00:00:00Z,302.4800000000
1972-02-24T00:00:00Z,302.1100000000
1972-02-25T00:00:00Z,302.4800000000
1972-02-28T00:00:00Z,303.9500000000
1972-02-29T00:00:00Z,303.4000000000
1972-03-01T00:00:00Z,303.2100000000
1972-03-02T00:00:00Z,303.0300000000
1972-03-03T00:00:00Z,302.6600000000
1972-03-06T00:00:00Z,302.7500000000
1972-03-07T00:00:00Z,302.3000000000
1972-03-08T00:00:00Z,302.0200000000
1972-03-09T00:00:00Z,301.6600000000
1972-03-10T00:00:00Z,301.9300000000
1972-03-13T00:00:00Z,302.3000000000
1972-03-14T00:00:00Z,302.2100000000
1972-03-15T00:00:00Z,302.1100000000
1972-03-16T00:00:00Z,302.0200000000
1972-03-17T00:00:00Z,302.1100000000
1972-03-20T00:00:00Z,302.3000000000
1972-03-21T00:00:00Z,302.1100000000
1972-03-22T00:00:00Z,302.1100000000
1972-03-23T00:00:00Z,301.9300000000
1972-03-24T00:00:00Z,302.3000000000
1972-03-27T00:00:00Z,302.5700000000
1972-03-28T00:00:00Z,302.8500000000
1972-03-29T00:00:00Z,303.7700000000
1972-03-30T00:00:00Z,303.7700000000
1972-03-31T00:00:00Z,304.3200000000
1972-04-03T00:00:00Z,304.1400000000
1972-04-04T00:00:00Z,304.9700000000
1972-04-05T00:00:00Z,305.1600000000
1972-04-06T00:00:00Z,304.8800000000
1972-04-07T00:00:00Z,303.2100000000
1972-04-10T00:00:00Z,302.1100000000
1972-04-11T00:00:00Z,302.3000000000
1972-04-12T00:00:00Z,302.4300000000
1972-04-13T00:00:00Z,302.5700000000
1972-04-14T00:00:00Z,302.9400000000
1972-04-17T00:00:00Z,302.5700000000
1972-04-18T00:00:00Z,302.3900000000
1972-04-19T00:00:00Z,302.9400000000
1972-04-20T00:00:00Z,303.0300000000
1972-04-21T00:00:00Z,303.2100000000
1972-04-24T00:00:00Z,305.1600000000
1972-04-25T00:00:00Z,304.3200000000
1972-04-26T00:00:00Z,303.7700000000
1972-04-27T00:00:00Z,304.2300000000
1972-04-28T00:00:00Z,304.8800000000
1972-05-01T00:00:00Z,304.4100000000
1972-05-02T00:00:00Z,304.2300000000
1972-05-03T00:00:00Z,304.3200000000
1972-05-04T00:00:00Z,304.2300000000
1972-05-05T00:00:00Z,304.3200000000
1972-05-08T00:00:00Z,305.0600000000
1972-05-09T00:00:00Z,304.9700000000
1972-05-10T00:00:00Z,303.7700000000
1972-05-11T00:00:00Z,303.5800000000
1972-05-12T00:00:00Z,303.8600000000
1972-05-15T00:00:00Z,304.3200000000
1972-05-16T00:00:00Z,304.4100000000
1972-05-17T00:00:00Z,304.5100000000
1972-05-18T00:00:00Z,304.6000000000
1972-05-19T00:00:00Z,304.0400000000
1972-05-22T00:00:00Z,304.4100000000
1972-05-23T00:00:00Z,304.2300000000
1972-05-24T00:00:00Z,304.3200000000
1972-05-25T00:00:00Z,304.3200000000
1972-05-26T00:00:00Z,304.4100000000
1972-05-30T00:00:00Z,305.3400000000
1972-05-31T00:00:00Z,304.6900000000
1972-06-01T00:00:00Z,304.4100000000
1972-06-02T00:00:00Z,304.2300000000
1972-06-05T00:00:00Z,304.6900000000
1972-06-06T00:00:00Z,304.5100000000
1972-06-07T00:00:00Z,304.4100000000
1972-06-08T00:00:00Z,304.3200000000
1972-06-09T00:00:00Z,304.2300000000
1972-06-12T00:00:00Z,304.5100000000
1972-06-13T00:00:00Z,304.0400000000
1972-06-14T00:00:00Z,303.9500000000
1972-06-15T00:00:00Z,304.0400000000
1972-06-16T00:00:00Z,303.9500000000
1972-06-19T00:00:00Z,303.8600000000
1972-06-20T00:00:00Z,303.4000000000
1972-06-21T00:00:00Z,302.9400000000
1972-06-22T00:00:00Z,302.0700000000
1972-06-23T00:00:00Z,294.1200000000
1972-06-26T00:00:00Z,298.5100000000
1972-06-27T00:00:00Z,298.5100000000
1972-06-28T00:00:00Z,296.7400000000
1972-06-29T00:00:00Z,300.7500000000
1972-06-30T00:00:00Z,300.9300000000
1972-07-03T00:00:00Z,300.8400000000
1972-07-05T00:00:00Z,300.0300000000
1972-07-06T00:00:00Z,300.5700000000
1972-07-07T00:00:00Z,300.9300000000
1972-07-10T00:00:00Z,301.3000000000
1972-07-11T00:00:00Z,301.5700000000
1972-07-12T00:00:00Z,301.2000000000
1972-07-13T00:00:00Z,301.0200000000
1972-07-14T00:00:00Z,301.2000000000
1972-07-17T00:00:00Z,301.0200000000
1972-07-18T00:00:00Z,300.7500000000
1972-07-19T00:00:00Z,301.2000000000
1972-07-20T00:00:00Z,300.9300000000
1972-07-21T00:00:00Z,301.1100000000
1972-07-24T00:00:00Z,301.2000000000
1972-07-25T00:00:00Z,300.7500000000
1972-07-26T00:00:00Z,301.2000000000
1972-07-27T00:00:00Z,301.2000000000
1972-07-28T00:00:00Z,301.2000000000
1972-07-31T00:00:00Z,301.3900000000
1972-08-01T00:00:00Z,301.2000000000
1972-08-02T00:00:00Z,301.2000000000
1972-08-03T00:00:00Z,301.2000000000
1972-08-04T00:00:00Z,300.9300000000
1972-08-07T00:00:00Z,301.1100000000
1972-08-08T00:00:00Z,301.2000000000
1972-08-09T00:00:00Z,301.2000000000
1972-08-10T00:00:00Z,301.1100000000
1972-08-11T00:00:00Z,301.1100000000
1972-08-14T00:00:00Z,301.1100000000
1972-08-15T00:00:00Z,301.2000000000
1972-08-16T00:00:00Z,301.2000000000
1972-08-17T00:00:00Z,301.2000000000
1972-08-18T00:00:00Z,301.2000000000
1972-08-21T00:00:00Z,301.1100000000
1972-08-22T00:00:00Z,301.2000000000
1972-08-23T00:00:00Z,301.2000000000
1972-08-24T00:00:00Z,301.2000000000
1972-08-25T00:00:00Z,301.2000000000
1972-08-28T00:00:00Z,301.2000000000
1972-08-29T00:00:00Z,301.2000000000
1972-08-30T00:00:00Z,301.1100000000
1972-08-31T00:00:00Z,301.1100000000
1972-09-01T00:00:00Z,301.1100000000
1972-09-05T00:00:00Z,301.2000000000
1972-09-06T00:00:00Z,301.2000000000
1972-09-07T00:00:00Z,301.1100000000
1972-09-08T00:00:00Z,301.1100000000
1972-09-11T00:00:00Z,301.2000000000
1972-09-12T00:00:00Z,301.1100000000
1972-09-13T00:00:00Z,301.1100000000
1972-09-14T00:00:00Z,301.1100000000
1972-09-15T00:00:00Z,301.1100000000
1972-09-18T00:00:00Z,301.1100000000
1972-09-19T00:00:00Z,301.1100000000
1972-09-20T00:00:00Z,301.1100000000
1972-09-21T00:00:00Z,301.1100000000
1972-09-22T00:00:00Z,301.1100000000
1972-09-25T00:00:00Z,301.1100000000
1972-09-26T00:00:00Z,301.1100000000
1972-09-27T00:00:00Z,301.0200000000
1972-09-28T00:00:00Z,301.1100000000
1972-09-29T00:00:00Z,301.1100000000
1972-10-02T00:00:00Z,301.1100000000
1972-10-03T00:00:00Z,301.1100000000
1972-10-04T00:00:00Z,301.1100000000
1972-10-05T00:00:00Z,301.1100000000
1972-10-06T00:00:00Z,300.9300000000
1972-10-10T00:00:00Z,300.9300000000
1972-10-11T00:00:00Z,301.0200000000
1972-10-12T00:00:00Z,301.0200000000
1972-10-13T00:00:00Z,301.1100000000
1972-10-16T00:00:00Z,301.1100000000
1972-10-17T00:00:00Z,301.1100000000
1972-10-18T00:00:00Z,301.1100000000
1972-10-19T00:00:00Z,301.0200000000
1972-10-20T00:00:00Z,300.7500000000
1972-10-24T00:00:00Z,301.0200000000
1972-10-25T00:00:00Z,301.2000000000
1972-10-26T00:00:00Z,300.8400000000
1972-10-27T00:00:00Z,300.4800000000
1972-10-30T00:00:00Z,301.0200000000
1972-10-31T00:00:00Z,301.1100000000
1972-11-01T00:00:00Z,301.0200000000
1972-11-02T00:00:00Z,300.6600000000
1972-11-03T00:00:00Z,299.9400000000
1972-11-06T00:00:00Z,301.0200000000
1972-11-08T00:00:00Z,301.0200000000
1972-11-09T00:00:00Z,301.0200000000
1972-11-10T00:00:00Z,300.9300000000
1972-11-13T00:00:00Z,301.0200000000
1972-11-14T00:00:00Z,301.0200000000
1972-11-15T00:00:00Z,301.1100000000
1972-11-16T00:00:00Z,301.1100000000
1972-11-17T00:00:00Z,301.0200000000
1972-11-20T00:00:00Z,301.1100000000
1972-11-21T00:00:00Z,301.1100000000
1972-11-22T00:00:00Z,301.1100000000
1972-11-24T00:00:00Z,301.0200000000
1972-11-27T00:00:00Z,301.1100000000
1972-11-28T00:00:00Z,301.2000000000
1972-11-29T00:00:00Z,301.1100000000
1972-11-30T00:00:00Z,301.1100000000
1972-12-01T00:00:00Z,301.1100000000
1972-12-04T00:00:00Z,301.1100000000
1972-12-05T00:00:00Z,301.1100000000
1972-12-06T00:00:00Z,301.1100000000
1972-12-07T00:00:00Z,301.1100000000
1972-12-08T00:00:00Z,301.1100000000
1972-12-11T00:00:00Z,301.0700000000
1972-12-12T00:00:00Z,301.1100000000
1972-12-13T00:00:00Z,301.1100000000
1972-12-14T00:00:00Z,301.1100000000
1972-12-15T00:00:00Z,301.1100000000
1972-12-18T00:00:00Z,301.1100000000
1972-12-19T00:00:00Z,301.1100000000
1972-12-20T00:00:00Z,301.1100000000
1972-12-21T00:00:00Z,301.1100000000
1972-12-22T00:00:00Z,301.1100000000
1972-12-26T00:00:00Z,301.3900000000
1972-12-27T00:00:00Z,302.0200000000
1972-12-28T00:00:00Z,302.0200000000
1972-12-29T00:00:00Z,301.6600000000
1973-01-02T00:00:00Z,301.3900000000
1973-01-03T00:00:00Z,301.4300000000
1973-01-04T00:00:00Z,301.2000000000
1973-01-05T00:00:00Z,301.3000000000
1973-01-08T00:00:00Z,302.2100000000
1973-01-09T00:00:00Z,302.0700000000
1973-01-10T00:00:00Z,301.8400000000
1973-01-11T00:00:00Z,301.4800000000
1973-01-12T00:00:00Z,301.6600000000
1973-01-15T00:00:00Z,301.6600000000
1973-01-16T00:00:00Z,301.9300000000
1973-01-17T00:00:00Z,302.1100000000
1973-01-18T00:00:00Z,302.2100000000
1973-01-19T00:00:00Z,302.5700000000
1973-01-22T00:00:00Z,302.4800000000
1973-01-23T00:00:00Z,301.6600000000
1973-01-24T00:00:00Z,302.1100000000
1973-01-25T00:00:00Z,301.8400000000
1973-01-26T00:00:00Z,301.7500000000
1973-01-29T00:00:00Z,301.6600000000
1973-01-30T00:00:00Z,301.3900000000
1973-01-31T00:00:00Z,301.3900000000
1973-02-01T00:00:00Z,300.9300000000
1973-02-02T00:00:00Z,299.5800000000
1973-02-05T00:00:00Z,300.7500000000
1973-02-06T00:00:00Z,299.8500000000
1973-02-07T00:00:00Z,299.8500000000
1973-02-08T00:00:00Z,299.4000000000
1973-02-09T00:00:00Z,293.2600000000
1973-02-13T00:00:00Z,266.6700000000
1973-02-14T00:00:00Z,265.9600000000
1973-02-15T00:00:00Z,263.0200000000
1973-02-16T00:00:00Z,263.8500000000
1973-02-20T00:00:00Z,265.9600000000
1973-02-21T00:00:00Z,264.9000000000
1973-02-22T00:00:00Z,265.4600000000
1973-02-23T00:00:00Z,264.9000000000
1973-02-26T00:00:00Z,265.6000000000
1973-02-27T00:00:00Z,265.9600000000
1973-02-28T00:00:00Z,265.6700000000
1973-03-01T00:00:00Z,265.6000000000
1973-03-02T00:00:00Z,262.1200000000
1973-03-05T00:00:00Z,259.0700000000
1973-03-06T00:00:00Z,261.7800000000
1973-03-07T00:00:00Z,261.9200000000
1973-03-08T00:00:00Z,261.4400000000
1973-03-09T00:00:00Z,260.4200000000
1973-03-12T00:00:00Z,257.0700000000
1973-03-13T00:00:00Z,254.9700000000
1973-03-14T00:00:00Z,254.4500000000
1973-03-15T00:00:00Z,255.7500000000
1973-03-16T00:00:00Z,260.0800000000
1973-03-19T00:00:00Z,263.1600000000
1973-03-20T00:00:00Z,263.1600000000
1973-03-21T00:00:00Z,263.1600000000
1973-03-22T00:00:00Z,263.5000000000
1973-03-23T00:00:00Z,266.0300000000
1973-03-26T00:00:00Z,265.5300000000
1973-03-27T00:00:00Z,265.3900000000
1973-03-28T00:00:00Z,265.6000000000
1973-03-29T00:00:00Z,265.6700000000
1973-03-30T00:00:00Z,265.9600000000
1973-04-02T00:00:00Z,266.0300000000
1973-04-03T00:00:00Z,265.4600000000
1973-04-04T00:00:00Z,264.9700000000
1973-04-05T00:00:00Z,264.5500000000
1973-04-06T00:00:00Z,264.7600000000
1973-04-09T00:00:00Z,265.5300000000
1973-04-10T00:00:00Z,265.5300000000
1973-04-11T00:00:00Z,265.6700000000
1973-04-12T00:00:00Z,266.0300000000
1973-04-13T00:00:00Z,265.8900000000
1973-04-16T00:00:00Z,265.6000000000
1973-04-17T00:00:00Z,265.4600000000
1973-04-18T00:00:00Z,265.4600000000
1973-04-19T00:00:00Z,265.5300000000
1973-04-20T00:00:00Z,265.6000000000
1973-04-23T00:00:00Z,265.6000000000
1973-04-24T00:00:00Z,265.4600000000
1973-04-25T00:00:00Z,265.4600000000
1973-04-26T00:00:00Z,265.6000000000
1973-04-27T00:00:00Z,265.6000000000
1973-04-30T00:00:00Z,265.5300000000
1973-05-01T00:00:00Z,265.5300000000
1973-05-02T00:00:00Z,265.5300000000
1973-05-03T00:00:00Z,265.5300000000
1973-05-04T00:00:00Z,265.5300000000
1973-05-07T00:00:00Z,265.5300000000
1973-05-08T00:00:00Z,265.6700000000
1973-05-09T00:00:00Z,265.0400000000
1973-05-10T00:00:00Z,265.0400000000
1973-05-11T00:00:00Z,265.4600000000
1973-05-14T00:00:00Z,264.7600000000
1973-05-15T00:00:00Z,262.4700000000
1973-05-16T00:00:00Z,262.9500000000
1973-05-17T00:00:00Z,264.4800000000
1973-05-18T00:00:00Z,264.2700000000
1973-05-21T00:00:00Z,262.9500000000
1973-05-22T00:00:00Z,263.5700000000
1973-05-23T00:00:00Z,264.2000000000
1973-05-24T00:00:00Z,264.5500000000
1973-05-25T00:00:00Z,264.8300000000
1973-05-29T00:00:00Z,264.9000000000
1973-05-30T00:00:00Z,264.8300000000
1973-05-31T00:00:00Z,264.6900000000
1973-06-01T00:00:00Z,264.0600000000
1973-06-04T00:00:00Z,262.8800000000
1973-06-05T00:00:00Z,262.8800000000
1973-06-06T00:00:00Z,264.1300000000
1973-06-07T00:00:00Z,264.2700000000
1973-06-08T00:00:00Z,264.4100000000
1973-06-11T00:00:00Z,264.6900000000
1973-06-12T00:00:00Z,264.6900000000
1973-06-13T00:00:00Z,264.6200000000
1973-06-14T00:00:00Z,264.6900000000
1973-06-15T00:00:00Z,264.6900000000
1973-06-18T00:00:00Z,264.6900000000
1973-06-19T00:00:00Z,264.8300000000
1973-06-20T00:00:00Z,264.9700000000
1973-06-21T00:00:00Z,265.0400000000
1973-06-22T00:00:00Z,265.0400000000
1973-06-25T00:00:00Z,265.1800000000
1973-06-26T00:00:00Z,265.1800000000
1973-06-27T00:00:00Z,265.1800000000
1973-06-28T00:00:00Z,265.1800000000
1973-06-29T00:00:00Z,263.1600000000
1973-07-02T00:00:00Z,265.2500000000
1973-07-03T00:00:00Z,265.0400000000
1973-07-05T00:00:00Z,265.1100000000
1973-07-06T00:00:00Z,262.1200000000
1973-07-09T00:00:00Z,259.4000000000
1973-07-10T00:00:00Z,263.1600000000
1973-07-11T00:00:00Z,264.8300000000
1973-07-12T00:00:00Z,264.7600000000
1973-07-13T00:00:00Z,265.0400000000
1973-07-16T00:00:00Z,265.1100000000
1973-07-17T00:00:00Z,265.2500000000
1973-07-18T00:00:00Z,265.1100000000
1973-07-19T00:00:00Z,265.1800000000
1973-07-20T00:00:00Z,265.6000000000
1973-07-23T00:00:00Z,266.1700000000
1973-07-24T00:00:00Z,265.6000000000
1973-07-25T00:00:00Z,265.5300000000
1973-07-26T00:00:00Z,265.6000000000
1973-07-27T00:00:00Z,264.7600000000
1973-07-30T00:00:00Z,263.5700000000
1973-07-31T00:00:00Z,263.4400000000
1973-08-01T00:00:00Z,263.4400000000
1973-08-02T00:00:00Z,264.7600000000
1973-08-03T00:00:00Z,265.3900000000
1973-08-06T00:00:00Z,265.1100000000
1973-08-07T00:00:00Z,265.2500000000
1973-08-08T00:00:00Z,265.1800000000
1973-08-09T00:00:00Z,265.1100000000
1973-08-10T00:00:00Z,265.2500000000
1973-08-13T00:00:00Z,265.4600000000
1973-08-14T00:00:00Z,265.4600000000
1973-08-15T00:00:00Z,265.4600000000
1973-08-16T00:00:00Z,265.3900000000
1973-08-17T00:00:00Z,265.5300000000
1973-08-20T00:00:00Z,265.6000000000
1973-08-21T00:00:00Z,265.1800000000
1973-08-22T00:00:00Z,265.2500000000
1973-08-23T00:00:00Z,265.2500000000
1973-08-24T00:00:00Z,265.2500000000
1973-08-27T00:00:00Z,265.3200000000
1973-08-28T00:00:00Z,265.3200000000
1973-08-29T00:00:00Z,265.3200000000
1973-08-30T00:00:00Z,265.3900000000
1973-08-31T00:00:00Z,265.3900000000
1973-09-04T00:00:00Z,265.4600000000
1973-09-05T00:00:00Z,265.3900000000
1973-09-06T00:00:00Z,265.3900000000
1973-09-07T00:00:00Z,265.3900000000
1973-09-10T00:00:00Z,265.3900000000
1973-09-11T00:00:00Z,265.4600000000
1973-09-12T00:00:00Z,265.6000000000
1973-09-13T00:00:00Z,265.6000000000
1973-09-14T00:00:00Z,265.6000000000
1973-09-17T00:00:00Z,265.5300000000
1973-09-18T00:00:00Z,265.5300000000
1973-09-19T00:00:00Z,265.4600000000
1973-09-20T00:00:00Z,265.3900000000
1973-09-21T00:00:00Z,265.2500000000
1973-09-24T00:00:00Z,265.3900000000
1973-09-25T00:00:00Z,265.4600000000
1973-09-26T00:00:00Z,265.5300000000
1973-09-27T00:00:00Z,265.6000000000
1973-09-28T00:00:00Z,265.6000000000
1973-10-01T00:00:00Z,265.6000000000
1973-10-02T00:00:00Z,265.7500000000
1973-10-03T00:00:00Z,265.8900000000
1973-10-04T00:00:00Z,265.9600000000
1973-10-05T00:00:00Z,266.1700000000
1973-10-09T00:00:00Z,266.3100000000
1973-10-10T00:00:00Z,266.3100000000
1973-10-11T00:00:00Z,266.2400000000
1973-10-12T00:00:00Z,266.2400000000
1973-10-15T00:00:00Z,266.4500000000
1973-10-16T00:00:00Z,266.4500000000
1973-10-17T00:00:00Z,266.3800000000
1973-10-18T00:00:00Z,266.3100000000
1973-10-19T00:00:00Z,266.3800000000
1973-10-23T00:00:00Z,266.4500000000
1973-10-24T00:00:00Z,266.3800000000
1973-10-25T00:00:00Z,266.4500000000
1973-10-26T00:00:00Z,266.6700000000
1973-10-29T00:00:00Z,266.7400000000
1973-10-30T00:00:00Z,266.9500000000
1973-10-31T00:00:00Z,266.9500000000
1973-11-01T00:00:00Z,270.2700000000
1973-11-02T00:00:00Z,276.0100000000
1973-11-05T00:00:00Z,275.1800000000
1973-11-07T00:00:00Z,275.1800000000
1973-11-08T00:00:00Z,275.2500000000
1973-11-09T00:00:00Z,275.3300000000
1973-11-12T00:00:00Z,275.2500000000
1973-11-13T00:00:00Z,280.1900000000
1973-11-14T00:00:00Z,280.6600000000
1973-11-15T00:00:00Z,280.2700000000
1973-11-16T00:00:00Z,280.1100000000
1973-11-19T00:00:00Z,280.1100000000
1973-11-20T00:00:00Z,280.4300000000
1973-11-21T00:00:00Z,280.1100000000
1973-11-23T00:00:00Z,280.6600000000
1973-11-26T00:00:00Z,280.1100000000
1973-11-27T00:00:00Z,280.1100000000
1973-11-28T00:00:00Z,279.8000000000
1973-11-29T00:00:00Z,280.1100000000
1973-11-30T00:00:00Z,280.1100000000
1973-12-03T00:00:00Z,280.1100000000
1973-12-04T00:00:00Z,280.1100000000
1973-12-05T00:00:00Z,280.1100000000
1973-12-06T00:00:00Z,280.1100000000
1973-12-07T00:00:00Z,280.1100000000
1973-12-10T00:00:00Z,280.1100000000
1973-12-11T00:00:00Z,280.1100000000
1973-12-12T00:00:00Z,280.0300000000
1973-12-13T00:00:00Z,280.1100000000
1973-12-14T00:00:00Z,280.1100000000
1973-12-17T00:00:00Z,280.1100000000
1973-12-18T00:00:00Z,280.1100000000
1973-12-19T00:00:00Z,280.1100000000
1973-12-20T00:00:00Z,280.1100000000
1973-12-21T00:00:00Z,280.1100000000
1973-12-24T00:00:00Z,280.3500000000
1973-12-26T00:00:00Z,280.2700000000
1973-12-27T00:00:00Z,280.6600000000
1973-12-28T00:00:00Z,280.4300000000
1973-12-31T00:00:00Z,280.2700000000
1974-01-02T00:00:00Z,280.8200000000
1974-01-03T00:00:00Z,283.6900000000
1974-01-04T00:00:00Z,282.0900000000
1974-01-07T00:00:00Z,300.3000000000
1974-01-08T00:00:00Z,299.9400000000
1974-01-09T00:00:00Z,299.9400000000
1974-01-10T00:00:00Z,299.9400000000
1974-01-11T00:00:00Z,300.0300000000
1974-01-14T00:00:00Z,300.1200000000
1974-01-15T00:00:00Z,300.1200000000
1974-01-16T00:00:00Z,300.1200000000
1974-01-17T00:00:00Z,300.1200000000
1974-01-18T00:00:00Z,300.1200000000
1974-01-21T00:00:00Z,305.3400000000
1974-01-22T00:00:00Z,304.8800000000
1974-01-23T00:00:00Z,303.5800000000
1974-01-24T00:00:00Z,300.1200000000
1974-01-25T00:00:00Z,299.8000000000
1974-01-28T00:00:00Z,299.8500000000
1974-01-29T00:00:00Z,300.0300000000
1974-01-30T00:00:00Z,299.2200000000
1974-01-31T00:00:00Z,298.7700000000
1974-02-01T00:00:00Z,298.8600000000
1974-02-04T00:00:00Z,297.0000000000
1974-02-05T00:00:00Z,293.6900000000
1974-02-06T00:00:00Z,297.6200000000
1974-02-07T00:00:00Z,296.8200000000
1974-02-08T00:00:00Z,296.3000000000
1974-02-11T00:00:00Z,295.5100000000
1974-02-13T00:00:00Z,291.8900000000
1974-02-14T00:00:00Z,291.5500000000
1974-02-15T00:00:00Z,293.1700000000
1974-02-19T00:00:00Z,290.1100000000
1974-02-20T00:00:00Z,289.0200000000
1974-02-21T00:00:00Z,282.0900000000
1974-02-22T00:00:00Z,280.5800000000
1974-02-25T00:00:00Z,283.3700000000
1974-02-26T00:00:00Z,286.5300000000
1974-02-27T00:00:00Z,287.0300000000
1974-02-28T00:00:00Z,288.4300000000
1974-03-01T00:00:00Z,292.0600000000
1974-03-04T00:00:00Z,292.7400000000
1974-03-05T00:00:00Z,289.4400000000
1974-03-06T00:00:00Z,287.0300000000
1974-03-07T00:00:00Z,286.8600000000
1974-03-08T00:00:00Z,287.1900000000
1974-03-11T00:00:00Z,285.7100000000
1974-03-12T00:00:00Z,281.6900000000
1974-03-13T00:00:00Z,282.3300000000
1974-03-14T00:00:00Z,282.8900000000
1974-03-15T00:00:00Z,282.4900000000
1974-03-18T00:00:00Z,281.9300000000
1974-03-19T00:00:00Z,280.9800000000
1974-03-20T00:00:00Z,280.1900000000
1974-03-21T00:00:00Z,279.1000000000
1974-03-22T00:00:00Z,276.7800000000
1974-03-25T00:00:00Z,275.1800000000
1974-03-26T00:00:00Z,274.8800000000
1974-03-27T00:00:00Z,275.4800000000
1974-03-28T00:00:00Z,274.4200000000
1974-03-29T00:00:00Z,276.0900000000
1974-04-01T00:00:00Z,280.1100000000
1974-04-02T00:00:00Z,275.4800000000
1974-04-03T00:00:00Z,275.8600000000
1974-04-04T00:00:00Z,278.3200000000
1974-04-05T00:00:00Z,279.3300000000
1974-04-08T00:00:00Z,278.0100000000
1974-04-09T00:00:00Z,279.2500000000
1974-04-10T00:00:00Z,278.0100000000
1974-04-11T00:00:00Z,276.7800000000
1974-04-12T00:00:00Z,278.5500000000
1974-04-15T00:00:00Z,278.5500000000
1974-04-16T00:00:00Z,276.9300000000
1974-04-17T00:00:00Z,276.4000000000
1974-04-18T00:00:00Z,276.4000000000
1974-04-19T00:00:00Z,276.9300000000
1974-04-22T00:00:00Z,277.3900000000
1974-04-23T00:00:00Z,275.5600000000
1974-04-24T00:00:00Z,276.2400000000
1974-04-25T00:00:00Z,278.1600000000
1974-04-26T00:00:00Z,279.8000000000
1974-04-29T00:00:00Z,279.3300000000
1974-04-30T00:00:00Z,279.6400000000
1974-05-01T00:00:00Z,279.4100000000
1974-05-02T00:00:00Z,279.9600000000
1974-05-03T00:00:00Z,279.8000000000
1974-05-06T00:00:00Z,279.4100000000
1974-05-07T00:00:00Z,279.5600000000
1974-05-08T00:00:00Z,277.6200000000
1974-05-09T00:00:00Z,277.6200000000
1974-05-10T00:00:00Z,277.6200000000
1974-05-13T00:00:00Z,277.6200000000
1974-05-14T00:00:00Z,277.7800000000
1974-05-15T00:00:00Z,277.3900000000
1974-05-16T00:00:00Z,277.6200000000
1974-05-17T00:00:00Z,277.7000000000
1974-05-20T00:00:00Z,278.2400000000
1974-05-21T00:00:00Z,279.1000000000
1974-05-22T00:00:00Z,279.8800000000
1974-05-23T00:00:00Z,279.5600000000
1974-05-24T00:00:00Z,279.4900000000
1974-05-28T00:00:00Z,279.3300000000
1974-05-29T00:00:00Z,279.7200000000
1974-05-30T00:00:00Z,280.9000000000
1974-05-31T00:00:00Z,281.9300000000
1974-06-03T00:00:00Z,283.6900000000
1974-06-04T00:00:00Z,282.8900000000
1974-06-05T00:00:00Z,281.8500000000
1974-06-06T00:00:00Z,281.9300000000
1974-06-07T00:00:00Z,282.6500000000
1974-06-10T00:00:00Z,282.1700000000
1974-06-11T00:00:00Z,282.2500000000
1974-06-12T00:00:00Z,282.9700000000
1974-06-13T00:00:00Z,282.4900000000
1974-06-14T00:00:00Z,282.5700000000
1974-06-17T00:00:00Z,282.7300000000
1974-06-18T00:00:00Z,282.7300000000
1974-06-19T00:00:00Z,282.6500000000
1974-06-20T00:00:00Z,282.8900000000
1974-06-21T00:00:00Z,283.2100000000
1974-06-24T00:00:00Z,283.6100000000
1974-06-25T00:00:00Z,283.8500000000
1974-06-26T00:00:00Z,284.0900000000
1974-06-27T00:00:00Z,283.9300000000
1974-06-28T00:00:00Z,284.2500000000
1974-07-01T00:00:00Z,285.3100000000
1974-07-02T00:00:00Z,286.6100000000
1974-07-03T00:00:00Z,285.8800000000
1974-07-05T00:00:00Z,287.3600000000
1974-07-08T00:00:00Z,287.9400000000
1974-07-09T00:00:00Z,288.4300000000
1974-07-10T00:00:00Z,290.7000000000
1974-07-11T00:00:00Z,291.9700000000
1974-07-12T00:00:00Z,289.1800000000
1974-07-15T00:00:00Z,288.8500000000
1974-07-16T00:00:00Z,288.1000000000
1974-07-17T00:00:00Z,289.9400000000
1974-07-18T00:00:00Z,290.3600000000
1974-07-19T00:00:00Z,290.7000000000
1974-07-22T00:00:00Z,291.2900000000
1974-07-23T00:00:00Z,292.7400000000
1974-07-24T00:00:00Z,292.8300000000
1974-07-25T00:00:00Z,293.9400000000
1974-07-26T00:00:00Z,295.4200000000
1974-07-29T00:00:00Z,298.2400000000
1974-07-30T00:00:00Z,297.5300000000
1974-07-31T00:00:00Z,298.2400000000
1974-08-01T00:00:00Z,299.5800000000
1974-08-02T00:00:00Z,300.1200000000
1974-08-05T00:00:00Z,300.2100000000
1974-08-06T00:00:00Z,300.7500000000
1974-08-07T00:00:00Z,302.1100000000
1974-08-08T00:00:00Z,302.7500000000
1974-08-09T00:00:00Z,302.5700000000
1974-08-12T00:00:00Z,302.1100000000
1974-08-13T00:00:00Z,301.8400000000
1974-08-14T00:00:00Z,302.4800000000
1974-08-15T00:00:00Z,302.7500000000
1974-08-16T00:00:00Z,302.9400000000
1974-08-19T00:00:00Z,303.1200000000
1974-08-20T00:00:00Z,303.1200000000
1974-08-21T00:00:00Z,303.4900000000
1974-08-22T00:00:00Z,303.8600000000
1974-08-23T00:00:00Z,303.1200000000
1974-08-26T00:00:00Z,302.8500000000
1974-08-27T00:00:00Z,302.1100000000
1974-08-28T00:00:00Z,302.4800000000
1974-08-29T00:00:00Z,302.9400000000
1974-08-30T00:00:00Z,302.9400000000
1974-09-03T00:00:00Z,302.6600000000
1974-09-04T00:00:00Z,302.7500000000
1974-09-05T00:00:00Z,302.5700000000
1974-09-06T00:00:00Z,302.6600000000
1974-09-09T00:00:00Z,302.4800000000
1974-09-10T00:00:00Z,302.7500000000
1974-09-11T00:00:00Z,302.1100000000
1974-09-12T00:00:00Z,301.2000000000
1974-09-13T00:00:00Z,299.5800000000
1974-09-16T00:00:00Z,299.4000000000
1974-09-17T00:00:00Z,296.1200000000
1974-09-18T00:00:00Z,296.0300000000
1974-09-19T00:00:00Z,296.8200000000
1974-09-20T00:00:00Z,295.8600000000
1974-09-23T00:00:00Z,295.8600000000
1974-09-24T00:00:00Z,294.8100000000
1974-09-25T00:00:00Z,296.2100000000
1974-09-26T00:00:00Z,296.7400000000
1974-09-27T00:00:00Z,296.7400000000
1974-09-30T00:00:00Z,298.3300000000
1974-10-01T00:00:00Z,298.1500000000
1974-10-02T00:00:00Z,297.9700000000
1974-10-03T00:00:00Z,299.0400000000
1974-10-04T00:00:00Z,299.0400000000
1974-10-07T00:00:00Z,300.0300000000
1974-10-08T00:00:00Z,299.7600000000
1974-10-09T00:00:00Z,298.6900000000
1974-10-10T00:00:00Z,298.7700000000
1974-10-11T00:00:00Z,299.1300000000
1974-10-15T00:00:00Z,299.1300000000
1974-10-16T00:00:00Z,299.0400000000
1974-10-17T00:00:00Z,298.9500000000
1974-10-18T00:00:00Z,299.3100000000
1974-10-21T00:00:00Z,299.6700000000
1974-10-22T00:00:00Z,299.9400000000
1974-10-23T00:00:00Z,299.6700000000
1974-10-24T00:00:00Z,299.9400000000
1974-10-25T00:00:00Z,299.8500000000
1974-10-28T00:00:00Z,300.1200000000
1974-10-29T00:00:00Z,299.9400000000
1974-10-30T00:00:00Z,299.9400000000
1974-10-31T00:00:00Z,299.9400000000
1974-11-01T00:00:00Z,300.4800000000
1974-11-04T00:00:00Z,300.4800000000
1974-11-06T00:00:00Z,300.4800000000
1974-11-07T00:00:00Z,299.7600000000
1974-11-08T00:00:00Z,299.6700000000
1974-11-12T00:00:00Z,300.3000000000
1974-11-13T00:00:00Z,300.1200000000
1974-11-14T00:00:00Z,300.3000000000
1974-11-15T00:00:00Z,299.9400000000
1974-11-18T00:00:00Z,299.6700000000
1974-11-19T00:00:00Z,299.9400000000
1974-11-20T00:00:00Z,299.9400000000
1974-11-21T00:00:00Z,299.9400000000
1974-11-22T00:00:00Z,299.8500000000
1974-11-25T00:00:00Z,300.2100000000
1974-11-26T00:00:00Z,300.1200000000
1974-11-27T00:00:00Z,299.8500000000
1974-11-29T00:00:00Z,300.3000000000
1974-12-02T00:00:00Z,300.3900000000
1974-12-03T00:00:00Z,300.0300000000
1974-12-04T00:00:00Z,299.7600000000
1974-12-05T00:00:00Z,300.0300000000
1974-12-06T00:00:00Z,299.9400000000
1974-12-09T00:00:00Z,299.8500000000
1974-12-10T00:00:00Z,299.7600000000
1974-12-11T00:00:00Z,299.7600000000
1974-12-12T00:00:00Z,300.0300000000
1974-12-13T00:00:00Z,300.0300000000
1974-12-16T00:00:00Z,300.3000000000
1974-12-17T00:00:00Z,300.4800000000
1974-12-18T00:00:00Z,300.6600000000
1974-12-19T00:00:00Z,300.8400000000
1974-12-20T00:00:00Z,301.1100000000
1974-12-23T00:00:00Z,301.0200000000
1974-12-24T00:00:00Z,301.2000000000
1974-12-26T00:00:00Z,301.1100000000
1974-12-27T00:00:00Z,300.7500000000
1974-12-30T00:00:00Z,300.5700000000
1974-12-31T00:00:00Z,301.0200000000
1975-01-02T00:00:00Z,300.6600000000
1975-01-03T00:00:00Z,300.8400000000
1975-01-06T00:00:00Z,301.0200000000
1975-01-07T00:00:00Z,300.9300000000
1975-01-08T00:00:00Z,300.7500000000
1975-01-09T00:00:00Z,300.8400000000
1975-01-10T00:00:00Z,300.8400000000
1975-01-13T00:00:00Z,300.9300000000
1975-01-14T00:00:00Z,300.9300000000
1975-01-15T00:00:00Z,301.0200000000
1975-01-16T00:00:00Z,300.7500000000
1975-01-17T00:00:00Z,300.8400000000
1975-01-20T00:00:00Z,301.0200000000
1975-01-21T00:00:00Z,300.8400000000
1975-01-22T00:00:00Z,300.3000000000
1975-01-23T00:00:00Z,299.6700000000
1975-01-24T00:00:00Z,295.3300000000
1975-01-27T00:00:00Z,294.9900000000
1975-01-28T00:00:00Z,297.4400000000
1975-01-29T00:00:00Z,297.3500000000
1975-01-30T00:00:00Z,297.8000000000
1975-01-31T00:00:00Z,297.9700000000
1975-02-03T00:00:00Z,297.4400000000
1975-02-04T00:00:00Z,297.0900000000
1975-02-05T00:00:00Z,297.2700000000
1975-02-06T00:00:00Z,297.0000000000
1975-02-07T00:00:00Z,295.6000000000
1975-02-10T00:00:00Z,292.4000000000
1975-02-11T00:00:00Z,291.6300000000
1975-02-13T00:00:00Z,292.8300000000
1975-02-14T00:00:00Z,293.2600000000
1975-02-18T00:00:00Z,293.3400000000
1975-02-19T00:00:00Z,291.5500000000
1975-02-20T00:00:00Z,291.1200000000
1975-02-21T00:00:00Z,289.5200000000
1975-02-24T00:00:00Z,285.8800000000
1975-02-25T00:00:00Z,285.9600000000
1975-02-26T00:00:00Z,285.6300000000
1975-02-27T00:00:00Z,285.8800000000
1975-02-28T00:00:00Z,286.4500000000
1975-03-03T00:00:00Z,285.3900000000
1975-03-04T00:00:00Z,284.6600000000
1975-03-05T00:00:00Z,285.2300000000
1975-03-06T00:00:00Z,285.7100000000
1975-03-07T00:00:00Z,285.9600000000
1975-03-10T00:00:00Z,286.2100000000
1975-03-11T00:00:00Z,286.1200000000
1975-03-12T00:00:00Z,287.2700000000
1975-03-13T00:00:00Z,288.8500000000
1975-03-14T00:00:00Z,288.1000000000
1975-03-17T00:00:00Z,286.5300000000
1975-03-18T00:00:00Z,287.1900000000
1975-03-19T00:00:00Z,288.1800000000
1975-03-20T00:00:00Z,287.1900000000
1975-03-21T00:00:00Z,287.4400000000
1975-03-24T00:00:00Z,287.7700000000
1975-03-25T00:00:00Z,290.0200000000
1975-03-26T00:00:00Z,290.5300000000
1975-03-27T00:00:00Z,292.0600000000
1975-03-28T00:00:00Z,292.4800000000
1975-03-31T00:00:00Z,294.0300000000
1975-04-01T00:00:00Z,290.8700000000
1975-04-02T00:00:00Z,291.5500000000
1975-04-03T00:00:00Z,292.3100000000
1975-04-04T00:00:00Z,292.2300000000
1975-04-07T00:00:00Z,291.9700000000
1975-04-08T00:00:00Z,291.8900000000
1975-04-09T00:00:00Z,291.8900000000
1975-04-10T00:00:00Z,291.8000000000
1975-04-11T00:00:00Z,291.1200000000
1975-04-14T00:00:00Z,291.2900000000
1975-04-15T00:00:00Z,290.9500000000
1975-04-16T00:00:00Z,291.3800000000
1975-04-17T00:00:00Z,291.7200000000
1975-04-18T00:00:00Z,291.8000000000
1975-04-21T00:00:00Z,292.8300000000
1975-04-22T00:00:00Z,292.8300000000
1975-04-23T00:00:00Z,292.7400000000
1975-04-24T00:00:00Z,292.8300000000
1975-04-25T00:00:00Z,293.6900000000
1975-04-28T00:00:00Z,294.5500000000
1975-04-29T00:00:00Z,293.8600000000
1975-04-30T00:00:00Z,292.2300000000
1975-05-01T00:00:00Z,292.1400000000
1975-05-02T00:00:00Z,290.3600000000
1975-05-05T00:00:00Z,290.4400000000
1975-05-06T00:00:00Z,291.3800000000
1975-05-07T00:00:00Z,291.2100000000
1975-05-08T00:00:00Z,291.3800000000
1975-05-09T00:00:00Z,291.4600000000
1975-05-12T00:00:00Z,291.2900000000
1975-05-13T00:00:00Z,291.4600000000
1975-05-14T00:00:00Z,291.8000000000
1975-05-15T00:00:00Z,291.6300000000
1975-05-16T00:00:00Z,291.5500000000
1975-05-19T00:00:00Z,291.8000000000
1975-05-20T00:00:00Z,292.2300000000
1975-05-21T00:00:00Z,292.0600000000
1975-05-22T00:00:00Z,291.8900000000
1975-05-23T00:00:00Z,291.0400000000
1975-05-27T00:00:00Z,291.2900000000
1975-05-28T00:00:00Z,290.7000000000
1975-05-29T00:00:00Z,291.3800000000
1975-05-30T00:00:00Z,291.5500000000
1975-06-02T00:00:00Z,291.4600000000
1975-06-03T00:00:00Z,291.0400000000
1975-06-04T00:00:00Z,291.2900000000
1975-06-05T00:00:00Z,292.2300000000
1975-06-06T00:00:00Z,291.8000000000
1975-06-09T00:00:00Z,291.8000000000
1975-06-10T00:00:00Z,291.8900000000
1975-06-11T00:00:00Z,291.8900000000
1975-06-12T00:00:00Z,292.4800000000
1975-06-13T00:00:00Z,292.6500000000
1975-06-16T00:00:00Z,294.1200000000
1975-06-17T00:00:00Z,293.4300000000
1975-06-18T00:00:00Z,294.1200000000
1975-06-19T00:00:00Z,294.1200000000
1975-06-20T00:00:00Z,293.9400000000
1975-06-23T00:00:00Z,294.7200000000
1975-06-24T00:00:00Z,295.3300000000
1975-06-25T00:00:00Z,297.0000000000
1975-06-26T00:00:00Z,295.7700000000
1975-06-27T00:00:00Z,296.0300000000
1975-06-30T00:00:00Z,295.6800000000
1975-07-01T00:00:00Z,295.6800000000
1975-07-02T00:00:00Z,295.5100000000
1975-07-03T00:00:00Z,295.4200000000
1975-07-07T00:00:00Z,295.5100000000
1975-07-08T00:00:00Z,295.6800000000
1975-07-09T00:00:00Z,295.9500000000
1975-07-10T00:00:00Z,296.1200000000
1975-07-11T00:00:00Z,296.1200000000
1975-07-14T00:00:00Z,295.8600000000
1975-07-15T00:00:00Z,295.8600000000
1975-07-16T00:00:00Z,296.0300000000
1975-07-17T00:00:00Z,296.3000000000
1975-07-18T00:00:00Z,296.2100000000
1975-07-21T00:00:00Z,296.1200000000
1975-07-22T00:00:00Z,296.4700000000
1975-07-23T00:00:00Z,296.8200000000
1975-07-24T00:00:00Z,297.6200000000
1975-07-25T00:00:00Z,296.6500000000
1975-07-28T00:00:00Z,297.8000000000
1975-07-29T00:00:00Z,297.3500000000
1975-07-30T00:00:00Z,297.4400000000
1975-07-31T00:00:00Z,297.7100000000
1975-08-01T00:00:00Z,297.8900000000
1975-08-04T00:00:00Z,297.9700000000
1975-08-05T00:00:00Z,297.9700000000
1975-08-06T00:00:00Z,298.0600000000
1975-08-07T00:00:00Z,297.9700000000
1975-08-08T00:00:00Z,297.6200000000
1975-08-11T00:00:00Z,297.8000000000
1975-08-12T00:00:00Z,298.0600000000
1975-08-13T00:00:00Z,297.9700000000
1975-08-14T00:00:00Z,297.9700000000
1975-08-15T00:00:00Z,297.9700000000
1975-08-18T00:00:00Z,298.1500000000
1975-08-19T00:00:00Z,298.0600000000
1975-08-20T00:00:00Z,297.9700000000
1975-08-21T00:00:00Z,297.8900000000
1975-08-22T00:00:00Z,297.9700000000
1975-08-25T00:00:00Z,298.0600000000
1975-08-26T00:00:00Z,298.1500000000
1975-08-27T00:00:00Z,297.9700000000
1975-08-28T00:00:00Z,298.0600000000
1975-08-29T00:00:00Z,297.9700000000
1975-09-02T00:00:00Z,297.9700000000
1975-09-03T00:00:00Z,297.8000000000
1975-09-04T00:00:00Z,297.8900000000
1975-09-05T00:00:00Z,297.9700000000
1975-09-08T00:00:00Z,297.9700000000
1975-09-09T00:00:00Z,298.0600000000
1975-09-10T00:00:00Z,297.9700000000
1975-09-11T00:00:00Z,298.0600000000
1975-09-12T00:00:00Z,298.0600000000
1975-09-15T00:00:00Z,298.0600000000
1975-09-16T00:00:00Z,298.0600000000
1975-09-17T00:00:00Z,298.3300000000
1975-09-18T00:00:00Z,300.4800000000
1975-09-19T00:00:00Z,301.5700000000
1975-09-22T00:00:00Z,302.9400000000
1975-09-23T00:00:00Z,303.3100000000
1975-09-24T00:00:00Z,303.1200000000
1975-09-25T00:00:00Z,302.6600000000
1975-09-26T00:00:00Z,301.7500000000
1975-09-29T00:00:00Z,303.2100000000
1975-09-30T00:00:00Z,302.8500000000
1975-10-01T00:00:00Z,302.5700000000
1975-10-02T00:00:00Z,302.6600000000
1975-10-03T00:00:00Z,303.0300000000
1975-10-06T00:00:00Z,303.1200000000
1975-10-07T00:00:00Z,302.9400000000
1975-10-08T00:00:00Z,303.1200000000
1975-10-09T00:00:00Z,303.0300000000
1975-10-10T00:00:00Z,302.9400000000
1975-10-14T00:00:00Z,302.6600000000
1975-10-15T00:00:00Z,302.9400000000
1975-10-16T00:00:00Z,302.9400000000
1975-10-17T00:00:00Z,302.7600000000
1975-10-20T00:00:00Z,302.4800000000
1975-10-21T00:00:00Z,301.1100000000
1975-10-22T00:00:00Z,301.5700000000
1975-10-23T00:00:00Z,301.8400000000
1975-10-24T00:00:00Z,301.6600000000
1975-10-27T00:00:00Z,301.5700000000
1975-10-28T00:00:00Z,301.4800000000
1975-10-29T00:00:00Z,301.5700000000
1975-10-30T00:00:00Z,301.6600000000
1975-10-31T00:00:00Z,301.7500000000
1975-11-03T00:00:00Z,301.7500000000
1975-11-05T00:00:00Z,301.8400000000
1975-11-06T00:00:00Z,301.7500000000
1975-11-07T00:00:00Z,301.7500000000
1975-11-10T00:00:00Z,302.3000000000
1975-11-12T00:00:00Z,301.9300000000
1975-11-13T00:00:00Z,302.2100000000
1975-11-14T00:00:00Z,302.5700000000
1975-11-17T00:00:00Z,302.6600000000
1975-11-18T00:00:00Z,302.9400000000
1975-11-19T00:00:00Z,303.1200000000
1975-11-20T00:00:00Z,302.9400000000
1975-11-21T00:00:00Z,303.1200000000
1975-11-24T00:00:00Z,302.9400000000
1975-11-25T00:00:00Z,303.1200000000
1975-11-26T00:00:00Z,303.2100000000
1975-11-28T00:00:00Z,303.1200000000
1975-12-01T00:00:00Z,304.4100000000
1975-12-02T00:00:00Z,304.4100000000
1975-12-03T00:00:00Z,305.0600000000
1975-12-04T00:00:00Z,304.9700000000
1975-12-05T00:00:00Z,306.7500000000
1975-12-08T00:00:00Z,306.8400000000
1975-12-09T00:00:00Z,306.1900000000
1975-12-10T00:00:00Z,306.0900000000
1975-12-11T00:00:00Z,305.9000000000
1975-12-12T00:00:00Z,305.9000000000
1975-12-15T00:00:00Z,306.0000000000
1975-12-16T00:00:00Z,305.5300000000
1975-12-17T00:00:00Z,305.6200000000
1975-12-18T00:00:00Z,305.6200000000
1975-12-19T00:00:00Z,306.0900000000
1975-12-22T00:00:00Z,306.0900000000
1975-12-23T00:00:00Z,306.0000000000
1975-12-24T00:00:00Z,305.9000000000
1975-12-26T00:00:00Z,305.9000000000
1975-12-29T00:00:00Z,305.2500000000
1975-12-30T00:00:00Z,305.0600000000
1975-12-31T00:00:00Z,305.1600000000
1976-01-02T00:00:00Z,305.0600000000
1976-01-05T00:00:00Z,305.1600000000
1976-01-06T00:00:00Z,305.0600000000
1976-01-07T00:00:00Z,305.2500000000
1976-01-08T00:00:00Z,305.6200000000
1976-01-09T00:00:00Z,306.0000000000
1976-01-12T00:00:00Z,305.1600000000
1976-01-13T00:00:00Z,305.2500000000
1976-01-14T00:00:00Z,305.3400000000
1976-01-15T00:00:00Z,305.2500000000
1976-01-16T00:00:00Z,305.2500000000
1976-01-19T00:00:00Z,304.1400000000
1976-01-20T00:00:00Z,303.8600000000
1976-01-21T00:00:00Z,304.4100000000
1976-01-22T00:00:00Z,304.1400000000
1976-01-23T00:00:00Z,304.0400000000
1976-01-26T00:00:00Z,303.7700000000
1976-01-27T00:00:00Z,303.6700000000
1976-01-28T00:00:00Z,303.5800000000
1976-01-29T00:00:00Z,303.6700000000
1976-01-30T00:00:00Z,303.6700000000
1976-02-02T00:00:00Z,303.2100000000
1976-02-03T00:00:00Z,302.7600000000
1976-02-04T00:00:00Z,300.5700000000
1976-02-05T00:00:00Z,300.5700000000
1976-02-06T00:00:00Z,301.3900000000
1976-02-09T00:00:00Z,300.7500000000
1976-02-10T00:00:00Z,300.6600000000
1976-02-11T00:00:00Z,300.1200000000
1976-02-13T00:00:00Z,300.7500000000
1976-02-17T00:00:00Z,301.5700000000
1976-02-18T00:00:00Z,301.6600000000
1976-02-19T00:00:00Z,301.7500000000
1976-02-20T00:00:00Z,302.1100000000
1976-02-23T00:00:00Z,302.5700000000
1976-02-24T00:00:00Z,302.0200000000
1976-02-25T00:00:00Z,302.0200000000
1976-02-26T00:00:00Z,302.1100000000
1976-02-27T00:00:00Z,302.1100000000
1976-03-01T00:00:00Z,301.6600000000
1976-03-02T00:00:00Z,301.6600000000
1976-03-03T00:00:00Z,301.5700000000
1976-03-04T00:00:00Z,301.6600000000
1976-03-05T00:00:00Z,301.5700000000
1976-03-08T00:00:00Z,300.7500000000
1976-03-09T00:00:00Z,301.1100000000
1976-03-10T00:00:00Z,301.3000000000
1976-03-11T00:00:00Z,301.3000000000
1976-03-12T00:00:00Z,300.8400000000
1976-03-15T00:00:00Z,300.6600000000
1976-03-16T00:00:00Z,300.5700000000
1976-03-17T00:00:00Z,299.9400000000
1976-03-18T00:00:00Z,299.9400000000
1976-03-19T00:00:00Z,299.6700000000
1976-03-22T00:00:00Z,299.8500000000
1976-03-23T00:00:00Z,299.7600000000
1976-03-24T00:00:00Z,299.7600000000
1976-03-25T00:00:00Z,299.6700000000
1976-03-26T00:00:00Z,299.5800000000
1976-03-29T00:00:00Z,299.6700000000
1976-03-30T00:00:00Z,299.8500000000
1976-03-31T00:00:00Z,299.5800000000
1976-04-01T00:00:00Z,299.4900000000
1976-04-02T00:00:00Z,299.3100000000
1976-04-05T00:00:00Z,299.3100000000
1976-04-06T00:00:00Z,299.0400000000
1976-04-07T00:00:00Z,298.8600000000
1976-04-08T00:00:00Z,297.4400000000
1976-04-09T00:00:00Z,297.8900000000
1976-04-12T00:00:00Z,298.4200000000
1976-04-13T00:00:00Z,298.6000000000
1976-04-14T00:00:00Z,298.0600000000
1976-04-15T00:00:00Z,299.4000000000
1976-04-16T00:00:00Z,299.3100000000
1976-04-19T00:00:00Z,300.0300000000
1976-04-20T00:00:00Z,299.4900000000
1976-04-21T00:00:00Z,299.5800000000
1976-04-22T00:00:00Z,299.6700000000
1976-04-23T00:00:00Z,299.7600000000
1976-04-26T00:00:00Z,299.8500000000
1976-04-27T00:00:00Z,299.3100000000
1976-04-28T00:00:00Z,299.2200000000
1976-04-29T00:00:00Z,299.3100000000
1976-04-30T00:00:00Z,299.0400000000
1976-05-03T00:00:00Z,298.9500000000
1976-05-04T00:00:00Z,297.8900000000
1976-05-05T00:00:00Z,297.9700000000
1976-05-06T00:00:00Z,298.2400000000
1976-05-07T00:00:00Z,298.5100000000
1976-05-10T00:00:00Z,298.4200000000
1976-05-11T00:00:00Z,298.4200000000
1976-05-12T00:00:00Z,298.6900000000
1976-05-13T00:00:00Z,298.9500000000
1976-05-14T00:00:00Z,298.7800000000
1976-05-17T00:00:00Z,299.3100000000
1976-05-18T00:00:00Z,299.1300000000
1976-05-19T00:00:00Z,299.2200000000
1976-05-20T00:00:00Z,299.4000000000
1976-05-21T00:00:00Z,299.5800000000
1976-05-24T00:00:00Z,299.5800000000
1976-05-25T00:00:00Z,299.5800000000
1976-05-26T00:00:00Z,299.7600000000
1976-05-27T00:00:00Z,299.6700000000
1976-05-28T00:00:00Z,300.0300000000
1976-06-01T00:00:00Z,300.3900000000
1976-06-02T00:00:00Z,300.3000000000
1976-06-03T00:00:00Z,300.4800000000
1976-06-04T00:00:00Z,300.3900000000
1976-06-07T00:00:00Z,300.3000000000
1976-06-08T00:00:00Z,300.1200000000
1976-06-09T00:00:00Z,299.9400000000
1976-06-10T00:00:00Z,299.9400000000
1976-06-11T00:00:00Z,300.0300000000
1976-06-14T00:00:00Z,299.9400000000
1976-06-15T00:00:00Z,299.7600000000
1976-06-16T00:00:00Z,299.8500000000
1976-06-17T00:00:00Z,300.0300000000
1976-06-18T00:00:00Z,299.3100000000
1976-06-21T00:00:00Z,299.3100000000
1976-06-22T00:00:00Z,299.2200000000
1976-06-23T00:00:00Z,296.8200000000
1976-06-24T00:00:00Z,297.2700000000
1976-06-25T00:00:00Z,297.8000000000
1976-06-28T00:00:00Z,296.0300000000
1976-06-29T00:00:00Z,297.0000000000
1976-06-30T00:00:00Z,297.9700000000
1976-07-01T00:00:00Z,296.9100000000
1976-07-02T00:00:00Z,297.1800000000
1976-07-06T00:00:00Z,296.3800000000
1976-07-07T00:00:00Z,296.6500000000
1976-07-08T00:00:00Z,296.4700000000
1976-07-09T00:00:00Z,296.7400000000
1976-07-12T00:00:00Z,296.3800000000
1976-07-13T00:00:00Z,294.9000000000
1976-07-14T00:00:00Z,292.6500000000
1976-07-15T00:00:00Z,293.1700000000
1976-07-16T00:00:00Z,294.0300000000
1976-07-19T00:00:00Z,293.6900000000
1976-07-20T00:00:00Z,293.3400000000
1976-07-21T00:00:00Z,293.6000000000
1976-07-22T00:00:00Z,293.6900000000
1976-07-23T00:00:00Z,293.9400000000
1976-07-26T00:00:00Z,293.5100000000
1976-07-27T00:00:00Z,293.8600000000
1976-07-28T00:00:00Z,293.5100000000
1976-07-29T00:00:00Z,293.6000000000
1976-07-30T00:00:00Z,293.2600000000
1976-08-02T00:00:00Z,292.9100000000
1976-08-03T00:00:00Z,292.9100000000
1976-08-04T00:00:00Z,292.8300000000
1976-08-05T00:00:00Z,293.0000000000
1976-08-06T00:00:00Z,293.0000000000
1976-08-09T00:00:00Z,292.6500000000
1976-08-10T00:00:00Z,292.8300000000
1976-08-11T00:00:00Z,292.5700000000
1976-08-12T00:00:00Z,292.6500000000
1976-08-13T00:00:00Z,291.1200000000
1976-08-16T00:00:00Z,290.3600000000
1976-08-17T00:00:00Z,287.8500000000
1976-08-18T00:00:00Z,288.2700000000
1976-08-19T00:00:00Z,288.7700000000
1976-08-20T00:00:00Z,289.3500000000
1976-08-23T00:00:00Z,289.7700000000
1976-08-24T00:00:00Z,288.4300000000
1976-08-25T00:00:00Z,288.8500000000
1976-08-26T00:00:00Z,288.9300000000
1976-08-27T00:00:00Z,288.6000000000
1976-08-30T00:00:00Z,288.7700000000
1976-08-31T00:00:00Z,289.3500000000
1976-09-01T00:00:00Z,288.9300000000
1976-09-02T00:00:00Z,288.6800000000
1976-09-03T00:00:00Z,287.7700000000
1976-09-07T00:00:00Z,287.7700000000
1976-09-08T00:00:00Z,287.6000000000
1976-09-09T00:00:00Z,286.0400000000
1976-09-10T00:00:00Z,286.9400000000
1976-09-13T00:00:00Z,286.6200000000
1976-09-14T00:00:00Z,286.5300000000
1976-09-15T00:00:00Z,286.1200000000
1976-09-16T00:00:00Z,286.7000000000
1976-09-17T00:00:00Z,287.2700000000
1976-09-20T00:00:00Z,287.1100000000
1976-09-21T00:00:00Z,288.0200000000
1976-09-22T00:00:00Z,287.1100000000
1976-09-23T00:00:00Z,287.7700000000
1976-09-24T00:00:00Z,287.8500000000
1976-09-27T00:00:00Z,287.6000000000
1976-09-28T00:00:00Z,287.5200000000
1976-09-29T00:00:00Z,287.7700000000
1976-09-30T00:00:00Z,286.8600000000
1976-10-01T00:00:00Z,287.1100000000
1976-10-04T00:00:00Z,287.2700000000
1976-10-05T00:00:00Z,287.4400000000
1976-10-06T00:00:00Z,288.0200000000
1976-10-07T00:00:00Z,288.1000000000
1976-10-08T00:00:00Z,288.7700000000
1976-10-12T00:00:00Z,289.8600000000
1976-10-13T00:00:00Z,290.3600000000
1976-10-14T00:00:00Z,292.3100000000
1976-10-15T00:00:00Z,293.0000000000
1976-10-18T00:00:00Z,292.4800000000
1976-10-19T00:00:00Z,292.2300000000
1976-10-20T00:00:00Z,292.1400000000
1976-10-21T00:00:00Z,292.7400000000
1976-10-22T00:00:00Z,293.6900000000
1976-10-25T00:00:00Z,293.3400000000
1976-10-26T00:00:00Z,293.7700000000
1976-10-27T00:00:00Z,293.1700000000
1976-10-28T00:00:00Z,293.6000000000
1976-10-29T00:00:00Z,294.3800000000
1976-11-01T00:00:00Z,295.8600000000
1976-11-03T00:00:00Z,295.1600000000
1976-11-04T00:00:00Z,295.3300000000
1976-11-05T00:00:00Z,294.9900000000
1976-11-08T00:00:00Z,293.7700000000
1976-11-09T00:00:00Z,294.2900000000
1976-11-10T00:00:00Z,294.3800000000
1976-11-12T00:00:00Z,294.6400000000
1976-11-15T00:00:00Z,294.7200000000
1976-11-16T00:00:00Z,295.1600000000
1976-11-17T00:00:00Z,295.0700000000
1976-11-18T00:00:00Z,295.1600000000
1976-11-19T00:00:00Z,295.4200000000
1976-11-22T00:00:00Z,295.0700000000
1976-11-23T00:00:00Z,295.4200000000
1976-11-24T00:00:00Z,295.4200000000
1976-11-26T00:00:00Z,295.5100000000
1976-11-29T00:00:00Z,295.6800000000
1976-11-30T00:00:00Z,297.0900000000
1976-12-01T00:00:00Z,296.9100000000
1976-12-02T00:00:00Z,296.8200000000
1976-12-03T00:00:00Z,297.8900000000
1976-12-06T00:00:00Z,296.5600000000
1976-12-07T00:00:00Z,296.3800000000
1976-12-08T00:00:00Z,296.3000000000
1976-12-09T00:00:00Z,295.7700000000
1976-12-10T00:00:00Z,294.8100000000
1976-12-13T00:00:00Z,294.7200000000
1976-12-14T00:00:00Z,295.3300000000
1976-12-15T00:00:00Z,294.7200000000
1976-12-16T00:00:00Z,295.5100000000
1976-12-17T00:00:00Z,294.6400000000
1976-12-20T00:00:00Z,293.6000000000
1976-12-21T00:00:00Z,293.9400000000
1976-12-22T00:00:00Z,293.8600000000
1976-12-23T00:00:00Z,293.4300000000
1976-12-24T00:00:00Z,293.5100000000
1976-12-27T00:00:00Z,292.3100000000
1976-12-28T00:00:00Z,292.1400000000
1976-12-29T00:00:00Z,292.9100000000
1976-12-30T00:00:00Z,293.0000000000
1976-12-31T00:00:00Z,293.0800000000
1977-01-03T00:00:00Z,292.4800000000
1977-01-04T00:00:00Z,291.7200000000
1977-01-05T00:00:00Z,292.3100000000
1977-01-06T00:00:00Z,292.9100000000
1977-01-07T00:00:00Z,292.8300000000
1977-01-10T00:00:00Z,292.4800000000
1977-01-11T00:00:00Z,292.4800000000
1977-01-12T00:00:00Z,292.4000000000
1977-01-13T00:00:00Z,292.5700000000
1977-01-14T00:00:00Z,292.0600000000
1977-01-17T00:00:00Z,291.7200000000
1977-01-18T00:00:00Z,291.2100000000
1977-01-19T00:00:00Z,289.6000000000
1977-01-20T00:00:00Z,290.2800000000
1977-01-21T00:00:00Z,290.4400000000
1977-01-24T00:00:00Z,290.1100000000
1977-01-25T00:00:00Z,289.2700000000
1977-01-26T00:00:00Z,288.1800000000
1977-01-27T00:00:00Z,289.1000000000
1977-01-28T00:00:00Z,289.5200000000
1977-01-31T00:00:00Z,288.4300000000
1977-02-01T00:00:00Z,288.0200000000
1977-02-02T00:00:00Z,288.2700000000
1977-02-03T00:00:00Z,288.3500000000
1977-02-04T00:00:00Z,288.1000000000
1977-02-07T00:00:00Z,287.9400000000
1977-02-08T00:00:00Z,287.1100000000
1977-02-09T00:00:00Z,285.9600000000
1977-02-10T00:00:00Z,285.6300000000
1977-02-11T00:00:00Z,285.0600000000
1977-02-14T00:00:00Z,281.6900000000
1977-02-15T00:00:00Z,283.9300000000
1977-02-16T00:00:00Z,283.7700000000
1977-02-17T00:00:00Z,282.9700000000
1977-02-18T00:00:00Z,283.4500000000
1977-02-22T00:00:00Z,283.3700000000
1977-02-23T00:00:00Z,283.4500000000
1977-02-24T00:00:00Z,283.5300000000
1977-02-25T00:00:00Z,282.0100000000
1977-02-28T00:00:00Z,282.8100000000
1977-03-01T00:00:00Z,282.4900000000
1977-03-02T00:00:00Z,281.5300000000
1977-03-03T00:00:00Z,281.2900000000
1977-03-04T00:00:00Z,282.0900000000
1977-03-07T00:00:00Z,281.9300000000
1977-03-08T00:00:00Z,282.0900000000
1977-03-09T00:00:00Z,282.3300000000
1977-03-10T00:00:00Z,282.0100000000
1977-03-11T00:00:00Z,282.0100000000
1977-03-14T00:00:00Z,281.2100000000
1977-03-15T00:00:00Z,281.5300000000
1977-03-16T00:00:00Z,281.8500000000
1977-03-17T00:00:00Z,281.6900000000
1977-03-18T00:00:00Z,280.8200000000
1977-03-21T00:00:00Z,279.1000000000
1977-03-22T00:00:00Z,278.9400000000
1977-03-23T00:00:00Z,277.2400000000
1977-03-24T00:00:00Z,278.4700000000
1977-03-25T00:00:00Z,278.3200000000
1977-03-28T00:00:00Z,276.8500000000
1977-03-29T00:00:00Z,276.6300000000
1977-03-30T00:00:00Z,277.2400000000
1977-03-31T00:00:00Z,277.5500000000
1977-04-01T00:00:00Z,276.1700000000
1977-04-04T00:00:00Z,274.6500000000
1977-04-05T00:00:00Z,273.0000000000
1977-04-06T00:00:00Z,273.2200000000
1977-04-07T00:00:00Z,273.6000000000
1977-04-08T00:00:00Z,273.2200000000
1977-04-11T00:00:00Z,271.3000000000
1977-04-12T00:00:00Z,270.7100000000
1977-04-13T00:00:00Z,272.5500000000
1977-04-14T00:00:00Z,273.3700000000
1977-04-15T00:00:00Z,273.8200000000
1977-04-18T00:00:00Z,275.3300000000
1977-04-19T00:00:00Z,275.7900000000
1977-04-20T00:00:00Z,278.7800000000
1977-04-21T00:00:00Z,276.8500000000
1977-04-22T00:00:00Z,277.7800000000
1977-04-25T00:00:00Z,278.0100000000
1977-04-26T00:00:00Z,278.3200000000
1977-04-27T00:00:00Z,278.0100000000
1977-04-28T00:00:00Z,277.0900000000
1977-04-29T00:00:00Z,277.7800000000
1977-05-02T00:00:00Z,278.0100000000
1977-05-03T00:00:00Z,278.1600000000
1977-05-04T00:00:00Z,276.7000000000
1977-05-05T00:00:00Z,275.9400000000
1977-05-06T00:00:00Z,276.8500000000
1977-05-09T00:00:00Z,278.0100000000
1977-05-10T00:00:00Z,277.4700000000
1977-05-11T00:00:00Z,277.9300000000
1977-05-12T00:00:00Z,278.0100000000
1977-05-13T00:00:00Z,277.6200000000
1977-05-16T00:00:00Z,277.7000000000
1977-05-17T00:00:00Z,277.5500000000
1977-05-18T00:00:00Z,277.3900000000
1977-05-19T00:00:00Z,276.9700000000
1977-05-20T00:00:00Z,277.2400000000
1977-05-23T00:00:00Z,277.5500000000
1977-05-24T00:00:00Z,277.7800000000
1977-05-25T00:00:00Z,277.3900000000
1977-05-26T00:00:00Z,277.1200000000
1977-05-27T00:00:00Z,277.2800000000
1977-05-31T00:00:00Z,277.2800000000
1977-06-01T00:00:00Z,277.3200000000
1977-06-02T00:00:00Z,276.5500000000
1977-06-03T00:00:00Z,276.2800000000
1977-06-06T00:00:00Z,275.1800000000
1977-06-07T00:00:00Z,275.5600000000
1977-06-08T00:00:00Z,274.4200000000
1977-06-09T00:00:00Z,273.7500000000
1977-06-10T00:00:00Z,273.6700000000
1977-06-13T00:00:00Z,271.8100000000
1977-06-14T00:00:00Z,272.3300000000
1977-06-15T00:00:00Z,272.7800000000
1977-06-16T00:00:00Z,272.4400000000
1977-06-17T00:00:00Z,272.7000000000
1977-06-20T00:00:00Z,272.7800000000
1977-06-21T00:00:00Z,272.4400000000
1977-06-22T00:00:00Z,271.7400000000
1977-06-23T00:00:00Z,271.8100000000
1977-06-24T00:00:00Z,272.0000000000
1977-06-27T00:00:00Z,271.4800000000
1977-06-28T00:00:00Z,270.8600000000
1977-06-29T00:00:00Z,267.4500000000
1977-06-30T00:00:00Z,267.5900000000
1977-07-01T00:00:00Z,267.1300000000
1977-07-05T00:00:00Z,264.9000000000
1977-07-06T00:00:00Z,265.3900000000
1977-07-07T00:00:00Z,264.6900000000
1977-07-08T00:00:00Z,264.7600000000
1977-07-11T00:00:00Z,263.0900000000
1977-07-12T00:00:00Z,264.4800000000
1977-07-13T00:00:00Z,264.2700000000
1977-07-15T00:00:00Z,265.3200000000
1977-07-18T00:00:00Z,263.9900000000
1977-07-19T00:00:00Z,264.2700000000
1977-07-20T00:00:00Z,264.8300000000
1977-07-21T00:00:00Z,264.7600000000
1977-07-22T00:00:00Z,264.2400000000
1977-07-25T00:00:00Z,264.3400000000
1977-07-26T00:00:00Z,264.4100000000
1977-07-27T00:00:00Z,264.7600000000
1977-07-28T00:00:00Z,265.9600000000
1977-07-29T00:00:00Z,266.8100000000
1977-08-01T00:00:00Z,267.1300000000
1977-08-02T00:00:00Z,266.5200000000
1977-08-03T00:00:00Z,265.5700000000
1977-08-04T00:00:00Z,265.5300000000
1977-08-05T00:00:00Z,265.8500000000
1977-08-08T00:00:00Z,266.2400000000
1977-08-09T00:00:00Z,265.9600000000
1977-08-10T00:00:00Z,266.0600000000
1977-08-11T00:00:00Z,265.9600000000
1977-08-12T00:00:00Z,266.3800000000
1977-08-15T00:00:00Z,267.9200000000
1977-08-16T00:00:00Z,267.6700000000
1977-08-17T00:00:00Z,266.7400000000
1977-08-18T00:00:00Z,266.7400000000
1977-08-19T00:00:00Z,267.2700000000
1977-08-22T00:00:00Z,266.7000000000
1977-08-23T00:00:00Z,266.7700000000
1977-08-24T00:00:00Z,266.2100000000
1977-08-25T00:00:00Z,267.3100000000
1977-08-26T00:00:00Z,267.0900000000
1977-08-29T00:00:00Z,267.0600000000
1977-08-30T00:00:00Z,267.4000000000
1977-08-31T00:00:00Z,267.5000000000
1977-09-01T00:00:00Z,268.1700000000
1977-09-02T00:00:00Z,267.9700000000
1977-09-06T00:00:00Z,267.5900000000
1977-09-07T00:00:00Z,266.8100000000
1977-09-08T00:00:00Z,266.8800000000
1977-09-09T00:00:00Z,266.8400000000
1977-09-12T00:00:00Z,266.6700000000
1977-09-13T00:00:00Z,266.8400000000
1977-09-14T00:00:00Z,267.1300000000
1977-09-15T00:00:00Z,267.0600000000
1977-09-16T00:00:00Z,267.0900000000
1977-09-19T00:00:00Z,266.9200000000
1977-09-20T00:00:00Z,266.8800000000
1977-09-21T00:00:00Z,266.8800000000
1977-09-22T00:00:00Z,266.8100000000
1977-09-23T00:00:00Z,266.8100000000
1977-09-26T00:00:00Z,266.7000000000
1977-09-27T00:00:00Z,266.6300000000
1977-09-28T00:00:00Z,266.6700000000
1977-09-29T00:00:00Z,265.1100000000
1977-09-30T00:00:00Z,263.7100000000
1977-10-03T00:00:00Z,260.7200000000
1977-10-04T00:00:00Z,260.8200000000
1977-10-05T00:00:00Z,261.1000000000
1977-10-06T00:00:00Z,258.5500000000
1977-10-07T00:00:00Z,257.6000000000
1977-10-11T00:00:00Z,257.8000000000
1977-10-12T00:00:00Z,256.8100000000
1977-10-13T00:00:00Z,254.9700000000
1977-10-14T00:00:00Z,253.0000000000
1977-10-17T00:00:00Z,252.5300000000
1977-10-18T00:00:00Z,252.2100000000
1977-10-19T00:00:00Z,254.4500000000
1977-10-20T00:00:00Z,254.1900000000
1977-10-21T00:00:00Z,254.3200000000
1977-10-24T00:00:00Z,251.9500000000
1977-10-25T00:00:00Z,252.3300000000
1977-10-26T00:00:00Z,251.6000000000
1977-10-27T00:00:00Z,250.3100000000
1977-10-28T00:00:00Z,250.5000000000
1977-10-31T00:00:00Z,249.1300000000
1977-11-01T00:00:00Z,246.7300000000
1977-11-02T00:00:00Z,248.3200000000
1977-11-03T00:00:00Z,247.7400000000
1977-11-04T00:00:00Z,249.0000000000
1977-11-07T00:00:00Z,248.6900000000
1977-11-09T00:00:00Z,247.1000000000
1977-11-10T00:00:00Z,246.1800000000
1977-11-14T00:00:00Z,245.1000000000
1977-11-15T00:00:00Z,245.2800000000
1977-11-16T00:00:00Z,245.2500000000
1977-11-17T00:00:00Z,245.4000000000
1977-11-18T00:00:00Z,243.4900000000
1977-11-21T00:00:00Z,242.7800000000
1977-11-22T00:00:00Z,240.6400000000
1977-11-23T00:00:00Z,239.7500000000
1977-11-25T00:00:00Z,239.9800000000
1977-11-28T00:00:00Z,240.2400000000
1977-11-29T00:00:00Z,243.6600000000
1977-11-30T00:00:00Z,244.0200000000
1977-12-01T00:00:00Z,243.0700000000
1977-12-02T00:00:00Z,242.5100000000
1977-12-05T00:00:00Z,242.0100000000
1977-12-06T00:00:00Z,241.6000000000
1977-12-07T00:00:00Z,241.4300000000
1977-12-08T00:00:00Z,241.7200000000
1977-12-09T00:00:00Z,242.3700000000
1977-12-12T00:00:00Z,241.7800000000
1977-12-13T00:00:00Z,240.5300000000
1977-12-14T00:00:00Z,237.8100000000
1977-12-15T00:00:00Z,239.1200000000
1977-12-16T00:00:00Z,240.5900000000
1977-12-19T00:00:00Z,241.0200000000
1977-12-20T00:00:00Z,240.5000000000
1977-12-21T00:00:00Z,240.3800000000
1977-12-22T00:00:00Z,241.5500000000
1977-12-23T00:00:00Z,241.6600000000
1977-12-27T00:00:00Z,241.3700000000
1977-12-28T00:00:00Z,240.4400000000
1977-12-29T00:00:00Z,240.0400000000
1977-12-30T00:00:00Z,239.9800000000
1978-01-03T00:00:00Z,237.5900000000
1978-01-04T00:00:00Z,237.4200000000
1978-01-05T00:00:00Z,241.0800000000
1978-01-06T00:00:00Z,240.3800000000
1978-01-09T00:00:00Z,241.4600000000
1978-01-10T00:00:00Z,241.4900000000
1978-01-11T00:00:00Z,240.5000000000
1978-01-12T00:00:00Z,241.6000000000
1978-01-13T00:00:00Z,241.4900000000
1978-01-16T00:00:00Z,241.6000000000
1978-01-17T00:00:00Z,242.0100000000
1978-01-18T00:00:00Z,242.4200000000
1978-01-19T00:00:00Z,242.1300000000
1978-01-20T00:00:00Z,241.8500000000
1978-01-23T00:00:00Z,241.4600000000
1978-01-24T00:00:00Z,241.6600000000
1978-01-25T00:00:00Z,241.2500000000
1978-01-26T00:00:00Z,240.5600000000
1978-01-27T00:00:00Z,241.3700000000
1978-01-30T00:00:00Z,241.7800000000
1978-01-31T00:00:00Z,241.6000000000
1978-02-01T00:00:00Z,241.6000000000
1978-02-02T00:00:00Z,241.8100000000
1978-02-03T00:00:00Z,241.8400000000
1978-02-06T00:00:00Z,241.1400000000
1978-02-07T00:00:00Z,241.4300000000
1978-02-08T00:00:00Z,241.4900000000
1978-02-09T00:00:00Z,241.5500000000
1978-02-10T00:00:00Z,241.5800000000
1978-02-14T00:00:00Z,240.7000000000
1978-02-15T00:00:00Z,240.6700000000
1978-02-16T00:00:00Z,240.1500000000
1978-02-17T00:00:00Z,239.8100000000
1978-02-21T00:00:00Z,238.4100000000
1978-02-22T00:00:00Z,238.8300000000
1978-02-23T00:00:00Z,238.1500000000
1978-02-24T00:00:00Z,240.2100000000
1978-02-27T00:00:00Z,239.2300000000
1978-02-28T00:00:00Z,238.1000000000
1978-03-01T00:00:00Z,238.2700000000
1978-03-02T00:00:00Z,238.4100000000
1978-03-03T00:00:00Z,237.0200000000
1978-03-06T00:00:00Z,236.4100000000
1978-03-07T00:00:00Z,235.5700000000
1978-03-08T00:00:00Z,234.4100000000
1978-03-09T00:00:00Z,235.0200000000
1978-03-10T00:00:00Z,235.9000000000
1978-03-13T00:00:00Z,234.0300000000
1978-03-14T00:00:00Z,233.0500000000
1978-03-15T00:00:00Z,233.0500000000
1978-03-16T00:00:00Z,235.6300000000
1978-03-17T00:00:00Z,231.0000000000
1978-03-20T00:00:00Z,231.1600000000
1978-03-21T00:00:00Z,230.6300000000
1978-03-22T00:00:00Z,230.3600000000
1978-03-23T00:00:00Z,230.0200000000
1978-03-24T00:00:00Z,228.0000000000
1978-03-27T00:00:00Z,225.2300000000
1978-03-28T00:00:00Z,225.0200000000
1978-03-29T00:00:00Z,222.2700000000
1978-03-30T00:00:00Z,222.3700000000
1978-03-31T00:00:00Z,229.8900000000
1978-04-03T00:00:00Z,218.3400000000
1978-04-04T00:00:00Z,219.3000000000
1978-04-05T00:00:00Z,218.9600000000
1978-04-06T00:00:00Z,218.6300000000
1978-04-07T00:00:00Z,220.1200000000
1978-04-10T00:00:00Z,219.8300000000
1978-04-11T00:00:00Z,219.3300000000
1978-04-12T00:00:00Z,218.7200000000
1978-04-13T00:00:00Z,219.3500000000
1978-04-14T00:00:00Z,219.4000000000
1978-04-17T00:00:00Z,220.6000000000
1978-04-18T00:00:00Z,221.5300000000
1978-04-19T00:00:00Z,221.8800000000
1978-04-20T00:00:00Z,226.7600000000
1978-04-21T00:00:00Z,225.8900000000
1978-04-24T00:00:00Z,228.1000000000
1978-04-25T00:00:00Z,227.5800000000
1978-04-26T00:00:00Z,225.6300000000
1978-04-27T00:00:00Z,222.2200000000
1978-04-28T00:00:00Z,224.9700000000
1978-05-01T00:00:00Z,225.7800000000
1978-05-02T00:00:00Z,226.0700000000
1978-05-03T00:00:00Z,226.1400000000
1978-05-04T00:00:00Z,224.7700000000
1978-05-05T00:00:00Z,224.5900000000
1978-05-08T00:00:00Z,225.1200000000
1978-05-09T00:00:00Z,225.3800000000
1978-05-10T00:00:00Z,224.9200000000
1978-05-11T00:00:00Z,225.2300000000
1978-05-12T00:00:00Z,225.6300000000
1978-05-15T00:00:00Z,226.2200000000
1978-05-16T00:00:00Z,228.4100000000
1978-05-17T00:00:00Z,227.9500000000
1978-05-18T00:00:00Z,227.5300000000
1978-05-19T00:00:00Z,228.0000000000
1978-05-22T00:00:00Z,228.8300000000
1978-05-23T00:00:00Z,229.0400000000
1978-05-24T00:00:00Z,228.4100000000
1978-05-25T00:00:00Z,225.8400000000
1978-05-26T00:00:00Z,225.6800000000
1978-05-29T00:00:00Z,225.0500000000
1978-05-31T00:00:00Z,221.3400000000
1978-06-01T00:00:00Z,221.5100000000
1978-06-02T00:00:00Z,221.2400000000
1978-06-05T00:00:00Z,220.9900000000
1978-06-06T00:00:00Z,220.9900000000
1978-06-07T00:00:00Z,220.9900000000
1978-06-08T00:00:00Z,220.9000000000
1978-06-09T00:00:00Z,220.6000000000
1978-06-12T00:00:00Z,218.0100000000
1978-06-13T00:00:00Z,216.9200000000
1978-06-14T00:00:00Z,215.3800000000
1978-06-15T00:00:00Z,216.1700000000
1978-06-16T00:00:00Z,215.8900000000
1978-06-19T00:00:00Z,213.4900000000
1978-06-20T00:00:00Z,211.1500000000
1978-06-21T00:00:00Z,210.6600000000
1978-06-22T00:00:00Z,211.1000000000
1978-06-23T00:00:00Z,207.4700000000
1978-06-26T00:00:00Z,206.0600000000
1978-06-27T00:00:00Z,205.9300000000
1978-06-28T00:00:00Z,205.9700000000
1978-06-29T00:00:00Z,205.2100000000
1978-06-30T00:00:00Z,203.7100000000
1978-07-03T00:00:00Z,202.4300000000
1978-07-05T00:00:00Z,201.6100000000
1978-07-06T00:00:00Z,203.0900000000
1978-07-07T00:00:00Z,202.3500000000
1978-07-10T00:00:00Z,201.6900000000
1978-07-11T00:00:00Z,202.8600000000
1978-07-12T00:00:00Z,203.2900000000
1978-07-13T00:00:00Z,202.6500000000
1978-07-14T00:00:00Z,202.5900000000
1978-07-17T00:00:00Z,203.7900000000
1978-07-18T00:00:00Z,202.5500000000
1978-07-19T00:00:00Z,201.5300000000
1978-07-20T00:00:00Z,201.5700000000
1978-07-21T00:00:00Z,200.9400000000
1978-07-24T00:00:00Z,198.0200000000
1978-07-25T00:00:00Z,195.4700000000
1978-07-26T00:00:00Z,194.1000000000
1978-07-27T00:00:00Z,193.6500000000
1978-07-28T00:00:00Z,190.5900000000
1978-07-31T00:00:00Z,189.1400000000
1978-08-01T00:00:00Z,186.5700000000
1978-08-02T00:00:00Z,186.2900000000
1978-08-03T00:00:00Z,188.3200000000
1978-08-04T00:00:00Z,190.1900000000
1978-08-07T00:00:00Z,188.7900000000
1978-08-08T00:00:00Z,187.3400000000
1978-08-09T00:00:00Z,187.6200000000
1978-08-10T00:00:00Z,186.6700000000
1978-08-11T00:00:00Z,185.5300000000
1978-08-14T00:00:00Z,183.7600000000
1978-08-15T00:00:00Z,185.2900000000
1978-08-16T00:00:00Z,184.6400000000
1978-08-17T00:00:00Z,188.3200000000
1978-08-18T00:00:00Z,188.8600000000
1978-08-21T00:00:00Z,193.0100000000
1978-08-22T00:00:00Z,191.3100000000
1978-08-23T00:00:00Z,191.9000000000
1978-08-24T00:00:00Z,191.0200000000
1978-08-25T00:00:00Z,192.5700000000
1978-08-28T00:00:00Z,193.3500000000
1978-08-29T00:00:00Z,189.3900000000
1978-08-30T00:00:00Z,189.0700000000
1978-08-31T00:00:00Z,190.5100000000
1978-09-01T00:00:00Z,190.8000000000
1978-09-05T00:00:00Z,190.1500000000
1978-09-06T00:00:00Z,190.0000000000
1978-09-07T00:00:00Z,191.0500000000
1978-09-08T00:00:00Z,192.9000000000
1978-09-11T00:00:00Z,191.9000000000
1978-09-12T00:00:00Z,191.5000000000
1978-09-13T00:00:00Z,189.9000000000
1978-09-14T00:00:00Z,190.1500000000
1978-09-15T00:00:00Z,189.8500000000
1978-09-18T00:00:00Z,190.8000000000
1978-09-19T00:00:00Z,190.3000000000
1978-09-20T00:00:00Z,188.8000000000
1978-09-21T00:00:00Z,187.7500000000
1978-09-22T00:00:00Z,188.2500000000
1978-09-25T00:00:00Z,187.6500000000
1978-09-26T00:00:00Z,189.1500000000
1978-09-27T00:00:00Z,189.1000000000
1978-09-28T00:00:00Z,189.2000000000
1978-09-29T00:00:00Z,189.1900000000
1978-10-02T00:00:00Z,188.8500000000
1978-10-03T00:00:00Z,187.5000000000
1978-10-04T00:00:00Z,187.0000000000
1978-10-05T00:00:00Z,187.3000000000
1978-10-06T00:00:00Z,188.4000000000
1978-10-10T00:00:00Z,187.9000000000
1978-10-11T00:00:00Z,185.8500000000
1978-10-12T00:00:00Z,186.6000000000
1978-10-13T00:00:00Z,185.9000000000
1978-10-16T00:00:00Z,183.8500000000
1978-10-17T00:00:00Z,182.2500000000
1978-10-18T00:00:00Z,182.3000000000
1978-10-19T00:00:00Z,183.2500000000
1978-10-20T00:00:00Z,181.8000000000
1978-10-23T00:00:00Z,181.5500000000
1978-10-24T00:00:00Z,182.5500000000
1978-10-25T00:00:00Z,179.5500000000
1978-10-26T00:00:00Z,178.3000000000
1978-10-27T00:00:00Z,179.0000000000
1978-10-30T00:00:00Z,177.0500000000
1978-10-31T00:00:00Z,179.5000000000
1978-11-01T00:00:00Z,186.0000000000
1978-11-02T00:00:00Z,187.8500000000
1978-11-03T00:00:00Z,189.0000000000
1978-11-06T00:00:00Z,190.2500000000
1978-11-08T00:00:00Z,187.2500000000
1978-11-09T00:00:00Z,187.9000000000
1978-11-10T00:00:00Z,188.6000000000
1978-11-13T00:00:00Z,188.4500000000
1978-11-14T00:00:00Z,188.9500000000
1978-11-15T00:00:00Z,191.0000000000
1978-11-16T00:00:00Z,194.1000000000
1978-11-17T00:00:00Z,195.6000000000
1978-11-20T00:00:00Z,194.8000000000
1978-11-21T00:00:00Z,195.0000000000
1978-11-22T00:00:00Z,194.2000000000
1978-11-24T00:00:00Z,195.0500000000
1978-11-27T00:00:00Z,196.0000000000
1978-11-28T00:00:00Z,196.7500000000
1978-11-29T00:00:00Z,197.0000000000
1978-11-30T00:00:00Z,199.1000000000
1978-12-01T00:00:00Z,201.7000000000
1978-12-04T00:00:00Z,197.6500000000
1978-12-05T00:00:00Z,197.5000000000
1978-12-06T00:00:00Z,197.5500000000
1978-12-07T00:00:00Z,198.6500000000
1978-12-08T00:00:00Z,198.1000000000
1978-12-11T00:00:00Z,196.0000000000
1978-12-12T00:00:00Z,196.3500000000
1978-12-13T00:00:00Z,196.2500000000
1978-12-14T00:00:00Z,195.5500000000
1978-12-15T00:00:00Z,195.8000000000
1978-12-18T00:00:00Z,193.0500000000
1978-12-19T00:00:00Z,193.3000000000
1978-12-20T00:00:00Z,194.6000000000
1978-12-21T00:00:00Z,195.2000000000
1978-12-22T00:00:00Z,194.1000000000
1978-12-26T00:00:00Z,195.0000000000
1978-12-27T00:00:00Z,194.5000000000
1978-12-28T00:00:00Z,193.9500000000
1978-12-29T00:00:00Z,194.3000000000
1979-01-02T00:00:00Z,194.5800000000
1979-01-03T00:00:00Z,196.6000000000
1979-01-04T00:00:00Z,196.4000000000
1979-01-05T00:00:00Z,196.6500000000
1979-01-08T00:00:00Z,195.6500000000
1979-01-09T00:00:00Z,196.6500000000
1979-01-10T00:00:00Z,196.6500000000
1979-01-11T00:00:00Z,198.2500000000
1979-01-12T00:00:00Z,197.6000000000
1979-01-15T00:00:00Z,197.8000000000
1979-01-16T00:00:00Z,197.1500000000
1979-01-17T00:00:00Z,196.8000000000
1979-01-18T00:00:00Z,196.7500000000
1979-01-19T00:00:00Z,198.2500000000
1979-01-22T00:00:00Z,197.6300000000
1979-01-23T00:00:00Z,197.9000000000
1979-01-24T00:00:00Z,197.7000000000
1979-01-25T00:00:00Z,199.0000000000
1979-01-26T00:00:00Z,199.5500000000
1979-01-29T00:00:00Z,200.1000000000
1979-01-30T00:00:00Z,200.7500000000
1979-01-31T00:00:00Z,202.2000000000
1979-02-01T00:00:00Z,202.7500000000
1979-02-02T00:00:00Z,201.6000000000
1979-02-05T00:00:00Z,199.8500000000
1979-02-06T00:00:00Z,199.0500000000
1979-02-07T00:00:00Z,196.0000000000
1979-02-08T00:00:00Z,197.7000000000
1979-02-09T00:00:00Z,198.8000000000
1979-02-13T00:00:00Z,199.7000000000
1979-02-14T00:00:00Z,200.4000000000
1979-02-15T00:00:00Z,200.2500000000
1979-02-16T00:00:00Z,200.7000000000
1979-02-20T00:00:00Z,201.0500000000
1979-02-21T00:00:00Z,201.8500000000
1979-02-22T00:00:00Z,201.4000000000
1979-02-23T00:00:00Z,201.4000000000
1979-02-26T00:00:00Z,202.0800000000
1979-02-27T00:00:00Z,201.9000000000
1979-02-28T00:00:00Z,202.6500000000
1979-03-01T00:00:00Z,203.7500000000
1979-03-02T00:00:00Z,204.9000000000
1979-03-05T00:00:00Z,204.7300000000
1979-03-06T00:00:00Z,204.5000000000
1979-03-07T00:00:00Z,204.0000000000
1979-03-08T00:00:00Z,204.1800000000
1979-03-09T00:00:00Z,204.7000000000
1979-03-12T00:00:00Z,205.7300000000
1979-03-13T00:00:00Z,208.6500000000
1979-03-14T00:00:00Z,207.2800000000
1979-03-15T00:00:00Z,206.9500000000
1979-03-16T00:00:00Z,207.4500000000
1979-03-19T00:00:00Z,207.0000000000
1979-03-20T00:00:00Z,207.1700000000
1979-03-21T00:00:00Z,206.9500000000
1979-03-22T00:00:00Z,205.5000000000
1979-03-23T00:00:00Z,205.9000000000
1979-03-26T00:00:00Z,206.8000000000
1979-03-27T00:00:00Z,207.1500000000
1979-03-28T00:00:00Z,207.8800000000
1979-03-29T00:00:00Z,208.3700000000
1979-03-30T00:00:00Z,209.5800000000
1979-04-02T00:00:00Z,211.6500000000
1979-04-03T00:00:00Z,214.4000000000
1979-04-04T00:00:00Z,215.2800000000
1979-04-05T00:00:00Z,215.2300000000
1979-04-06T00:00:00Z,214.9000000000
1979-04-09T00:00:00Z,213.5000000000
1979-04-10T00:00:00Z,212.7500000000
1979-04-11T00:00:00Z,213.5000000000
1979-04-12T00:00:00Z,215.7500000000
1979-04-13T00:00:00Z,215.9000000000
1979-04-16T00:00:00Z,216.4500000000
1979-04-17T00:00:00Z,218.0000000000
1979-04-18T00:00:00Z,215.4000000000
1979-04-19T00:00:00Z,216.1800000000
1979-04-20T00:00:00Z,218.3000000000
1979-04-23T00:00:00Z,218.3500000000
1979-04-24T00:00:00Z,218.4500000000
1979-04-25T00:00:00Z,218.2000000000
1979-04-26T00:00:00Z,218.1000000000
1979-04-27T00:00:00Z,219.9000000000
1979-04-30T00:00:00Z,221.8000000000
1979-05-01T00:00:00Z,224.4000000000
1979-05-02T00:00:00Z,224.9500000000
1979-05-03T00:00:00Z,224.8000000000
1979-05-04T00:00:00Z,221.5000000000
1979-05-07T00:00:00Z,214.8000000000
1979-05-08T00:00:00Z,215.1500000000
1979-05-09T00:00:00Z,213.1500000000
1979-05-10T00:00:00Z,214.5800000000
1979-05-11T00:00:00Z,215.1300000000
1979-05-14T00:00:00Z,214.0000000000
1979-05-15T00:00:00Z,214.2000000000
1979-05-16T00:00:00Z,214.3500000000
1979-05-17T00:00:00Z,216.7000000000
1979-05-18T00:00:00Z,218.8000000000
1979-05-21T00:00:00Z,218.8000000000
1979-05-22T00:00:00Z,219.4000000000
1979-05-23T00:00:00Z,219.1500000000
1979-05-24T00:00:00Z,218.6500000000
1979-05-25T00:00:00Z,219.7500000000
1979-05-28T00:00:00Z,220.4500000000
1979-05-29T00:00:00Z,222.0500000000
1979-05-31T00:00:00Z,220.3500000000
1979-06-01T00:00:00Z,221.2800000000
1979-06-04T00:00:00Z,219.7500000000
1979-06-05T00:00:00Z,221.1500000000
1979-06-06T00:00:00Z,220.3500000000
1979-06-07T00:00:00Z,219.5500000000
1979-06-08T00:00:00Z,218.6000000000
1979-06-11T00:00:00Z,218.8300000000
1979-06-12T00:00:00Z,219.7000000000
1979-06-13T00:00:00Z,220.1500000000
1979-06-14T00:00:00Z,220.1800000000
1979-06-15T00:00:00Z,218.8000000000
1979-06-18T00:00:00Z,219.9000000000
1979-06-19T00:00:00Z,218.6500000000
1979-06-20T00:00:00Z,219.0000000000
1979-06-21T00:00:00Z,218.9500000000
1979-06-22T00:00:00Z,215.8000000000
1979-06-25T00:00:00Z,213.2400000000
1979-06-26T00:00:00Z,215.9000000000
1979-06-27T00:00:00Z,216.4000000000
1979-06-28T00:00:00Z,216.5500000000
1979-06-29T00:00:00Z,217.8000000000
1979-07-02T00:00:00Z,218.3000000000
1979-07-03T00:00:00Z,218.4000000000
1979-07-05T00:00:00Z,217.0000000000
1979-07-06T00:00:00Z,217.5000000000
1979-07-09T00:00:00Z,217.5000000000
1979-07-10T00:00:00Z,217.6800000000
1979-07-11T00:00:00Z,217.4500000000
1979-07-12T00:00:00Z,217.2500000000
1979-07-13T00:00:00Z,217.3500000000
1979-07-16T00:00:00Z,216.8000000000
1979-07-17T00:00:00Z,216.4500000000
1979-07-18T00:00:00Z,213.6000000000
1979-07-19T00:00:00Z,216.0000000000
1979-07-20T00:00:00Z,217.1000000000
1979-07-23T00:00:00Z,215.7500000000
1979-07-24T00:00:00Z,214.4000000000
1979-07-25T00:00:00Z,215.2500000000
1979-07-26T00:00:00Z,215.0300000000
1979-07-27T00:00:00Z,215.4000000000
1979-07-30T00:00:00Z,215.8000000000
1979-07-31T00:00:00Z,216.7000000000
1979-08-01T00:00:00Z,216.0500000000
1979-08-02T00:00:00Z,216.5500000000
1979-08-03T00:00:00Z,216.9000000000
1979-08-06T00:00:00Z,216.4500000000
1979-08-07T00:00:00Z,216.5000000000
1979-08-08T00:00:00Z,216.5000000000
1979-08-09T00:00:00Z,216.0500000000
1979-08-10T00:00:00Z,215.9000000000
1979-08-13T00:00:00Z,216.5800000000
1979-08-14T00:00:00Z,216.8000000000
1979-08-15T00:00:00Z,216.8500000000
1979-08-16T00:00:00Z,216.9800000000
1979-08-17T00:00:00Z,217.3000000000
1979-08-20T00:00:00Z,217.3800000000
1979-08-21T00:00:00Z,217.8500000000
1979-08-22T00:00:00Z,219.5000000000
1979-08-23T00:00:00Z,219.1200000000
1979-08-24T00:00:00Z,219.2500000000
1979-08-27T00:00:00Z,220.9500000000
1979-08-28T00:00:00Z,220.5500000000
1979-08-29T00:00:00Z,221.9300000000
1979-08-30T00:00:00Z,219.9500000000
1979-08-31T00:00:00Z,220.4000000000
1979-09-04T00:00:00Z,221.0500000000
1979-09-05T00:00:00Z,221.5000000000
1979-09-06T00:00:00Z,220.8500000000
1979-09-07T00:00:00Z,220.8000000000
1979-09-10T00:00:00Z,220.9000000000
1979-09-11T00:00:00Z,221.5500000000
1979-09-12T00:00:00Z,222.2000000000
1979-09-13T00:00:00Z,223.6000000000
1979-09-14T00:00:00Z,223.4000000000
1979-09-17T00:00:00Z,223.4800000000
1979-09-18T00:00:00Z,223.8000000000
1979-09-19T00:00:00Z,223.4300000000
1979-09-20T00:00:00Z,220.3000000000
1979-09-21T00:00:00Z,222.4500000000
1979-09-24T00:00:00Z,223.1000000000
1979-09-25T00:00:00Z,222.8000000000
1979-09-26T00:00:00Z,222.6000000000
1979-09-27T00:00:00Z,223.5500000000
1979-09-28T00:00:00Z,224.5000000000
1979-10-01T00:00:00Z,225.2500000000
1979-10-02T00:00:00Z,225.3500000000
1979-10-03T00:00:00Z,224.4500000000
1979-10-04T00:00:00Z,223.4000000000
1979-10-05T00:00:00Z,224.1500000000
1979-10-09T00:00:00Z,226.0000000000
1979-10-10T00:00:00Z,225.6000000000
1979-10-11T00:00:00Z,226.4000000000
1979-10-12T00:00:00Z,227.5000000000
1979-10-15T00:00:00Z,229.8000000000
1979-10-16T00:00:00Z,232.0000000000
1979-10-17T00:00:00Z,234.1000000000
1979-10-18T00:00:00Z,232.1800000000
1979-10-19T00:00:00Z,230.6500000000
1979-10-22T00:00:00Z,233.8000000000
1979-10-23T00:00:00Z,235.4000000000
1979-10-24T00:00:00Z,234.5000000000
1979-10-25T00:00:00Z,233.9000000000
1979-10-26T00:00:00Z,234.3000000000
1979-10-29T00:00:00Z,235.9800000000
1979-10-30T00:00:00Z,238.1000000000
1979-10-31T00:00:00Z,237.8500000000
1979-11-01T00:00:00Z,238.1500000000
1979-11-02T00:00:00Z,234.5500000000
1979-11-05T00:00:00Z,237.1000000000
1979-11-07T00:00:00Z,240.2000000000
1979-11-08T00:00:00Z,241.3000000000
1979-11-09T00:00:00Z,243.5500000000
1979-11-13T00:00:00Z,246.6000000000
1979-11-14T00:00:00Z,243.3500000000
1979-11-15T00:00:00Z,247.2000000000
1979-11-16T00:00:00Z,246.5000000000
1979-11-19T00:00:00Z,245.2500000000
1979-11-20T00:00:00Z,246.2000000000
1979-11-21T00:00:00Z,248.1000000000
1979-11-23T00:00:00Z,249.0000000000
1979-11-26T00:00:00Z,250.8500000000
1979-11-27T00:00:00Z,249.4500000000
1979-11-28T00:00:00Z,248.9500000000
1979-11-29T00:00:00Z,248.8500000000
1979-11-30T00:00:00Z,249.5500000000
1979-12-03T00:00:00Z,248.8900000000
1979-12-04T00:00:00Z,247.5000000000
1979-12-05T00:00:00Z,245.7000000000
1979-12-06T00:00:00Z,243.6000000000
1979-12-07T00:00:00Z,240.2000000000
1979-12-10T00:00:00Z,232.6500000000
1979-12-11T00:00:00Z,233.3000000000
1979-12-12T00:00:00Z,237.9000000000
1979-12-13T00:00:00Z,240.7000000000
1979-12-14T00:00:00Z,242.5500000000
1979-12-17T00:00:00Z,240.1000000000
1979-12-18T00:00:00Z,239.4000000000
1979-12-19T00:00:00Z,239.0000000000
1979-12-20T00:00:00Z,236.6000000000
1979-12-21T00:00:00Z,239.9000000000
1979-12-24T00:00:00Z,239.8000000000
1979-12-26T00:00:00Z,239.0500000000
1979-12-27T00:00:00Z,239.8000000000
1979-12-28T00:00:00Z,240.5500000000
1979-12-31T00:00:00Z,240.3000000000
1980-01-02T00:00:00Z,238.4500000000
1980-01-03T00:00:00Z,238.3500000000
1980-01-04T00:00:00Z,234.8000000000
1980-01-07T00:00:00Z,231.5500000000
1980-01-08T00:00:00Z,234.7500000000
1980-01-09T00:00:00Z,234.9500000000
1980-01-10T00:00:00Z,235.8000000000
1980-01-11T00:00:00Z,236.0500000000
1980-01-14T00:00:00Z,236.2000000000
1980-01-15T00:00:00Z,239.6500000000
1980-01-16T00:00:00Z,238.1500000000
1980-01-17T00:00:00Z,239.9000000000
1980-01-18T00:00:00Z,239.6500000000
1980-01-21T00:00:00Z,241.0000000000
1980-01-22T00:00:00Z,239.7000000000
1980-01-23T00:00:00Z,237.2500000000
1980-01-24T00:00:00Z,239.3500000000
1980-01-25T00:00:00Z,239.6000000000
1980-01-28T00:00:00Z,240.2200000000
1980-01-29T00:00:00Z,239.3500000000
1980-01-30T00:00:00Z,239.5000000000
1980-01-31T00:00:00Z,239.3300000000
1980-02-01T00:00:00Z,240.4500000000
1980-02-04T00:00:00Z,240.2900000000
1980-02-05T00:00:00Z,240.1000000000
1980-02-06T00:00:00Z,240.1000000000
1980-02-07T00:00:00Z,240.0900000000
1980-02-08T00:00:00Z,241.6500000000
1980-02-11T00:00:00Z,241.4000000000
1980-02-13T00:00:00Z,242.1000000000
1980-02-14T00:00:00Z,243.3900000000
1980-02-15T00:00:00Z,243.2000000000
1980-02-19T00:00:00Z,245.3600000000
1980-02-20T00:00:00Z,246.0500000000
1980-02-21T00:00:00Z,246.0900000000
1980-02-22T00:00:00Z,247.4500000000
1980-02-25T00:00:00Z,248.3500000000
1980-02-26T00:00:00Z,248.0800000000
1980-02-27T00:00:00Z,248.4500000000
1980-02-28T00:00:00Z,248.4000000000
1980-02-29T00:00:00Z,251.6500000000
1980-03-03T00:00:00Z,247.8500000000
1980-03-04T00:00:00Z,246.4000000000
1980-03-05T00:00:00Z,246.8800000000
1980-03-06T00:00:00Z,248.1000000000
1980-03-07T00:00:00Z,247.8500000000
1980-03-10T00:00:00Z,247.9300000000
1980-03-11T00:00:00Z,247.3000000000
1980-03-12T00:00:00Z,247.5000000000
1980-03-13T00:00:00Z,248.1000000000
1980-03-14T00:00:00Z,249.0500000000
1980-03-17T00:00:00Z,248.9000000000
1980-03-18T00:00:00Z,249.1000000000
1980-03-19T00:00:00Z,248.6500000000
1980-03-20T00:00:00Z,248.7000000000
1980-03-21T00:00:00Z,248.9200000000
1980-03-24T00:00:00Z,249.1500000000
1980-03-25T00:00:00Z,249.0700000000
1980-03-26T00:00:00Z,249.1000000000
1980-03-27T00:00:00Z,249.9000000000
1980-03-28T00:00:00Z,249.6500000000
1980-03-31T00:00:00Z,249.9500000000
1980-04-01T00:00:00Z,254.6500000000
1980-04-02T00:00:00Z,257.1500000000
1980-04-03T00:00:00Z,257.2000000000
1980-04-04T00:00:00Z,258.7500000000
1980-04-07T00:00:00Z,261.4000000000
1980-04-08T00:00:00Z,258.2000000000
1980-04-09T00:00:00Z,251.8000000000
1980-04-10T00:00:00Z,249.5000000000
1980-04-11T00:00:00Z,252.5000000000
1980-04-14T00:00:00Z,251.3500000000
1980-04-15T00:00:00Z,252.7000000000
1980-04-16T00:00:00Z,249.1000000000
1980-04-17T00:00:00Z,248.7000000000
1980-04-18T00:00:00Z,249.4000000000
1980-04-21T00:00:00Z,249.8000000000
1980-04-22T00:00:00Z,250.0000000000
1980-04-23T00:00:00Z,243.2500000000
1980-04-24T00:00:00Z,244.6500000000
1980-04-25T00:00:00Z,246.0000000000
1980-04-28T00:00:00Z,241.3000000000
1980-04-29T00:00:00Z,239.3000000000
1980-04-30T00:00:00Z,239.3500000000
1980-05-01T00:00:00Z,240.5000000000
1980-05-02T00:00:00Z,240.3500000000
1980-05-05T00:00:00Z,237.2000000000
1980-05-06T00:00:00Z,231.8000000000
1980-05-07T00:00:00Z,231.8500000000
1980-05-08T00:00:00Z,233.6000000000
1980-05-09T00:00:00Z,231.8000000000
1980-05-12T00:00:00Z,226.8000000000
1980-05-13T00:00:00Z,227.7500000000
1980-05-14T00:00:00Z,227.2000000000
1980-05-15T00:00:00Z,227.8000000000
1980-05-16T00:00:00Z,229.6000000000
1980-05-19T00:00:00Z,229.0000000000
1980-05-20T00:00:00Z,226.7500000000
1980-05-21T00:00:00Z,224.4000000000
1980-05-22T00:00:00Z,224.0500000000
1980-05-23T00:00:00Z,221.2500000000
1980-05-27T00:00:00Z,219.2000000000
1980-05-28T00:00:00Z,223.5000000000
1980-05-29T00:00:00Z,223.8000000000
1980-05-30T00:00:00Z,223.0000000000
1980-06-02T00:00:00Z,223.5500000000
1980-06-03T00:00:00Z,222.7000000000
1980-06-04T00:00:00Z,221.4000000000
1980-06-05T00:00:00Z,220.3500000000
1980-06-06T00:00:00Z,219.3000000000
1980-06-09T00:00:00Z,216.3500000000
1980-06-10T00:00:00Z,215.8000000000
1980-06-11T00:00:00Z,217.7500000000
1980-06-12T00:00:00Z,216.5000000000
1980-06-13T00:00:00Z,216.0000000000
1980-06-16T00:00:00Z,216.0000000000
1980-06-17T00:00:00Z,216.0000000000
1980-06-18T00:00:00Z,215.7500000000
1980-06-19T00:00:00Z,216.3500000000
1980-06-20T00:00:00Z,217.2000000000
1980-06-23T00:00:00Z,216.0700000000
1980-06-24T00:00:00Z,216.6000000000
1980-06-25T00:00:00Z,217.9500000000
1980-06-26T00:00:00Z,217.2000000000
1980-06-27T00:00:00Z,217.5500000000
1980-06-30T00:00:00Z,219.9000000000
1980-07-01T00:00:00Z,219.5000000000
1980-07-02T00:00:00Z,218.8000000000
1980-07-03T00:00:00Z,219.0000000000
1980-07-07T00:00:00Z,217.9000000000
1980-07-08T00:00:00Z,219.1000000000
1980-07-09T00:00:00Z,218.1500000000
1980-07-10T00:00:00Z,216.8500000000
1980-07-11T00:00:00Z,217.7000000000
1980-07-14T00:00:00Z,218.2500000000
1980-07-15T00:00:00Z,219.4000000000
1980-07-16T00:00:00Z,218.8000000000
1980-07-17T00:00:00Z,218.5000000000
1980-07-18T00:00:00Z,220.2700000000
1980-07-21T00:00:00Z,220.3800000000
1980-07-22T00:00:00Z,221.0000000000
1980-07-23T00:00:00Z,224.1500000000
1980-07-24T00:00:00Z,223.2000000000
1980-07-25T00:00:00Z,225.4000000000
1980-07-28T00:00:00Z,227.4000000000
1980-07-29T00:00:00Z,226.8000000000
1980-07-30T00:00:00Z,227.0500000000
1980-07-31T00:00:00Z,227.4000000000
1980-08-01T00:00:00Z,227.0000000000
1980-08-04T00:00:00Z,226.0500000000
1980-08-05T00:00:00Z,226.2500000000
1980-08-06T00:00:00Z,225.3000000000
1980-08-07T00:00:00Z,225.7000000000
1980-08-08T00:00:00Z,226.3000000000
1980-08-11T00:00:00Z,225.7800000000
1980-08-12T00:00:00Z,222.9000000000
1980-08-13T00:00:00Z,224.0000000000
1980-08-14T00:00:00Z,224.4000000000
1980-08-15T00:00:00Z,225.7500000000
1980-08-18T00:00:00Z,226.3000000000
1980-08-19T00:00:00Z,224.3800000000
1980-08-20T00:00:00Z,224.1500000000
1980-08-21T00:00:00Z,224.7500000000
1980-08-22T00:00:00Z,223.8000000000
1980-08-25T00:00:00Z,223.2000000000
1980-08-26T00:00:00Z,219.4000000000
1980-08-27T00:00:00Z,219.6800000000
1980-08-28T00:00:00Z,218.0000000000
1980-08-29T00:00:00Z,219.1000000000
1980-09-02T00:00:00Z,215.9300000000
1980-09-03T00:00:00Z,216.7000000000
1980-09-04T00:00:00Z,217.2000000000
1980-09-05T00:00:00Z,218.0000000000
1980-09-08T00:00:00Z,216.7000000000
1980-09-09T00:00:00Z,216.8000000000
1980-09-10T00:00:00Z,216.5500000000
1980-09-11T00:00:00Z,214.4700000000
1980-09-12T00:00:00Z,213.2000000000
1980-09-15T00:00:00Z,212.6500000000
1980-09-16T00:00:00Z,211.4700000000
1980-09-17T00:00:00Z,211.9500000000
1980-09-18T00:00:00Z,212.9800000000
1980-09-19T00:00:00Z,210.8000000000
1980-09-22T00:00:00Z,214.8000000000
1980-09-23T00:00:00Z,218.1500000000
1980-09-24T00:00:00Z,214.4500000000
1980-09-25T00:00:00Z,215.0000000000
1980-09-26T00:00:00Z,211.7000000000
1980-09-29T00:00:00Z,212.4000000000
1980-09-30T00:00:00Z,210.8500000000
1980-10-01T00:00:00Z,208.5000000000
1980-10-02T00:00:00Z,208.1500000000
1980-10-03T00:00:00Z,207.6000000000
1980-10-06T00:00:00Z,207.9000000000
1980-10-07T00:00:00Z,208.8500000000
1980-10-08T00:00:00Z,208.3500000000
1980-10-09T00:00:00Z,208.9500000000
1980-10-10T00:00:00Z,209.0000000000
1980-10-14T00:00:00Z,206.5000000000
1980-10-15T00:00:00Z,207.3000000000
1980-10-16T00:00:00Z,208.1500000000
1980-10-17T00:00:00Z,208.2000000000
1980-10-20T00:00:00Z,208.6500000000
1980-10-21T00:00:00Z,207.9500000000
1980-10-22T00:00:00Z,209.3500000000
1980-10-23T00:00:00Z,210.4000000000
1980-10-24T00:00:00Z,212.7500000000
1980-10-27T00:00:00Z,213.7500000000
1980-10-28T00:00:00Z,213.2500000000
1980-10-29T00:00:00Z,210.0000000000
1980-10-30T00:00:00Z,210.5000000000
1980-10-31T00:00:00Z,211.0500000000
1980-11-03T00:00:00Z,210.8000000000
1980-11-05T00:00:00Z,211.3500000000
1980-11-06T00:00:00Z,212.6500000000
1980-11-07T00:00:00Z,213.1000000000
1980-11-10T00:00:00Z,209.5000000000
1980-11-12T00:00:00Z,213.1000000000
1980-11-13T00:00:00Z,212.3000000000
1980-11-14T00:00:00Z,212.9000000000
1980-11-17T00:00:00Z,213.6000000000
1980-11-18T00:00:00Z,213.3000000000
1980-11-19T00:00:00Z,212.6500000000
1980-11-20T00:00:00Z,213.7000000000
1980-11-21T00:00:00Z,213.8000000000
1980-11-24T00:00:00Z,213.3500000000
1980-11-25T00:00:00Z,213.6500000000
1980-11-26T00:00:00Z,216.4500000000
1980-11-28T00:00:00Z,216.6000000000
1980-12-01T00:00:00Z,217.8500000000
1980-12-02T00:00:00Z,216.5500000000
1980-12-03T00:00:00Z,213.5500000000
1980-12-04T00:00:00Z,211.0000000000
1980-12-05T00:00:00Z,211.6000000000
1980-12-08T00:00:00Z,208.5000000000
1980-12-09T00:00:00Z,209.1000000000
1980-12-10T00:00:00Z,210.1000000000
1980-12-11T00:00:00Z,210.4500000000
1980-12-12T00:00:00Z,210.5000000000
1980-12-15T00:00:00Z,209.4000000000
1980-12-16T00:00:00Z,208.7500000000
1980-12-17T00:00:00Z,208.9000000000
1980-12-18T00:00:00Z,209.5000000000
1980-12-19T00:00:00Z,208.2000000000
1980-12-22T00:00:00Z,207.6500000000
1980-12-23T00:00:00Z,207.9000000000
1980-12-24T00:00:00Z,208.0000000000
1980-12-26T00:00:00Z,208.4000000000
1980-12-29T00:00:00Z,206.6500000000
1980-12-30T00:00:00Z,203.1000000000
1980-12-31T00:00:00Z,203.1000000000
1981-01-02T00:00:00Z,202.5000000000
1981-01-05T00:00:00Z,199.0500000000
1981-01-06T00:00:00Z,199.7000000000
1981-01-07T00:00:00Z,201.0500000000
1981-01-08T00:00:00Z,201.7000000000
1981-01-09T00:00:00Z,203.0000000000
1981-01-12T00:00:00Z,204.1000000000
1981-01-13T00:00:00Z,203.3000000000
1981-01-14T00:00:00Z,203.0500000000
1981-01-15T00:00:00Z,201.7500000000
1981-01-16T00:00:00Z,202.9000000000
1981-01-19T00:00:00Z,202.3000000000
1981-01-20T00:00:00Z,200.6500000000
1981-01-21T00:00:00Z,199.2000000000
1981-01-22T00:00:00Z,200.8500000000
1981-01-23T00:00:00Z,202.7500000000
1981-01-26T00:00:00Z,203.5500000000
1981-01-27T00:00:00Z,202.5000000000
1981-01-28T00:00:00Z,204.5000000000
1981-01-29T00:00:00Z,204.6000000000
1981-01-30T00:00:00Z,206.7000000000
1981-02-02T00:00:00Z,203.1500000000
1981-02-03T00:00:00Z,204.0500000000
1981-02-04T00:00:00Z,202.9000000000
1981-02-05T00:00:00Z,202.9500000000
1981-02-06T00:00:00Z,203.8000000000
1981-02-09T00:00:00Z,203.9000000000
1981-02-10T00:00:00Z,203.9000000000
1981-02-11T00:00:00Z,203.9000000000
1981-02-13T00:00:00Z,207.4500000000
1981-02-17T00:00:00Z,206.8000000000
1981-02-18T00:00:00Z,206.5500000000
1981-02-19T00:00:00Z,206.8000000000
1981-02-20T00:00:00Z,206.8000000000
1981-02-23T00:00:00Z,208.0500000000
1981-02-24T00:00:00Z,207.0000000000
1981-02-25T00:00:00Z,207.3000000000
1981-02-26T00:00:00Z,207.9000000000
1981-02-27T00:00:00Z,209.7000000000
1981-03-02T00:00:00Z,211.1000000000
1981-03-03T00:00:00Z,208.6000000000
1981-03-04T00:00:00Z,208.6000000000
1981-03-05T00:00:00Z,208.9000000000
1981-03-06T00:00:00Z,209.0000000000
1981-03-09T00:00:00Z,206.0000000000
1981-03-10T00:00:00Z,207.0000000000
1981-03-11T00:00:00Z,207.6000000000
1981-03-12T00:00:00Z,207.6000000000
1981-03-13T00:00:00Z,207.5500000000
1981-03-16T00:00:00Z,207.2700000000
1981-03-17T00:00:00Z,207.7000000000
1981-03-18T00:00:00Z,207.6000000000
1981-03-19T00:00:00Z,208.7500000000
1981-03-20T00:00:00Z,208.2500000000
1981-03-23T00:00:00Z,208.6000000000
1981-03-24T00:00:00Z,208.5500000000
1981-03-25T00:00:00Z,208.8500000000
1981-03-26T00:00:00Z,211.4500000000
1981-03-27T00:00:00Z,211.8000000000
1981-03-30T00:00:00Z,211.4000000000
1981-03-31T00:00:00Z,211.2500000000
1981-04-01T00:00:00Z,212.4000000000
1981-04-02T00:00:00Z,213.8000000000
1981-04-03T00:00:00Z,213.2000000000
1981-04-06T00:00:00Z,214.0000000000
1981-04-07T00:00:00Z,213.1000000000
1981-04-08T00:00:00Z,213.4500000000
1981-04-09T00:00:00Z,214.1000000000
1981-04-10T00:00:00Z,215.1700000000
1981-04-13T00:00:00Z,216.2500000000
1981-04-14T00:00:00Z,215.2200000000
1981-04-15T00:00:00Z,216.7000000000
1981-04-16T00:00:00Z,216.8000000000
1981-04-17T00:00:00Z,217.5000000000
1981-04-20T00:00:00Z,218.2000000000
1981-04-21T00:00:00Z,218.3500000000
1981-04-22T00:00:00Z,216.8500000000
1981-04-23T00:00:00Z,215.2000000000
1981-04-24T00:00:00Z,214.3000000000
1981-04-27T00:00:00Z,212.1000000000
1981-04-28T00:00:00Z,212.3000000000
1981-04-29T00:00:00Z,214.7000000000
1981-04-30T00:00:00Z,215.7800000000
1981-05-01T00:00:00Z,215.7500000000
1981-05-04T00:00:00Z,217.1000000000
1981-05-05T00:00:00Z,217.8000000000
1981-05-06T00:00:00Z,216.9000000000
1981-05-07T00:00:00Z,217.9000000000
1981-05-08T00:00:00Z,217.6000000000
1981-05-11T00:00:00Z,217.9500000000
1981-05-12T00:00:00Z,219.7500000000
1981-05-13T00:00:00Z,220.4500000000
1981-05-14T00:00:00Z,222.3500000000
1981-05-15T00:00:00Z,223.0500000000
1981-05-18T00:00:00Z,221.9700000000
1981-05-19T00:00:00Z,221.0000000000
1981-05-20T00:00:00Z,220.8000000000
1981-05-21T00:00:00Z,222.5000000000
1981-05-22T00:00:00Z,222.5000000000
1981-05-26T00:00:00Z,224.3500000000
1981-05-27T00:00:00Z,224.9500000000
1981-05-28T00:00:00Z,224.0000000000
1981-05-29T00:00:00Z,223.9000000000
1981-06-01T00:00:00Z,222.5000000000
1981-06-02T00:00:00Z,223.8500000000
1981-06-03T00:00:00Z,223.4000000000
1981-06-04T00:00:00Z,226.4000000000
1981-06-05T00:00:00Z,227.8000000000
1981-06-08T00:00:00Z,227.9000000000
1981-06-09T00:00:00Z,228.1000000000
1981-06-10T00:00:00Z,225.4500000000
1981-06-11T00:00:00Z,226.1000000000
1981-06-12T00:00:00Z,224.1500000000
1981-06-15T00:00:00Z,219.7000000000
1981-06-16T00:00:00Z,220.1500000000
1981-06-17T00:00:00Z,220.9000000000
1981-06-18T00:00:00Z,222.1000000000
1981-06-19T00:00:00Z,223.3500000000
1981-06-22T00:00:00Z,222.5200000000
1981-06-23T00:00:00Z,221.8000000000
1981-06-24T00:00:00Z,222.8000000000
1981-06-25T00:00:00Z,225.4500000000
1981-06-26T00:00:00Z,224.8500000000
1981-06-29T00:00:00Z,225.8500000000
1981-06-30T00:00:00Z,226.8500000000
1981-07-01T00:00:00Z,228.2500000000
1981-07-02T00:00:00Z,226.7500000000
1981-07-03T00:00:00Z,228.5000000000
1981-07-06T00:00:00Z,229.8300000000
1981-07-07T00:00:00Z,228.7500000000
1981-07-08T00:00:00Z,229.4500000000
1981-07-09T00:00:00Z,228.8500000000
1981-07-10T00:00:00Z,228.3000000000
1981-07-13T00:00:00Z,228.3000000000
1981-07-14T00:00:00Z,231.0000000000
1981-07-15T00:00:00Z,230.6000000000
1981-07-16T00:00:00Z,231.2800000000
1981-07-17T00:00:00Z,231.9700000000
1981-07-20T00:00:00Z,233.0000000000
1981-07-21T00:00:00Z,234.3500000000
1981-07-22T00:00:00Z,234.5000000000
1981-07-23T00:00:00Z,234.9000000000
1981-07-24T00:00:00Z,234.5200000000
1981-07-27T00:00:00Z,236.1000000000
1981-07-28T00:00:00Z,237.2500000000
1981-07-29T00:00:00Z,237.8500000000
1981-07-30T00:00:00Z,238.8000000000
1981-07-31T00:00:00Z,240.4000000000
1981-08-03T00:00:00Z,245.4000000000
1981-08-04T00:00:00Z,246.1000000000
1981-08-05T00:00:00Z,240.9000000000
1981-08-06T00:00:00Z,239.9000000000
1981-08-07T00:00:00Z,234.9000000000
1981-08-10T00:00:00Z,236.1000000000
1981-08-11T00:00:00Z,235.7500000000
1981-08-12T00:00:00Z,230.2000000000
1981-08-13T00:00:00Z,231.7000000000
1981-08-14T00:00:00Z,233.7500000000
1981-08-17T00:00:00Z,229.8000000000
1981-08-18T00:00:00Z,229.2000000000
1981-08-19T00:00:00Z,230.3500000000
1981-08-20T00:00:00Z,228.9000000000
1981-08-21T00:00:00Z,227.2500000000
1981-08-24T00:00:00Z,228.4000000000
1981-08-25T00:00:00Z,230.6000000000
1981-08-26T00:00:00Z,230.1000000000
1981-08-27T00:00:00Z,230.9500000000
1981-08-28T00:00:00Z,229.1000000000
1981-08-31T00:00:00Z,230.5000000000
1981-09-01T00:00:00Z,230.9500000000
1981-09-02T00:00:00Z,229.7000000000
1981-09-03T00:00:00Z,230.4000000000
1981-09-04T00:00:00Z,229.7000000000
1981-09-08T00:00:00Z,232.5000000000
1981-09-09T00:00:00Z,233.8000000000
1981-09-10T00:00:00Z,230.9000000000
1981-09-11T00:00:00Z,231.3500000000
1981-09-14T00:00:00Z,230.2000000000
1981-09-15T00:00:00Z,225.7000000000
1981-09-16T00:00:00Z,226.9500000000
1981-09-17T00:00:00Z,226.3000000000
1981-09-18T00:00:00Z,226.3000000000
1981-09-21T00:00:00Z,224.2000000000
1981-09-22T00:00:00Z,226.8000000000
1981-09-23T00:00:00Z,227.9000000000
1981-09-24T00:00:00Z,229.1000000000
1981-09-25T00:00:00Z,229.7000000000
1981-09-28T00:00:00Z,232.4500000000
1981-09-29T00:00:00Z,231.9000000000
1981-09-30T00:00:00Z,232.3000000000
1981-10-01T00:00:00Z,233.1000000000
1981-10-02T00:00:00Z,232.0500000000
1981-10-05T00:00:00Z,227.6000000000
1981-10-06T00:00:00Z,230.4000000000
1981-10-07T00:00:00Z,228.5000000000
1981-10-08T00:00:00Z,228.3500000000
1981-10-09T00:00:00Z,226.5500000000
1981-10-13T00:00:00Z,228.6000000000
1981-10-14T00:00:00Z,228.7500000000
1981-10-15T00:00:00Z,230.6000000000
1981-10-16T00:00:00Z,230.6000000000
1981-10-19T00:00:00Z,232.3500000000
1981-10-20T00:00:00Z,232.7000000000
1981-10-21T00:00:00Z,233.7000000000
1981-10-22T00:00:00Z,233.6500000000
1981-10-23T00:00:00Z,232.3000000000
1981-10-26T00:00:00Z,236.1500000000
1981-10-27T00:00:00Z,234.7500000000
1981-10-28T00:00:00Z,234.0500000000
1981-10-29T00:00:00Z,234.3500000000
1981-10-30T00:00:00Z,232.8000000000
1981-11-02T00:00:00Z,229.1500000000
1981-11-04T00:00:00Z,227.3000000000
1981-11-05T00:00:00Z,228.5000000000
1981-11-06T00:00:00Z,229.0500000000
1981-11-09T00:00:00Z,226.7800000000
1981-11-10T00:00:00Z,229.8500000000
1981-11-12T00:00:00Z,227.2500000000
1981-11-13T00:00:00Z,227.3500000000
1981-11-16T00:00:00Z,225.7000000000
1981-11-17T00:00:00Z,224.2500000000
1981-11-18T00:00:00Z,222.2000000000
1981-11-19T00:00:00Z,220.3000000000
1981-11-20T00:00:00Z,218.6500000000
1981-11-23T00:00:00Z,217.6000000000
1981-11-24T00:00:00Z,215.9000000000
1981-11-25T00:00:00Z,216.6000000000
1981-11-27T00:00:00Z,215.6500000000
1981-11-30T00:00:00Z,214.2000000000
1981-12-01T00:00:00Z,216.4000000000
1981-12-02T00:00:00Z,214.7000000000
1981-12-03T00:00:00Z,216.6500000000
1981-12-04T00:00:00Z,216.5000000000
1981-12-07T00:00:00Z,217.5500000000
1981-12-08T00:00:00Z,218.0000000000
1981-12-09T00:00:00Z,218.4000000000
1981-12-10T00:00:00Z,218.6000000000
1981-12-11T00:00:00Z,219.3000000000
1981-12-14T00:00:00Z,220.7500000000
1981-12-15T00:00:00Z,217.5000000000
1981-12-16T00:00:00Z,218.3000000000
1981-12-17T00:00:00Z,218.4500000000
1981-12-18T00:00:00Z,219.0000000000
1981-12-21T00:00:00Z,220.0500000000
1981-12-22T00:00:00Z,219.3500000000
1981-12-23T00:00:00Z,220.7000000000
1981-12-24T00:00:00Z,222.1000000000
1981-12-28T00:00:00Z,222.8000000000
1981-12-29T00:00:00Z,222.3000000000
1981-12-30T00:00:00Z,219.8000000000
1981-12-31T00:00:00Z,219.8000000000
1982-01-04T00:00:00Z,218.7500000000
1982-01-05T00:00:00Z,219.7000000000
1982-01-06T00:00:00Z,219.6000000000
1982-01-07T00:00:00Z,222.0000000000
1982-01-08T00:00:00Z,221.4000000000
1982-01-11T00:00:00Z,223.3000000000
1982-01-12T00:00:00Z,223.0500000000
1982-01-13T00:00:00Z,224.3500000000
1982-01-14T00:00:00Z,224.5000000000
1982-01-15T00:00:00Z,224.5000000000
1982-01-18T00:00:00Z,225.3500000000
1982-01-19T00:00:00Z,224.5000000000
1982-01-20T00:00:00Z,225.5000000000
1982-01-21T00:00:00Z,225.6500000000
1982-01-22T00:00:00Z,227.4000000000
1982-01-25T00:00:00Z,229.4000000000
1982-01-26T00:00:00Z,228.2500000000
1982-01-27T00:00:00Z,229.6000000000
1982-01-28T00:00:00Z,231.0000000000
1982-01-29T00:00:00Z,228.3000000000
1982-02-01T00:00:00Z,232.6000000000
1982-02-02T00:00:00Z,233.2500000000
1982-02-03T00:00:00Z,234.8000000000
1982-02-04T00:00:00Z,233.1500000000
1982-02-05T00:00:00Z,233.5000000000
1982-02-08T00:00:00Z,234.7500000000
1982-02-09T00:00:00Z,236.5000000000
1982-02-10T00:00:00Z,236.3500000000
1982-02-11T00:00:00Z,235.7500000000
1982-02-16T00:00:00Z,240.6500000000
1982-02-17T00:00:00Z,240.3500000000
1982-02-18T00:00:00Z,235.5000000000
1982-02-19T00:00:00Z,233.6000000000
1982-02-22T00:00:00Z,232.1000000000
1982-02-23T00:00:00Z,234.9000000000
1982-02-24T00:00:00Z,234.4500000000
1982-02-25T00:00:00Z,236.0500000000
1982-02-26T00:00:00Z,237.2500000000
1982-03-01T00:00:00Z,238.3000000000
1982-03-02T00:00:00Z,237.7000000000
1982-03-03T00:00:00Z,236.6000000000
1982-03-04T00:00:00Z,236.5500000000
1982-03-05T00:00:00Z,233.9000000000
1982-03-08T00:00:00Z,234.3000000000
1982-03-09T00:00:00Z,237.5500000000
1982-03-10T00:00:00Z,237.2500000000
1982-03-11T00:00:00Z,239.4000000000
1982-03-12T00:00:00Z,240.1000000000
1982-03-15T00:00:00Z,240.5000000000
1982-03-16T00:00:00Z,241.6000000000
1982-03-17T00:00:00Z,241.4000000000
1982-03-18T00:00:00Z,242.1000000000
1982-03-19T00:00:00Z,244.0000000000
1982-03-22T00:00:00Z,245.3000000000
1982-03-23T00:00:00Z,244.9000000000
1982-03-24T00:00:00Z,243.6000000000
1982-03-25T00:00:00Z,245.3500000000
1982-03-26T00:00:00Z,247.1000000000
1982-03-29T00:00:00Z,247.2000000000
1982-03-30T00:00:00Z,245.3000000000
1982-03-31T00:00:00Z,248.2500000000
1982-04-01T00:00:00Z,246.2000000000
1982-04-02T00:00:00Z,245.6000000000
1982-04-05T00:00:00Z,248.4000000000
1982-04-06T00:00:00Z,248.4000000000
1982-04-07T00:00:00Z,245.9000000000
1982-04-08T00:00:00Z,248.7500000000
1982-04-09T00:00:00Z,248.0500000000
1982-04-12T00:00:00Z,248.0000000000
1982-04-13T00:00:00Z,246.7000000000
1982-04-14T00:00:00Z,247.4500000000
1982-04-15T00:00:00Z,248.4000000000
1982-04-16T00:00:00Z,247.8000000000
1982-04-19T00:00:00Z,245.0000000000
1982-04-20T00:00:00Z,243.1500000000
1982-04-21T00:00:00Z,243.2000000000
1982-04-22T00:00:00Z,242.8000000000
1982-04-23T00:00:00Z,241.1500000000
1982-04-26T00:00:00Z,238.4000000000
1982-04-27T00:00:00Z,238.0000000000
1982-04-28T00:00:00Z,237.2500000000
1982-04-29T00:00:00Z,235.9000000000
1982-04-30T00:00:00Z,235.8500000000
1982-05-03T00:00:00Z,236.6000000000
1982-05-04T00:00:00Z,237.5500000000
1982-05-05T00:00:00Z,234.1000000000
1982-05-06T00:00:00Z,233.5500000000
1982-05-07T00:00:00Z,232.9200000000
1982-05-10T00:00:00Z,233.3000000000
1982-05-11T00:00:00Z,232.8500000000
1982-05-12T00:00:00Z,233.8000000000
1982-05-13T00:00:00Z,235.2000000000
1982-05-14T00:00:00Z,235.2500000000
1982-05-17T00:00:00Z,236.8500000000
1982-05-18T00:00:00Z,237.2500000000
1982-05-19T00:00:00Z,238.9500000000
1982-05-20T00:00:00Z,238.3000000000
1982-05-21T00:00:00Z,237.6000000000
1982-05-24T00:00:00Z,238.4000000000
1982-05-25T00:00:00Z,240.2000000000
1982-05-26T00:00:00Z,240.4000000000
1982-05-27T00:00:00Z,242.9000000000
1982-05-28T00:00:00Z,243.3000000000
1982-06-01T00:00:00Z,244.3000000000
1982-06-02T00:00:00Z,244.7000000000
1982-06-03T00:00:00Z,243.2000000000
1982-06-04T00:00:00Z,243.6500000000
1982-06-07T00:00:00Z,245.6500000000
1982-06-08T00:00:00Z,247.0000000000
1982-06-09T00:00:00Z,248.9500000000
1982-06-10T00:00:00Z,249.3000000000
1982-06-11T00:00:00Z,247.5500000000
1982-06-14T00:00:00Z,250.6500000000
1982-06-15T00:00:00Z,251.6500000000
1982-06-16T00:00:00Z,252.8500000000
1982-06-17T00:00:00Z,254.5000000000
1982-06-18T00:00:00Z,255.1500000000
1982-06-21T00:00:00Z,257.1500000000
1982-06-22T00:00:00Z,254.5000000000
1982-06-23T00:00:00Z,256.0000000000
1982-06-24T00:00:00Z,252.4000000000
1982-06-25T00:00:00Z,257.7000000000
1982-06-28T00:00:00Z,258.9500000000
1982-06-29T00:00:00Z,255.5500000000
1982-06-30T00:00:00Z,255.0000000000
1982-07-01T00:00:00Z,255.9500000000
1982-07-02T00:00:00Z,257.0000000000
1982-07-06T00:00:00Z,257.7000000000
1982-07-07T00:00:00Z,259.0000000000
1982-07-08T00:00:00Z,257.8500000000
1982-07-09T00:00:00Z,255.8000000000
1982-07-12T00:00:00Z,254.2500000000
1982-07-13T00:00:00Z,257.5000000000
1982-07-14T00:00:00Z,256.3500000000
1982-07-15T00:00:00Z,255.9500000000
1982-07-16T00:00:00Z,254.0500000000
1982-07-19T00:00:00Z,254.6500000000
1982-07-20T00:00:00Z,253.7500000000
1982-07-21T00:00:00Z,252.0500000000
1982-07-22T00:00:00Z,251.8500000000
1982-07-23T00:00:00Z,249.2000000000
1982-07-26T00:00:00Z,250.9500000000
1982-07-27T00:00:00Z,252.3000000000
1982-07-28T00:00:00Z,254.8000000000
1982-07-29T00:00:00Z,256.6000000000
1982-07-30T00:00:00Z,258.1000000000
1982-08-02T00:00:00Z,256.6000000000
1982-08-03T00:00:00Z,257.8500000000
1982-08-04T00:00:00Z,260.3500000000
1982-08-05T00:00:00Z,259.8500000000
1982-08-06T00:00:00Z,260.1000000000
1982-08-09T00:00:00Z,262.3000000000
1982-08-10T00:00:00Z,263.9000000000
1982-08-11T00:00:00Z,263.4000000000
1982-08-12T00:00:00Z,263.2000000000
1982-08-13T00:00:00Z,262.1000000000
1982-08-16T00:00:00Z,264.0500000000
1982-08-17T00:00:00Z,264.0500000000
1982-08-18T00:00:00Z,259.2000000000
1982-08-19T00:00:00Z,258.3500000000
1982-08-20T00:00:00Z,254.7500000000
1982-08-23T00:00:00Z,254.6000000000
1982-08-24T00:00:00Z,251.5000000000
1982-08-25T00:00:00Z,251.0000000000
1982-08-26T00:00:00Z,253.2000000000
1982-08-27T00:00:00Z,256.6000000000
1982-08-30T00:00:00Z,260.9500000000
1982-08-31T00:00:00Z,261.1000000000
1982-09-01T00:00:00Z,259.1000000000
1982-09-02T00:00:00Z,256.2000000000
1982-09-03T00:00:00Z,257.8000000000
1982-09-07T00:00:00Z,257.4500000000
1982-09-08T00:00:00Z,259.5000000000
1982-09-09T00:00:00Z,258.6500000000
1982-09-10T00:00:00Z,262.6500000000
1982-09-13T00:00:00Z,264.0000000000
1982-09-14T00:00:00Z,263.2500000000
1982-09-15T00:00:00Z,263.4000000000
1982-09-16T00:00:00Z,263.4000000000
1982-09-17T00:00:00Z,263.2000000000
1982-09-20T00:00:00Z,264.5000000000
1982-09-21T00:00:00Z,265.1000000000
1982-09-22T00:00:00Z,262.6500000000
1982-09-23T00:00:00Z,264.9500000000
1982-09-24T00:00:00Z,266.2500000000
1982-09-27T00:00:00Z,269.8000000000
1982-09-28T00:00:00Z,270.0000000000
1982-09-29T00:00:00Z,268.8500000000
1982-09-30T00:00:00Z,268.3000000000
1982-10-01T00:00:00Z,268.9000000000
1982-10-04T00:00:00Z,273.5000000000
1982-10-05T00:00:00Z,273.8000000000
1982-10-06T00:00:00Z,273.9500000000
1982-10-07T00:00:00Z,270.1000000000
1982-10-08T00:00:00Z,267.7000000000
1982-10-12T00:00:00Z,262.6000000000
1982-10-13T00:00:00Z,266.6500000000
1982-10-14T00:00:00Z,268.5000000000
1982-10-15T00:00:00Z,269.7000000000
1982-10-18T00:00:00Z,268.5500000000
1982-10-19T00:00:00Z,268.3000000000
1982-10-20T00:00:00Z,270.4000000000
1982-10-21T00:00:00Z,273.0000000000
1982-10-22T00:00:00Z,273.4500000000
1982-10-25T00:00:00Z,276.5500000000
1982-10-26T00:00:00Z,276.0500000000
1982-10-27T00:00:00Z,276.0500000000
1982-10-28T00:00:00Z,277.4500000000
1982-10-29T00:00:00Z,277.1000000000
1982-11-01T00:00:00Z,276.9000000000
1982-11-03T00:00:00Z,276.5200000000
1982-11-04T00:00:00Z,277.6500000000
1982-11-05T00:00:00Z,275.8000000000
1982-11-08T00:00:00Z,276.0000000000
1982-11-09T00:00:00Z,271.1500000000
1982-11-10T00:00:00Z,268.1000000000
1982-11-12T00:00:00Z,268.5000000000
1982-11-15T00:00:00Z,267.3500000000
1982-11-16T00:00:00Z,263.7000000000
1982-11-17T00:00:00Z,263.3000000000
1982-11-18T00:00:00Z,262.7000000000
1982-11-19T00:00:00Z,257.8500000000
1982-11-22T00:00:00Z,254.6500000000
1982-11-23T00:00:00Z,257.0500000000
1982-11-24T00:00:00Z,250.7000000000
1982-11-26T00:00:00Z,250.2000000000
1982-11-29T00:00:00Z,250.3500000000
1982-11-30T00:00:00Z,249.2000000000
1982-12-01T00:00:00Z,248.6000000000
1982-12-02T00:00:00Z,248.1000000000
1982-12-03T00:00:00Z,246.6000000000
1982-12-06T00:00:00Z,245.1000000000
1982-12-07T00:00:00Z,242.7500000000
1982-12-08T00:00:00Z,242.1500000000
1982-12-09T00:00:00Z,245.7000000000
1982-12-10T00:00:00Z,244.2500000000
1982-12-13T00:00:00Z,247.3000000000
1982-12-14T00:00:00Z,244.3000000000
1982-12-15T00:00:00Z,244.9500000000
1982-12-16T00:00:00Z,243.3000000000
1982-12-17T00:00:00Z,244.1500000000
1982-12-20T00:00:00Z,244.4500000000
1982-12-21T00:00:00Z,242.1000000000
1982-12-22T00:00:00Z,240.5000000000
1982-12-23T00:00:00Z,238.1000000000
1982-12-24T00:00:00Z,238.1000000000
1982-12-27T00:00:00Z,237.5000000000
1982-12-28T00:00:00Z,234.6500000000
1982-12-29T00:00:00Z,232.8000000000
1982-12-30T00:00:00Z,234.5000000000
1982-12-31T00:00:00Z,234.7000000000
1983-01-03T00:00:00Z,232.0000000000
1983-01-04T00:00:00Z,229.8000000000
1983-01-05T00:00:00Z,229.1000000000
1983-01-06T00:00:00Z,229.8000000000
1983-01-07T00:00:00Z,229.1000000000
1983-01-10T00:00:00Z,226.7500000000
1983-01-11T00:00:00Z,228.8000000000
1983-01-12T00:00:00Z,230.5500000000
1983-01-13T00:00:00Z,229.1000000000
1983-01-14T00:00:00Z,230.5000000000
1983-01-17T00:00:00Z,229.6000000000
1983-01-18T00:00:00Z,232.1500000000
1983-01-19T00:00:00Z,234.9500000000
1983-01-20T00:00:00Z,235.3000000000
1983-01-21T00:00:00Z,236.3500000000
1983-01-24T00:00:00Z,240.2000000000
1983-01-25T00:00:00Z,235.8500000000
1983-01-26T00:00:00Z,235.3500000000
1983-01-27T00:00:00Z,235.8500000000
1983-01-28T00:00:00Z,236.4000000000
1983-01-31T00:00:00Z,239.8500000000
1983-02-01T00:00:00Z,239.4000000000
1983-02-02T00:00:00Z,242.2000000000
1983-02-03T00:00:00Z,238.8500000000
1983-02-04T00:00:00Z,240.3000000000
1983-02-07T00:00:00Z,237.4500000000
1983-02-08T00:00:00Z,237.4500000000
1983-02-09T00:00:00Z,236.6000000000
1983-02-10T00:00:00Z,235.1000000000
1983-02-11T00:00:00Z,234.7000000000
1983-02-14T00:00:00Z,234.8000000000
1983-02-15T00:00:00Z,234.1000000000
1983-02-16T00:00:00Z,232.6000000000
1983-02-17T00:00:00Z,233.2000000000
1983-02-18T00:00:00Z,233.6000000000
1983-02-22T00:00:00Z,233.8000000000
1983-02-23T00:00:00Z,235.0500000000
1983-02-24T00:00:00Z,234.2000000000
1983-02-25T00:00:00Z,235.0500000000
1983-02-28T00:00:00Z,237.8500000000
1983-03-01T00:00:00Z,239.0000000000
1983-03-02T00:00:00Z,237.3000000000
1983-03-03T00:00:00Z,236.4000000000
1983-03-04T00:00:00Z,235.8000000000
1983-03-07T00:00:00Z,235.7000000000
1983-03-08T00:00:00Z,238.7000000000
1983-03-09T00:00:00Z,237.7000000000
1983-03-10T00:00:00Z,237.0500000000
1983-03-11T00:00:00Z,238.4500000000
1983-03-14T00:00:00Z,237.5000000000
1983-03-15T00:00:00Z,237.2500000000
1983-03-16T00:00:00Z,237.2500000000
1983-03-17T00:00:00Z,239.1000000000
1983-03-18T00:00:00Z,240.3000000000
1983-03-21T00:00:00Z,240.8500000000
1983-03-22T00:00:00Z,239.4000000000
1983-03-23T00:00:00Z,238.8000000000
1983-03-24T00:00:00Z,237.2500000000
1983-03-25T00:00:00Z,237.1000000000
1983-03-28T00:00:00Z,240.1000000000
1983-03-29T00:00:00Z,240.0500000000
1983-03-30T00:00:00Z,239.8000000000
1983-03-31T00:00:00Z,239.0000000000
1983-04-01T00:00:00Z,239.6000000000
1983-04-04T00:00:00Z,239.0000000000
1983-04-05T00:00:00Z,237.6500000000
1983-04-06T00:00:00Z,237.0500000000
1983-04-07T00:00:00Z,237.9000000000
1983-04-08T00:00:00Z,239.3000000000
1983-04-11T00:00:00Z,237.9500000000
1983-04-12T00:00:00Z,238.0500000000
1983-04-13T00:00:00Z,238.5000000000
1983-04-14T00:00:00Z,238.2500000000
1983-04-15T00:00:00Z,237.6000000000
1983-04-18T00:00:00Z,237.8000000000
1983-04-19T00:00:00Z,237.0500000000
1983-04-20T00:00:00Z,237.3800000000
1983-04-21T00:00:00Z,236.4000000000
1983-04-22T00:00:00Z,236.8500000000
1983-04-25T00:00:00Z,236.2500000000
1983-04-26T00:00:00Z,237.3500000000
1983-04-27T00:00:00Z,236.2500000000
1983-04-28T00:00:00Z,238.2000000000
1983-04-29T00:00:00Z,238.3000000000
1983-05-02T00:00:00Z,237.6000000000
1983-05-03T00:00:00Z,237.6500000000
1983-05-04T00:00:00Z,236.2500000000
1983-05-05T00:00:00Z,235.2000000000
1983-05-06T00:00:00Z,234.7000000000
1983-05-09T00:00:00Z,232.6500000000
1983-05-10T00:00:00Z,232.5000000000
1983-05-11T00:00:00Z,230.9000000000
1983-05-12T00:00:00Z,231.5000000000
1983-05-13T00:00:00Z,231.3000000000
1983-05-16T00:00:00Z,233.3000000000
1983-05-17T00:00:00Z,233.4000000000
1983-05-18T00:00:00Z,232.7500000000
1983-05-19T00:00:00Z,234.4000000000
1983-05-20T00:00:00Z,234.1000000000
1983-05-23T00:00:00Z,235.4000000000
1983-05-24T00:00:00Z,236.6000000000
1983-05-25T00:00:00Z,236.3000000000
1983-05-26T00:00:00Z,236.5500000000
1983-05-27T00:00:00Z,237.9700000000
1983-05-31T00:00:00Z,238.8500000000
1983-06-01T00:00:00Z,239.8500000000
1983-06-02T00:00:00Z,238.3500000000
1983-06-03T00:00:00Z,239.0000000000
1983-06-06T00:00:00Z,240.5000000000
1983-06-07T00:00:00Z,240.3500000000
1983-06-08T00:00:00Z,241.3800000000
1983-06-09T00:00:00Z,242.7000000000
1983-06-10T00:00:00Z,242.1800000000
1983-06-13T00:00:00Z,242.5500000000
1983-06-14T00:00:00Z,243.0500000000
1983-06-15T00:00:00Z,242.4500000000
1983-06-16T00:00:00Z,240.5500000000
1983-06-17T00:00:00Z,239.9000000000
1983-06-20T00:00:00Z,239.2500000000
1983-06-21T00:00:00Z,239.6000000000
1983-06-22T00:00:00Z,237.4000000000
1983-06-23T00:00:00Z,237.5000000000
1983-06-24T00:00:00Z,237.3000000000
1983-06-27T00:00:00Z,239.4000000000
1983-06-28T00:00:00Z,238.8000000000
1983-06-29T00:00:00Z,239.3500000000
1983-06-30T00:00:00Z,239.2800000000
1983-07-01T00:00:00Z,239.1500000000
1983-07-05T00:00:00Z,240.7000000000
1983-07-06T00:00:00Z,239.5000000000
1983-07-07T00:00:00Z,240.8500000000
1983-07-08T00:00:00Z,241.3500000000
1983-07-11T00:00:00Z,241.6500000000
1983-07-12T00:00:00Z,240.6500000000
1983-07-13T00:00:00Z,239.8000000000
1983-07-14T00:00:00Z,240.1000000000
1983-07-15T00:00:00Z,241.2500000000
1983-07-18T00:00:00Z,240.8000000000
1983-07-19T00:00:00Z,240.8000000000
1983-07-20T00:00:00Z,239.3000000000
1983-07-21T00:00:00Z,239.6000000000
1983-07-22T00:00:00Z,240.2500000000
1983-07-25T00:00:00Z,240.5500000000
1983-07-26T00:00:00Z,240.6000000000
1983-07-27T00:00:00Z,240.8700000000
1983-07-28T00:00:00Z,240.8000000000
1983-07-29T00:00:00Z,241.7500000000
1983-08-01T00:00:00Z,243.7000000000
1983-08-02T00:00:00Z,243.1500000000
1983-08-03T00:00:00Z,243.2500000000
1983-08-04T00:00:00Z,243.6000000000
1983-08-05T00:00:00Z,243.9000000000
1983-08-08T00:00:00Z,244.2500000000
1983-08-09T00:00:00Z,243.9800000000
1983-08-10T00:00:00Z,245.8000000000
1983-08-11T00:00:00Z,246.3500000000
1983-08-12T00:00:00Z,247.0500000000
1983-08-15T00:00:00Z,246.9000000000
1983-08-16T00:00:00Z,243.1500000000
1983-08-17T00:00:00Z,243.6000000000
1983-08-18T00:00:00Z,242.9800000000
1983-08-19T00:00:00Z,244.0000000000
1983-08-22T00:00:00Z,243.1000000000
1983-08-23T00:00:00Z,243.2500000000
1983-08-24T00:00:00Z,242.9000000000
1983-08-25T00:00:00Z,243.2000000000
1983-08-26T00:00:00Z,245.6500000000
1983-08-29T00:00:00Z,246.1500000000
1983-08-30T00:00:00Z,246.2500000000
1983-08-31T00:00:00Z,246.4500000000
1983-09-01T00:00:00Z,246.5000000000
1983-09-02T00:00:00Z,246.8000000000
1983-09-06T00:00:00Z,245.8500000000
1983-09-07T00:00:00Z,245.7000000000
1983-09-08T00:00:00Z,244.6000000000
1983-09-09T00:00:00Z,244.5500000000
1983-09-12T00:00:00Z,243.4200000000
1983-09-13T00:00:00Z,244.2000000000
1983-09-14T00:00:00Z,245.3000000000
1983-09-15T00:00:00Z,244.6500000000
1983-09-16T00:00:00Z,243.5500000000
1983-09-19T00:00:00Z,241.7000000000
1983-09-20T00:00:00Z,242.5000000000
1983-09-21T00:00:00Z,242.2500000000
1983-09-22T00:00:00Z,242.8000000000
1983-09-23T00:00:00Z,239.6000000000
1983-09-26T00:00:00Z,238.0500000000
1983-09-27T00:00:00Z,237.9000000000
1983-09-28T00:00:00Z,236.9000000000
1983-09-29T00:00:00Z,236.8000000000
1983-09-30T00:00:00Z,235.6500000000
1983-10-03T00:00:00Z,234.1500000000
1983-10-04T00:00:00Z,234.1000000000
1983-10-05T00:00:00Z,232.9000000000
1983-10-06T00:00:00Z,232.4000000000
1983-10-07T00:00:00Z,230.8500000000
1983-10-11T00:00:00Z,232.0500000000
1983-10-12T00:00:00Z,234.2800000000
1983-10-13T00:00:00Z,233.1500000000
1983-10-14T00:00:00Z,232.8000000000
1983-10-17T00:00:00Z,232.9500000000
1983-10-18T00:00:00Z,232.3000000000
1983-10-19T00:00:00Z,232.6500000000
1983-10-20T00:00:00Z,232.5000000000
1983-10-21T00:00:00Z,232.3800000000
1983-10-24T00:00:00Z,233.5000000000
1983-10-25T00:00:00Z,232.4500000000
1983-10-26T00:00:00Z,232.9500000000
1983-10-27T00:00:00Z,232.6000000000
1983-10-28T00:00:00Z,232.7000000000
1983-10-31T00:00:00Z,234.0500000000
1983-11-01T00:00:00Z,234.7700000000
1983-11-02T00:00:00Z,234.4500000000
1983-11-03T00:00:00Z,234.3500000000
1983-11-04T00:00:00Z,236.6500000000
1983-11-07T00:00:00Z,237.0000000000
1983-11-09T00:00:00Z,235.4000000000
1983-11-10T00:00:00Z,234.4500000000
1983-11-14T00:00:00Z,234.6500000000
1983-11-15T00:00:00Z,234.4500000000
1983-11-16T00:00:00Z,235.4000000000
1983-11-17T00:00:00Z,236.2500000000
1983-11-18T00:00:00Z,235.9500000000
1983-11-21T00:00:00Z,235.2000000000
1983-11-22T00:00:00Z,234.5000000000
1983-11-23T00:00:00Z,235.0500000000
1983-11-25T00:00:00Z,235.1000000000
1983-11-28T00:00:00Z,234.8500000000
1983-11-29T00:00:00Z,234.6000000000
1983-11-30T00:00:00Z,232.5000000000
1983-12-01T00:00:00Z,232.5300000000
1983-12-02T00:00:00Z,233.4000000000
1983-12-05T00:00:00Z,235.2000000000
1983-12-06T00:00:00Z,234.3000000000
1983-12-07T00:00:00Z,234.0500000000
1983-12-08T00:00:00Z,234.3000000000
1983-12-09T00:00:00Z,236.9000000000
1983-12-12T00:00:00Z,236.6500000000
1983-12-13T00:00:00Z,236.2500000000
1983-12-14T00:00:00Z,235.0800000000
1983-12-15T00:00:00Z,234.9000000000
1983-12-16T00:00:00Z,235.5000000000
1983-12-19T00:00:00Z,236.1000000000
1983-12-20T00:00:00Z,234.8000000000
1983-12-21T00:00:00Z,234.7000000000
1983-12-22T00:00:00Z,234.0500000000
1983-12-23T00:00:00Z,233.9000000000
1983-12-27T00:00:00Z,233.8000000000
1983-12-28T00:00:00Z,233.4000000000
1983-12-29T00:00:00Z,232.2000000000
1983-12-30T00:00:00Z,231.7000000000
1984-01-03T00:00:00Z,232.4500000000
1984-01-04T00:00:00Z,233.4200000000
1984-01-05T00:00:00Z,232.7000000000
1984-01-06T00:00:00Z,232.7000000000
1984-01-09T00:00:00Z,233.3000000000
1984-01-10T00:00:00Z,233.4500000000
1984-01-11T00:00:00Z,234.4500000000
1984-01-12T00:00:00Z,234.8700000000
1984-01-13T00:00:00Z,233.4000000000
1984-01-16T00:00:00Z,233.3000000000
1984-01-17T00:00:00Z,234.2800000000
1984-01-18T00:00:00Z,233.6000000000
1984-01-19T00:00:00Z,233.3500000000
1984-01-20T00:00:00Z,234.5000000000
1984-01-23T00:00:00Z,233.8500000000
1984-01-24T00:00:00Z,234.3500000000
1984-01-25T00:00:00Z,234.2000000000
1984-01-26T00:00:00Z,234.1000000000
1984-01-27T00:00:00Z,234.2800000000
1984-01-30T00:00:00Z,234.5800000000
1984-01-31T00:00:00Z,234.6700000000
1984-02-01T00:00:00Z,234.2500000000
1984-02-02T00:00:00Z,233.6000000000
1984-02-03T00:00:00Z,232.7000000000
1984-02-06T00:00:00Z,233.1000000000
1984-02-07T00:00:00Z,234.5000000000
1984-02-08T00:00:00Z,234.1500000000
1984-02-09T00:00:00Z,233.8800000000
1984-02-10T00:00:00Z,234.6000000000
1984-02-14T00:00:00Z,233.9500000000
1984-02-15T00:00:00Z,233.2000000000
1984-02-16T00:00:00Z,232.8500000000
1984-02-17T00:00:00Z,233.2000000000
1984-02-21T00:00:00Z,234.1000000000
1984-02-22T00:00:00Z,233.2000000000
1984-02-23T00:00:00Z,233.6000000000
1984-02-24T00:00:00Z,233.2000000000
1984-02-27T00:00:00Z,233.3000000000
1984-02-28T00:00:00Z,233.5200000000
1984-02-29T00:00:00Z,233.4300000000
1984-03-01T00:00:00Z,233.4300000000
1984-03-02T00:00:00Z,228.2000000000
1984-03-05T00:00:00Z,223.3500000000
1984-03-06T00:00:00Z,223.3500000000
1984-03-07T00:00:00Z,223.2500000000
1984-03-08T00:00:00Z,224.5500000000
1984-03-09T00:00:00Z,224.8000000000
1984-03-12T00:00:00Z,224.8300000000
1984-03-13T00:00:00Z,223.1500000000
1984-03-14T00:00:00Z,223.7000000000
1984-03-15T00:00:00Z,224.1000000000
1984-03-16T00:00:00Z,225.8500000000
1984-03-19T00:00:00Z,225.8000000000
1984-03-20T00:00:00Z,226.0000000000
1984-03-21T00:00:00Z,226.8000000000
1984-03-22T00:00:00Z,226.4500000000
1984-03-23T00:00:00Z,225.6300000000
1984-03-26T00:00:00Z,224.6700000000
1984-03-27T00:00:00Z,224.4500000000
1984-03-28T00:00:00Z,224.7000000000
1984-03-29T00:00:00Z,224.0500000000
1984-03-30T00:00:00Z,224.7500000000
1984-04-02T00:00:00Z,224.6500000000
1984-04-03T00:00:00Z,225.1000000000
1984-04-04T00:00:00Z,225.3500000000
1984-04-05T00:00:00Z,225.6000000000
1984-04-06T00:00:00Z,225.3500000000
1984-04-09T00:00:00Z,225.5000000000
1984-04-10T00:00:00Z,225.1800000000
1984-04-11T00:00:00Z,222.7000000000
1984-04-12T00:00:00Z,224.1000000000
1984-04-13T00:00:00Z,224.7000000000
1984-04-16T00:00:00Z,225.4200000000
1984-04-17T00:00:00Z,225.0500000000
1984-04-18T00:00:00Z,224.8000000000
1984-04-19T00:00:00Z,225.1000000000
1984-04-20T00:00:00Z,225.1000000000
1984-04-23T00:00:00Z,224.7500000000
1984-04-24T00:00:00Z,225.8500000000
1984-04-25T00:00:00Z,225.6000000000
1984-04-26T00:00:00Z,225.7500000000
1984-04-27T00:00:00Z,226.5500000000
1984-04-30T00:00:00Z,227.0000000000
1984-05-01T00:00:00Z,226.9500000000
1984-05-02T00:00:00Z,227.0500000000
1984-05-03T00:00:00Z,226.4000000000
1984-05-04T00:00:00Z,226.8500000000
1984-05-07T00:00:00Z,229.0000000000
1984-05-08T00:00:00Z,229.1500000000
1984-05-09T00:00:00Z,228.8700000000
1984-05-10T00:00:00Z,229.2000000000
1984-05-11T00:00:00Z,230.3000000000
1984-05-14T00:00:00Z,231.2000000000
1984-05-15T00:00:00Z,231.7500000000
1984-05-16T00:00:00Z,231.1000000000
1984-05-17T00:00:00Z,232.3300000000
1984-05-18T00:00:00Z,233.3500000000
1984-05-21T00:00:00Z,233.0000000000
1984-05-22T00:00:00Z,233.2500000000
1984-05-23T00:00:00Z,232.3700000000
1984-05-24T00:00:00Z,231.8300000000
1984-05-25T00:00:00Z,231.7000000000
1984-05-29T00:00:00Z,231.8000000000
1984-05-30T00:00:00Z,231.4800000000
1984-05-31T00:00:00Z,231.5800000000
1984-06-01T00:00:00Z,230.1500000000
1984-06-04T00:00:00Z,229.7000000000
1984-06-05T00:00:00Z,230.4500000000
1984-06-06T00:00:00Z,230.5000000000
1984-06-07T00:00:00Z,231.3500000000
1984-06-08T00:00:00Z,231.7200000000
1984-06-11T00:00:00Z,231.9300000000
1984-06-12T00:00:00Z,232.6500000000
1984-06-13T00:00:00Z,232.4000000000
1984-06-14T00:00:00Z,231.6500000000
1984-06-15T00:00:00Z,233.0000000000
1984-06-18T00:00:00Z,233.4500000000
1984-06-19T00:00:00Z,232.9500000000
1984-06-20T00:00:00Z,234.5500000000
1984-06-21T00:00:00Z,234.8500000000
1984-06-22T00:00:00Z,235.9500000000
1984-06-25T00:00:00Z,237.9500000000
1984-06-26T00:00:00Z,237.0800000000
1984-06-27T00:00:00Z,238.0000000000
1984-06-28T00:00:00Z,237.3000000000
1984-06-29T00:00:00Z,237.3000000000
1984-07-02T00:00:00Z,238.5000000000
1984-07-03T00:00:00Z,239.6300000000
1984-07-05T00:00:00Z,240.3500000000
1984-07-06T00:00:00Z,241.2500000000
1984-07-09T00:00:00Z,242.6300000000
1984-07-10T00:00:00Z,241.4500000000
1984-07-11T00:00:00Z,242.1000000000
1984-07-12T00:00:00Z,242.6800000000
1984-07-13T00:00:00Z,241.4500000000
1984-07-16T00:00:00Z,240.7000000000
1984-07-17T00:00:00Z,242.3500000000
1984-07-18T00:00:00Z,243.8500000000
1984-07-19T00:00:00Z,243.1500000000
1984-07-20T00:00:00Z,245.2000000000
1984-07-23T00:00:00Z,246.9500000000
1984-07-24T00:00:00Z,246.1800000000
1984-07-25T00:00:00Z,245.6000000000
1984-07-26T00:00:00Z,243.6500000000
1984-07-27T00:00:00Z,245.4000000000
1984-07-30T00:00:00Z,246.0500000000
1984-07-31T00:00:00Z,245.3000000000
1984-08-01T00:00:00Z,245.7500000000
1984-08-02T00:00:00Z,245.4200000000
1984-08-03T00:00:00Z,241.8000000000
1984-08-06T00:00:00Z,243.1500000000
1984-08-07T00:00:00Z,244.5000000000
1984-08-08T00:00:00Z,243.1000000000
1984-08-09T00:00:00Z,243.3500000000
1984-08-10T00:00:00Z,242.5000000000
1984-08-13T00:00:00Z,244.0800000000
1984-08-14T00:00:00Z,241.7000000000
1984-08-15T00:00:00Z,241.9000000000
1984-08-16T00:00:00Z,240.8000000000
1984-08-17T00:00:00Z,241.1000000000
1984-08-20T00:00:00Z,241.0500000000
1984-08-21T00:00:00Z,242.1500000000
1984-08-22T00:00:00Z,241.3000000000
1984-08-23T00:00:00Z,240.6000000000
1984-08-24T00:00:00Z,241.2000000000
1984-08-27T00:00:00Z,241.6000000000
1984-08-28T00:00:00Z,241.2000000000
1984-08-29T00:00:00Z,240.6000000000
1984-08-30T00:00:00Z,241.2500000000
1984-08-31T00:00:00Z,241.9000000000
1984-09-04T00:00:00Z,243.7500000000
1984-09-05T00:00:00Z,244.7000000000
1984-09-06T00:00:00Z,244.1000000000
1984-09-07T00:00:00Z,245.8000000000
1984-09-10T00:00:00Z,245.6000000000
1984-09-11T00:00:00Z,245.5500000000
1984-09-12T00:00:00Z,244.9500000000
1984-09-13T00:00:00Z,245.8000000000
1984-09-14T00:00:00Z,245.6500000000
1984-09-17T00:00:00Z,247.2000000000
1984-09-18T00:00:00Z,246.1800000000
1984-09-19T00:00:00Z,245.7500000000
1984-09-20T00:00:00Z,246.9000000000
1984-09-21T00:00:00Z,244.4000000000
1984-09-24T00:00:00Z,244.2000000000
1984-09-25T00:00:00Z,246.0000000000
1984-09-26T00:00:00Z,245.1500000000
1984-09-27T00:00:00Z,245.1000000000
1984-09-28T00:00:00Z,246.9000000000
1984-10-01T00:00:00Z,246.4000000000
1984-10-02T00:00:00Z,246.0000000000
1984-10-03T00:00:00Z,245.7500000000
1984-10-04T00:00:00Z,246.2000000000
1984-10-05T00:00:00Z,246.9500000000
1984-10-09T00:00:00Z,247.6000000000
1984-10-10T00:00:00Z,247.0500000000
1984-10-11T00:00:00Z,248.0000000000
1984-10-12T00:00:00Z,248.1000000000
1984-10-15T00:00:00Z,248.8000000000
1984-10-16T00:00:00Z,248.9800000000
1984-10-17T00:00:00Z,249.1000000000
1984-10-18T00:00:00Z,248.9000000000
1984-10-19T00:00:00Z,247.2500000000
1984-10-22T00:00:00Z,247.3000000000
1984-10-23T00:00:00Z,244.6000000000
1984-10-24T00:00:00Z,244.1200000000
1984-10-25T00:00:00Z,244.0500000000
1984-10-26T00:00:00Z,245.5000000000
1984-10-29T00:00:00Z,246.6500000000
1984-10-30T00:00:00Z,245.6000000000
1984-10-31T00:00:00Z,245.7000000000
1984-11-01T00:00:00Z,244.3000000000
1984-11-02T00:00:00Z,242.0000000000
1984-11-05T00:00:00Z,242.0500000000
1984-11-07T00:00:00Z,240.8000000000
1984-11-08T00:00:00Z,240.9500000000
1984-11-09T00:00:00Z,241.0000000000
1984-11-13T00:00:00Z,240.4500000000
1984-11-14T00:00:00Z,242.4500000000
1984-11-15T00:00:00Z,242.5000000000
1984-11-16T00:00:00Z,242.8000000000
1984-11-19T00:00:00Z,243.6500000000
1984-11-20T00:00:00Z,244.8000000000
1984-11-21T00:00:00Z,245.5300000000
1984-11-23T00:00:00Z,245.4000000000
1984-11-26T00:00:00Z,246.1500000000
1984-11-27T00:00:00Z,245.4000000000
1984-11-28T00:00:00Z,245.4500000000
1984-11-29T00:00:00Z,245.8000000000
1984-11-30T00:00:00Z,247.5000000000
1984-12-03T00:00:00Z,248.2000000000
1984-12-04T00:00:00Z,246.4500000000
1984-12-05T00:00:00Z,246.8000000000
1984-12-06T00:00:00Z,246.5500000000
1984-12-07T00:00:00Z,247.4000000000
1984-12-10T00:00:00Z,246.8200000000
1984-12-11T00:00:00Z,247.0000000000
1984-12-12T00:00:00Z,247.2500000000
1984-12-13T00:00:00Z,247.5500000000
1984-12-14T00:00:00Z,247.7500000000
1984-12-17T00:00:00Z,247.5500000000
1984-12-18T00:00:00Z,246.7500000000
1984-12-19T00:00:00Z,247.7600000000
1984-12-20T00:00:00Z,248.1000000000
1984-12-21T00:00:00Z,247.9500000000
1984-12-24T00:00:00Z,248.1000000000
1984-12-26T00:00:00Z,249.0500000000
1984-12-27T00:00:00Z,250.2000000000
1984-12-28T00:00:00Z,250.4500000000
1984-12-31T00:00:00Z,251.6000000000
1985-01-02T00:00:00Z,251.8000000000
1985-01-03T00:00:00Z,252.4500000000
1985-01-04T00:00:00Z,253.2000000000
1985-01-07T00:00:00Z,255.9500000000
1985-01-08T00:00:00Z,253.7500000000
1985-01-09T00:00:00Z,255.1000000000
1985-01-10T00:00:00Z,253.7000000000
1985-01-11T00:00:00Z,253.8300000000
1985-01-14T00:00:00Z,255.4000000000
1985-01-15T00:00:00Z,254.7000000000
1985-01-16T00:00:00Z,254.9500000000
1985-01-17T00:00:00Z,254.5500000000
1985-01-18T00:00:00Z,254.5800000000
1985-01-22T00:00:00Z,254.0000000000
1985-01-23T00:00:00Z,254.4000000000
1985-01-24T00:00:00Z,253.7000000000
1985-01-25T00:00:00Z,253.9500000000
1985-01-28T00:00:00Z,254.1800000000
1985-01-29T00:00:00Z,254.3500000000
1985-01-30T00:00:00Z,254.5000000000
1985-01-31T00:00:00Z,254.8000000000
1985-02-01T00:00:00Z,256.7500000000
1985-02-04T00:00:00Z,259.4200000000
1985-02-05T00:00:00Z,259.7000000000
1985-02-06T00:00:00Z,259.5300000000
1985-02-07T00:00:00Z,260.6500000000
1985-02-08T00:00:00Z,260.7000000000
1985-02-11T00:00:00Z,261.6500000000
1985-02-13T00:00:00Z,262.8000000000
1985-02-14T00:00:00Z,260.5000000000
1985-02-15T00:00:00Z,257.8500000000
1985-02-19T00:00:00Z,260.7000000000
1985-02-20T00:00:00Z,261.3000000000
1985-02-21T00:00:00Z,261.8000000000
1985-02-22T00:00:00Z,262.8000000000
1985-02-25T00:00:00Z,262.6500000000
1985-02-26T00:00:00Z,261.0500000000
1985-02-27T00:00:00Z,259.3000000000
1985-02-28T00:00:00Z,259.4500000000
1985-03-01T00:00:00Z,260.3500000000
1985-03-04T00:00:00Z,260.1000000000
1985-03-05T00:00:00Z,261.0000000000
1985-03-06T00:00:00Z,261.2000000000
1985-03-07T00:00:00Z,261.0000000000
1985-03-08T00:00:00Z,261.6300000000
1985-03-11T00:00:00Z,259.2500000000
1985-03-12T00:00:00Z,260.1000000000
1985-03-13T00:00:00Z,260.2500000000
1985-03-14T00:00:00Z,260.5500000000
1985-03-15T00:00:00Z,260.5500000000
1985-03-18T00:00:00Z,259.9000000000
1985-03-19T00:00:00Z,256.3000000000
1985-03-20T00:00:00Z,256.4000000000
1985-03-21T00:00:00Z,254.1000000000
1985-03-22T00:00:00Z,255.6500000000
1985-03-25T00:00:00Z,256.6500000000
1985-03-26T00:00:00Z,255.4000000000
1985-03-27T00:00:00Z,251.9500000000
1985-03-28T00:00:00Z,253.0000000000
1985-03-29T00:00:00Z,251.0000000000
1985-04-01T00:00:00Z,252.4500000000
1985-04-02T00:00:00Z,254.3000000000
1985-04-03T00:00:00Z,253.1500000000
1985-04-04T00:00:00Z,254.5000000000
1985-04-05T00:00:00Z,254.8500000000
1985-04-08T00:00:00Z,255.5000000000
1985-04-09T00:00:00Z,254.9000000000
1985-04-10T00:00:00Z,254.2500000000
1985-04-11T00:00:00Z,251.7000000000
1985-04-12T00:00:00Z,251.3500000000
1985-04-15T00:00:00Z,249.9500000000
1985-04-16T00:00:00Z,249.5500000000
1985-04-17T00:00:00Z,249.5500000000
1985-04-18T00:00:00Z,247.6000000000
1985-04-19T00:00:00Z,247.4000000000
1985-04-22T00:00:00Z,248.8000000000
1985-04-23T00:00:00Z,250.0000000000
1985-04-24T00:00:00Z,251.3000000000
1985-04-25T00:00:00Z,252.3500000000
1985-04-26T00:00:00Z,252.9500000000
1985-04-29T00:00:00Z,252.7000000000
1985-04-30T00:00:00Z,251.5000000000
1985-05-01T00:00:00Z,252.7500000000
1985-05-02T00:00:00Z,252.9500000000
1985-05-03T00:00:00Z,253.8500000000
1985-05-06T00:00:00Z,254.5500000000
1985-05-07T00:00:00Z,252.9000000000
1985-05-08T00:00:00Z,253.7500000000
1985-05-09T00:00:00Z,251.5500000000
1985-05-10T00:00:00Z,252.4000000000
1985-05-13T00:00:00Z,251.3500000000
1985-05-14T00:00:00Z,249.6000000000
1985-05-15T00:00:00Z,251.0000000000
1985-05-16T00:00:00Z,251.5000000000
1985-05-17T00:00:00Z,250.7000000000
1985-05-20T00:00:00Z,249.6500000000
1985-05-21T00:00:00Z,250.2500000000
1985-05-22T00:00:00Z,250.7500000000
1985-05-23T00:00:00Z,251.3000000000
1985-05-24T00:00:00Z,251.1000000000
1985-05-28T00:00:00Z,251.6000000000
1985-05-29T00:00:00Z,251.7500000000
1985-05-30T00:00:00Z,251.6000000000
1985-05-31T00:00:00Z,251.2000000000
1985-06-03T00:00:00Z,248.6000000000
1985-06-04T00:00:00Z,249.1000000000
1985-06-05T00:00:00Z,249.4500000000
1985-06-06T00:00:00Z,247.7000000000
1985-06-07T00:00:00Z,249.5500000000
1985-06-10T00:00:00Z,250.0000000000
1985-06-11T00:00:00Z,249.9000000000
1985-06-12T00:00:00Z,249.8500000000
1985-06-13T00:00:00Z,249.8000000000
1985-06-14T00:00:00Z,248.7500000000
1985-06-17T00:00:00Z,248.7000000000
1985-06-18T00:00:00Z,247.5500000000
1985-06-19T00:00:00Z,247.7000000000
1985-06-20T00:00:00Z,248.3500000000
1985-06-21T00:00:00Z,248.1500000000
1985-06-24T00:00:00Z,248.8000000000
1985-06-25T00:00:00Z,249.0000000000
1985-06-26T00:00:00Z,248.4500000000
1985-06-27T00:00:00Z,249.0000000000
1985-06-28T00:00:00Z,248.4000000000
1985-07-01T00:00:00Z,247.9500000000
1985-07-02T00:00:00Z,248.3500000000
1985-07-03T00:00:00Z,248.0500000000
1985-07-05T00:00:00Z,247.0000000000
1985-07-08T00:00:00Z,246.0500000000
1985-07-09T00:00:00Z,244.2500000000
1985-07-10T00:00:00Z,243.4500000000
1985-07-11T00:00:00Z,243.0000000000
1985-07-12T00:00:00Z,240.9500000000
1985-07-15T00:00:00Z,237.6500000000
1985-07-16T00:00:00Z,237.9000000000
1985-07-17T00:00:00Z,236.5000000000
1985-07-18T00:00:00Z,238.2000000000
1985-07-19T00:00:00Z,238.7500000000
1985-07-22T00:00:00Z,240.0500000000
1985-07-23T00:00:00Z,238.0000000000
1985-07-24T00:00:00Z,239.7500000000
1985-07-25T00:00:00Z,238.9000000000
1985-07-26T00:00:00Z,239.2500000000
1985-07-29T00:00:00Z,237.1500000000
1985-07-30T00:00:00Z,237.4000000000
1985-07-31T00:00:00Z,236.4500000000
1985-08-01T00:00:00Z,237.6500000000
1985-08-02T00:00:00Z,237.4500000000
1985-08-05T00:00:00Z,237.5000000000
1985-08-06T00:00:00Z,238.4500000000
1985-08-07T00:00:00Z,238.4000000000
1985-08-08T00:00:00Z,238.5000000000
1985-08-09T00:00:00Z,238.5500000000
1985-08-12T00:00:00Z,237.3000000000
1985-08-13T00:00:00Z,237.3500000000
1985-08-14T00:00:00Z,238.0000000000
1985-08-15T00:00:00Z,237.1500000000
1985-08-16T00:00:00Z,236.8500000000
1985-08-19T00:00:00Z,236.8500000000
1985-08-20T00:00:00Z,237.4000000000
1985-08-21T00:00:00Z,237.0000000000
1985-08-22T00:00:00Z,235.8500000000
1985-08-23T00:00:00Z,236.5000000000
1985-08-26T00:00:00Z,236.8900000000
1985-08-27T00:00:00Z,237.3800000000
1985-08-28T00:00:00Z,237.0000000000
1985-08-29T00:00:00Z,237.1200000000
1985-08-30T00:00:00Z,239.0000000000
1985-09-03T00:00:00Z,239.5000000000
1985-09-04T00:00:00Z,239.6000000000
1985-09-05T00:00:00Z,239.9500000000
1985-09-06T00:00:00Z,243.6000000000
1985-09-09T00:00:00Z,243.4500000000
1985-09-10T00:00:00Z,242.7500000000
1985-09-11T00:00:00Z,243.5500000000
1985-09-12T00:00:00Z,243.2000000000
1985-09-13T00:00:00Z,242.0000000000
1985-09-16T00:00:00Z,241.3500000000
1985-09-17T00:00:00Z,241.7000000000
1985-09-18T00:00:00Z,242.2500000000
1985-09-19T00:00:00Z,242.0500000000
1985-09-20T00:00:00Z,240.1000000000
1985-09-23T00:00:00Z,231.9000000000
1985-09-24T00:00:00Z,229.8000000000
1985-09-25T00:00:00Z,226.9000000000
1985-09-26T00:00:00Z,220.3000000000
1985-09-27T00:00:00Z,220.1000000000
1985-09-30T00:00:00Z,216.5000000000
1985-10-01T00:00:00Z,215.0000000000
1985-10-02T00:00:00Z,214.1000000000
1985-10-03T00:00:00Z,212.7900000000
1985-10-04T00:00:00Z,213.4500000000
1985-10-07T00:00:00Z,215.4500000000
1985-10-08T00:00:00Z,216.0000000000
1985-10-09T00:00:00Z,214.8000000000
1985-10-10T00:00:00Z,215.4000000000
1985-10-11T00:00:00Z,214.6500000000
1985-10-15T00:00:00Z,215.4500000000
1985-10-16T00:00:00Z,217.3000000000
1985-10-17T00:00:00Z,215.1500000000
1985-10-18T00:00:00Z,215.1500000000
1985-10-21T00:00:00Z,215.7000000000
1985-10-22T00:00:00Z,216.1000000000
1985-10-23T00:00:00Z,215.9000000000
1985-10-24T00:00:00Z,216.7000000000
1985-10-25T00:00:00Z,214.9000000000
1985-10-28T00:00:00Z,213.5000000000
1985-10-29T00:00:00Z,212.4300000000
1985-10-30T00:00:00Z,211.5000000000
1985-10-31T00:00:00Z,211.5500000000
1985-11-01T00:00:00Z,209.0000000000
1985-11-04T00:00:00Z,207.9000000000
1985-11-05T00:00:00Z,208.0000000000
1985-11-06T00:00:00Z,205.2500000000
1985-11-07T00:00:00Z,205.6000000000
1985-11-08T00:00:00Z,205.8500000000
1985-11-12T00:00:00Z,205.8500000000
1985-11-13T00:00:00Z,204.0000000000
1985-11-14T00:00:00Z,203.3500000000
1985-11-15T00:00:00Z,204.3000000000
1985-11-18T00:00:00Z,203.4500000000
1985-11-19T00:00:00Z,203.0000000000
1985-11-20T00:00:00Z,203.4500000000
1985-11-21T00:00:00Z,202.1000000000
1985-11-22T00:00:00Z,201.3500000000
1985-11-25T00:00:00Z,200.8000000000
1985-11-26T00:00:00Z,201.0000000000
1985-11-27T00:00:00Z,201.0500000000
1985-11-29T00:00:00Z,202.1000000000
1985-12-02T00:00:00Z,204.0300000000
1985-12-03T00:00:00Z,204.7500000000
1985-12-04T00:00:00Z,202.6500000000
1985-12-05T00:00:00Z,203.0000000000
1985-12-06T00:00:00Z,203.4000000000
1985-12-09T00:00:00Z,203.5000000000
1985-12-10T00:00:00Z,203.6000000000
1985-12-11T00:00:00Z,203.9000000000
1985-12-12T00:00:00Z,202.0500000000
1985-12-13T00:00:00Z,202.8000000000
1985-12-16T00:00:00Z,202.6000000000
1985-12-17T00:00:00Z,201.9500000000
1985-12-18T00:00:00Z,203.1500000000
1985-12-19T00:00:00Z,202.9700000000
1985-12-20T00:00:00Z,202.7000000000
1985-12-23T00:00:00Z,202.4500000000
1985-12-24T00:00:00Z,202.7500000000
1985-12-26T00:00:00Z,202.8000000000
1985-12-27T00:00:00Z,202.2000000000
1985-12-30T00:00:00Z,201.0500000000
1985-12-31T00:00:00Z,200.2500000000
1986-01-02T00:00:00Z,199.1500000000
1986-01-03T00:00:00Z,202.5300000000
1986-01-06T00:00:00Z,201.9000000000
1986-01-07T00:00:00Z,201.7000000000
1986-01-08T00:00:00Z,202.1000000000
1986-01-09T00:00:00Z,202.1000000000
1986-01-10T00:00:00Z,202.3500000000
1986-01-13T00:00:00Z,202.7000000000
1986-01-14T00:00:00Z,202.6000000000
1986-01-15T00:00:00Z,202.5000000000
1986-01-16T00:00:00Z,202.5500000000
1986-01-17T00:00:00Z,202.5200000000
1986-01-21T00:00:00Z,202.3500000000
1986-01-22T00:00:00Z,201.7000000000
1986-01-23T00:00:00Z,202.0500000000
1986-01-24T00:00:00Z,196.0500000000
1986-01-27T00:00:00Z,195.7500000000
1986-01-28T00:00:00Z,195.6500000000
1986-01-29T00:00:00Z,194.1000000000
1986-01-30T00:00:00Z,193.0500000000
1986-01-31T00:00:00Z,192.3000000000
1986-02-03T00:00:00Z,191.5500000000
1986-02-04T00:00:00Z,192.0500000000
1986-02-05T00:00:00Z,190.6500000000
1986-02-06T00:00:00Z,190.4800000000
1986-02-07T00:00:00Z,191.3500000000
1986-02-10T00:00:00Z,188.1500000000
1986-02-11T00:00:00Z,187.4500000000
1986-02-12T00:00:00Z,186.7200000000
1986-02-13T00:00:00Z,182.3000000000
1986-02-14T00:00:00Z,182.0000000000
1986-02-18T00:00:00Z,181.0500000000
1986-02-19T00:00:00Z,179.4000000000
1986-02-20T00:00:00Z,181.1000000000
1986-02-21T00:00:00Z,182.9800000000
1986-02-24T00:00:00Z,182.1500000000
1986-02-25T00:00:00Z,180.9500000000
1986-02-26T00:00:00Z,181.1500000000
1986-02-27T00:00:00Z,180.1500000000
1986-02-28T00:00:00Z,180.5500000000
1986-03-03T00:00:00Z,179.6500000000
1986-03-04T00:00:00Z,179.0000000000
1986-03-05T00:00:00Z,181.4500000000
1986-03-06T00:00:00Z,179.3000000000
1986-03-07T00:00:00Z,179.4500000000
1986-03-10T00:00:00Z,180.7000000000
1986-03-11T00:00:00Z,179.9000000000
1986-03-12T00:00:00Z,180.2000000000
1986-03-13T00:00:00Z,179.9000000000
1986-03-14T00:00:00Z,177.1500000000
1986-03-17T00:00:00Z,175.7300000000
1986-03-18T00:00:00Z,175.0000000000
1986-03-19T00:00:00Z,177.1000000000
1986-03-20T00:00:00Z,176.3700000000
1986-03-21T00:00:00Z,175.8000000000
1986-03-24T00:00:00Z,178.9000000000
1986-03-25T00:00:00Z,180.2000000000
1986-03-26T00:00:00Z,179.8000000000
1986-03-27T00:00:00Z,179.5200000000
1986-03-28T00:00:00Z,179.8500000000
1986-03-31T00:00:00Z,177.6000000000
1986-04-01T00:00:00Z,178.1500000000
1986-04-02T00:00:00Z,179.5000000000
1986-04-03T00:00:00Z,179.9000000000
1986-04-04T00:00:00Z,180.3500000000
1986-04-07T00:00:00Z,182.8500000000
1986-04-08T00:00:00Z,180.0500000000
1986-04-09T00:00:00Z,180.0500000000
1986-04-10T00:00:00Z,178.8000000000
1986-04-11T00:00:00Z,178.3500000000
1986-04-14T00:00:00Z,179.1200000000
1986-04-15T00:00:00Z,178.2500000000
1986-04-16T00:00:00Z,176.5000000000
1986-04-17T00:00:00Z,175.1500000000
1986-04-18T00:00:00Z,173.8000000000
1986-04-21T00:00:00Z,172.0000000000
1986-04-22T00:00:00Z,170.1500000000
1986-04-23T00:00:00Z,169.3500000000
1986-04-24T00:00:00Z,169.0000000000
1986-04-25T00:00:00Z,168.1000000000
1986-04-28T00:00:00Z,167.1500000000
1986-04-29T00:00:00Z,167.8500000000
1986-04-30T00:00:00Z,167.6000000000
1986-05-01T00:00:00Z,169.6500000000
1986-05-02T00:00:00Z,169.9000000000
1986-05-05T00:00:00Z,165.6200000000
1986-05-06T00:00:00Z,166.2500000000
1986-05-07T00:00:00Z,165.1000000000
1986-05-08T00:00:00Z,163.6200000000
1986-05-09T00:00:00Z,162.3500000000
1986-05-12T00:00:00Z,161.1500000000
1986-05-13T00:00:00Z,163.0000000000
1986-05-14T00:00:00Z,163.3000000000
1986-05-15T00:00:00Z,163.6000000000
1986-05-16T00:00:00Z,165.4000000000
1986-05-19T00:00:00Z,168.1500000000
1986-05-20T00:00:00Z,168.6000000000
1986-05-21T00:00:00Z,168.7700000000
1986-05-22T00:00:00Z,169.3000000000
1986-05-23T00:00:00Z,169.6000000000
1986-05-27T00:00:00Z,169.2000000000
1986-05-28T00:00:00Z,169.0000000000
1986-05-29T00:00:00Z,171.6000000000
1986-05-30T00:00:00Z,174.5000000000
1986-06-02T00:00:00Z,174.9000000000
1986-06-03T00:00:00Z,171.6000000000
1986-06-04T00:00:00Z,171.5300000000
1986-06-05T00:00:00Z,168.9000000000
1986-06-06T00:00:00Z,167.7000000000
1986-06-09T00:00:00Z,167.8700000000
1986-06-10T00:00:00Z,166.9000000000
1986-06-11T00:00:00Z,166.3500000000
1986-06-12T00:00:00Z,165.8500000000
1986-06-13T00:00:00Z,165.2500000000
1986-06-16T00:00:00Z,165.5000000000
1986-06-17T00:00:00Z,167.8000000000
1986-06-18T00:00:00Z,167.6500000000
1986-06-19T00:00:00Z,166.8800000000
1986-06-20T00:00:00Z,167.7000000000
1986-06-23T00:00:00Z,167.9000000000
1986-06-24T00:00:00Z,166.6500000000
1986-06-25T00:00:00Z,166.1000000000
1986-06-26T00:00:00Z,166.1000000000
1986-06-27T00:00:00Z,165.4500000000
1986-06-30T00:00:00Z,163.8000000000
1986-07-01T00:00:00Z,162.7000000000
1986-07-02T00:00:00Z,163.3500000000
1986-07-03T00:00:00Z,161.4000000000
1986-07-07T00:00:00Z,160.7000000000
1986-07-08T00:00:00Z,161.0000000000
1986-07-09T00:00:00Z,161.0800000000
1986-07-10T00:00:00Z,160.5000000000
1986-07-11T00:00:00Z,161.3500000000
1986-07-14T00:00:00Z,160.2500000000
1986-07-15T00:00:00Z,159.5000000000
1986-07-16T00:00:00Z,158.4000000000
1986-07-17T00:00:00Z,157.3500000000
1986-07-18T00:00:00Z,156.4500000000
1986-07-21T00:00:00Z,155.0500000000
1986-07-22T00:00:00Z,156.8000000000
1986-07-23T00:00:00Z,157.4500000000
1986-07-24T00:00:00Z,156.7000000000
1986-07-25T00:00:00Z,157.7000000000
1986-07-28T00:00:00Z,155.9500000000
1986-07-29T00:00:00Z,155.7000000000
1986-07-30T00:00:00Z,156.1000000000
1986-07-31T00:00:00Z,153.8500000000
1986-08-01T00:00:00Z,153.8500000000
1986-08-04T00:00:00Z,154.0000000000
1986-08-05T00:00:00Z,154.9500000000
1986-08-06T00:00:00Z,154.4000000000
1986-08-07T00:00:00Z,153.8000000000
1986-08-08T00:00:00Z,154.1500000000
1986-08-11T00:00:00Z,153.7700000000
1986-08-12T00:00:00Z,154.7000000000
1986-08-13T00:00:00Z,154.3000000000
1986-08-14T00:00:00Z,153.7300000000
1986-08-15T00:00:00Z,154.2000000000
1986-08-18T00:00:00Z,154.2000000000
1986-08-19T00:00:00Z,153.5000000000
1986-08-20T00:00:00Z,153.4000000000
1986-08-21T00:00:00Z,153.2500000000
1986-08-22T00:00:00Z,153.4500000000
1986-08-25T00:00:00Z,153.8400000000
1986-08-26T00:00:00Z,154.9500000000
1986-08-27T00:00:00Z,154.6800000000
1986-08-28T00:00:00Z,156.0500000000
1986-08-29T00:00:00Z,154.5500000000
1986-09-02T00:00:00Z,154.2500000000
1986-09-03T00:00:00Z,154.7000000000
1986-09-04T00:00:00Z,154.9000000000
1986-09-05T00:00:00Z,155.4000000000
1986-09-08T00:00:00Z,156.1500000000
1986-09-09T00:00:00Z,155.7000000000
1986-09-10T00:00:00Z,154.8000000000
1986-09-11T00:00:00Z,156.4000000000
1986-09-12T00:00:00Z,155.3500000000
1986-09-15T00:00:00Z,155.1800000000
1986-09-16T00:00:00Z,156.3500000000
1986-09-17T00:00:00Z,154.8000000000
1986-09-18T00:00:00Z,153.6500000000
1986-09-19T00:00:00Z,152.0000000000
1986-09-22T00:00:00Z,153.6000000000
1986-09-23T00:00:00Z,154.6600000000
1986-09-24T00:00:00Z,154.5700000000
1986-09-25T00:00:00Z,154.5500000000
1986-09-26T00:00:00Z,154.3500000000
1986-09-29T00:00:00Z,153.6500000000
1986-09-30T00:00:00Z,154.3500000000
1986-10-01T00:00:00Z,154.1500000000
1986-10-02T00:00:00Z,153.9200000000
1986-10-03T00:00:00Z,154.1700000000
1986-10-06T00:00:00Z,154.0600000000
1986-10-07T00:00:00Z,154.0700000000
1986-10-08T00:00:00Z,154.3500000000
1986-10-09T00:00:00Z,154.9500000000
1986-10-10T00:00:00Z,154.4500000000
1986-10-14T00:00:00Z,153.9700000000
1986-10-15T00:00:00Z,154.2000000000
1986-10-16T00:00:00Z,154.2000000000
1986-10-17T00:00:00Z,154.2300000000
1986-10-20T00:00:00Z,154.7500000000
1986-10-21T00:00:00Z,155.1600000000
1986-10-22T00:00:00Z,155.8000000000
1986-10-23T00:00:00Z,158.1300000000
1986-10-24T00:00:00Z,161.3500000000
1986-10-27T00:00:00Z,160.7000000000
1986-10-28T00:00:00Z,160.1000000000
1986-10-29T00:00:00Z,160.5000000000
1986-10-30T00:00:00Z,161.7800000000
1986-10-31T00:00:00Z,163.4000000000
1986-11-03T00:00:00Z,164.0000000000
1986-11-04T00:00:00Z,163.9200000000
1986-11-05T00:00:00Z,164.5000000000
1986-11-06T00:00:00Z,163.3000000000
1986-11-07T00:00:00Z,163.2000000000
1986-11-10T00:00:00Z,162.8500000000
1986-11-12T00:00:00Z,160.6200000000
1986-11-13T00:00:00Z,160.9000000000
1986-11-14T00:00:00Z,161.4500000000
1986-11-17T00:00:00Z,162.8200000000
1986-11-18T00:00:00Z,162.8000000000
1986-11-19T00:00:00Z,162.4000000000
1986-11-20T00:00:00Z,162.7500000000
1986-11-21T00:00:00Z,164.0500000000
1986-11-24T00:00:00Z,164.1800000000
1986-11-25T00:00:00Z,162.5500000000
1986-11-26T00:00:00Z,162.9500000000
1986-11-28T00:00:00Z,162.0500000000
1986-12-01T00:00:00Z,162.2500000000
1986-12-02T00:00:00Z,162.0000000000
1986-12-03T00:00:00Z,162.2600000000
1986-12-04T00:00:00Z,162.7700000000
1986-12-05T00:00:00Z,162.4200000000
1986-12-08T00:00:00Z,162.4000000000
1986-12-09T00:00:00Z,162.6000000000
1986-12-10T00:00:00Z,162.7500000000
1986-12-11T00:00:00Z,162.7000000000
1986-12-12T00:00:00Z,163.0500000000
1986-12-15T00:00:00Z,163.2500000000
1986-12-16T00:00:00Z,163.9500000000
1986-12-17T00:00:00Z,163.6500000000
1986-12-18T00:00:00Z,163.0000000000
1986-12-19T00:00:00Z,162.2000000000
1986-12-22T00:00:00Z,162.7500000000
1986-12-23T00:00:00Z,162.7000000000
1986-12-24T00:00:00Z,161.4500000000
1986-12-26T00:00:00Z,159.7500000000
1986-12-29T00:00:00Z,159.0500000000
1986-12-30T00:00:00Z,159.9000000000
1986-12-31T00:00:00Z,158.3000000000
1987-01-02T00:00:00Z,158.2500000000
1987-01-05T00:00:00Z,159.4000000000
1987-01-06T00:00:00Z,158.7800000000
1987-01-07T00:00:00Z,158.0500000000
1987-01-08T00:00:00Z,158.2300000000
1987-01-09T00:00:00Z,158.2000000000
1987-01-12T00:00:00Z,156.7700000000
1987-01-13T00:00:00Z,155.7500000000
1987-01-14T00:00:00Z,152.8000000000
1987-01-15T00:00:00Z,153.5500000000
1987-01-16T00:00:00Z,153.4000000000
1987-01-20T00:00:00Z,152.6800000000
1987-01-21T00:00:00Z,153.9500000000
1987-01-22T00:00:00Z,151.9000000000
1987-01-23T00:00:00Z,153.0800000000
1987-01-26T00:00:00Z,152.6500000000
1987-01-27T00:00:00Z,151.6500000000
1987-01-28T00:00:00Z,151.7500000000
1987-01-29T00:00:00Z,152.1000000000
1987-01-30T00:00:00Z,153.6500000000
1987-02-02T00:00:00Z,152.5700000000
1987-02-03T00:00:00Z,152.5000000000
1987-02-04T00:00:00Z,152.8000000000
1987-02-05T00:00:00Z,153.6300000000
1987-02-06T00:00:00Z,154.4500000000
1987-02-09T00:00:00Z,152.5500000000
1987-02-10T00:00:00Z,152.4000000000
1987-02-11T00:00:00Z,153.7000000000
1987-02-12T00:00:00Z,154.1000000000
1987-02-13T00:00:00Z,153.7000000000
1987-02-17T00:00:00Z,153.2200000000
1987-02-18T00:00:00Z,153.8500000000
1987-02-19T00:00:00Z,154.1300000000
1987-02-20T00:00:00Z,153.6500000000
1987-02-23T00:00:00Z,153.6800000000
1987-02-24T00:00:00Z,153.7800000000
1987-02-25T00:00:00Z,153.6000000000
1987-02-26T00:00:00Z,153.1500000000
1987-02-27T00:00:00Z,153.2700000000
1987-03-02T00:00:00Z,153.5000000000
1987-03-03T00:00:00Z,153.6500000000
1987-03-04T00:00:00Z,153.7100000000
1987-03-05T00:00:00Z,153.2000000000
1987-03-06T00:00:00Z,153.4700000000
1987-03-09T00:00:00Z,153.8000000000
1987-03-10T00:00:00Z,153.6500000000
1987-03-11T00:00:00Z,153.8200000000
1987-03-12T00:00:00Z,153.6300000000
1987-03-13T00:00:00Z,152.6500000000
1987-03-16T00:00:00Z,151.6500000000
1987-03-17T00:00:00Z,151.9500000000
1987-03-18T00:00:00Z,151.9500000000
1987-03-19T00:00:00Z,151.4800000000
1987-03-20T00:00:00Z,151.7000000000
1987-03-23T00:00:00Z,150.2500000000
1987-03-24T00:00:00Z,149.3200000000
1987-03-25T00:00:00Z,149.1500000000
1987-03-26T00:00:00Z,149.2000000000
1987-03-27T00:00:00Z,147.7200000000
1987-03-30T00:00:00Z,146.4000000000
1987-03-31T00:00:00Z,145.6800000000
1987-04-01T00:00:00Z,146.8200000000
1987-04-02T00:00:00Z,146.5000000000
1987-04-03T00:00:00Z,146.2000000000
1987-04-06T00:00:00Z,146.1000000000
1987-04-07T00:00:00Z,145.3500000000
1987-04-08T00:00:00Z,146.6000000000
1987-04-09T00:00:00Z,144.7000000000
1987-04-10T00:00:00Z,142.5500000000
1987-04-13T00:00:00Z,142.6500000000
1987-04-14T00:00:00Z,141.1300000000
1987-04-15T00:00:00Z,141.7500000000
1987-04-16T00:00:00Z,143.0000000000
1987-04-17T00:00:00Z,143.2000000000
1987-04-20T00:00:00Z,142.4000000000
1987-04-21T00:00:00Z,142.3500000000
1987-04-22T00:00:00Z,142.3500000000
1987-04-23T00:00:00Z,141.2000000000
1987-04-24T00:00:00Z,139.7500000000
1987-04-27T00:00:00Z,138.4000000000
1987-04-28T00:00:00Z,139.9000000000
1987-04-29T00:00:00Z,140.2000000000
1987-04-30T00:00:00Z,140.6700000000
1987-05-01T00:00:00Z,140.3500000000
1987-05-04T00:00:00Z,139.1000000000
1987-05-05T00:00:00Z,138.6700000000
1987-05-06T00:00:00Z,139.2000000000
1987-05-07T00:00:00Z,139.4000000000
1987-05-08T00:00:00Z,139.6000000000
1987-05-11T00:00:00Z,139.5000000000
1987-05-12T00:00:00Z,139.6000000000
1987-05-13T00:00:00Z,139.7600000000
1987-05-14T00:00:00Z,139.5000000000
1987-05-15T00:00:00Z,139.8000000000
1987-05-18T00:00:00Z,139.9500000000
1987-05-19T00:00:00Z,140.0000000000
1987-05-20T00:00:00Z,139.7800000000
1987-05-21T00:00:00Z,140.4500000000
1987-05-22T00:00:00Z,140.6000000000
1987-05-26T00:00:00Z,143.3000000000
1987-05-27T00:00:00Z,143.5200000000
1987-05-28T00:00:00Z,143.4000000000
1987-05-29T00:00:00Z,144.1000000000
1987-06-01T00:00:00Z,145.4500000000
1987-06-02T00:00:00Z,142.2500000000
1987-06-03T00:00:00Z,142.8000000000
1987-06-04T00:00:00Z,144.3000000000
1987-06-05T00:00:00Z,143.8000000000
1987-06-08T00:00:00Z,143.4500000000
1987-06-09T00:00:00Z,142.5000000000
1987-06-10T00:00:00Z,142.4500000000
1987-06-11T00:00:00Z,142.5500000000
1987-06-12T00:00:00Z,143.8500000000
1987-06-15T00:00:00Z,144.8000000000
1987-06-16T00:00:00Z,144.4500000000
1987-06-17T00:00:00Z,144.6500000000
1987-06-18T00:00:00Z,144.6000000000
1987-06-19T00:00:00Z,145.0500000000
1987-06-22T00:00:00Z,145.9000000000
1987-06-23T00:00:00Z,146.0300000000
1987-06-24T00:00:00Z,145.0800000000
1987-06-25T00:00:00Z,146.3300000000
1987-06-26T00:00:00Z,146.3000000000
1987-06-29T00:00:00Z,146.7000000000
1987-06-30T00:00:00Z,146.8000000000
1987-07-01T00:00:00Z,146.8500000000
1987-07-02T00:00:00Z,147.3000000000
1987-07-03T00:00:00Z,148.8200000000
1987-07-06T00:00:00Z,149.1300000000
1987-07-07T00:00:00Z,149.7000000000
1987-07-08T00:00:00Z,150.5700000000
1987-07-09T00:00:00Z,149.9800000000
1987-07-10T00:00:00Z,150.6500000000
1987-07-13T00:00:00Z,150.9800000000
1987-07-14T00:00:00Z,151.0800000000
1987-07-15T00:00:00Z,148.6500000000
1987-07-16T00:00:00Z,150.5500000000
1987-07-17T00:00:00Z,152.7600000000
1987-07-20T00:00:00Z,152.8500000000
1987-07-21T00:00:00Z,152.6600000000
1987-07-22T00:00:00Z,152.3400000000
1987-07-23T00:00:00Z,150.7800000000
1987-07-24T00:00:00Z,149.9500000000
1987-07-27T00:00:00Z,150.4500000000
1987-07-28T00:00:00Z,150.3800000000
1987-07-29T00:00:00Z,150.7800000000
1987-07-30T00:00:00Z,149.6500000000
1987-07-31T00:00:00Z,149.9000000000
1987-08-03T00:00:00Z,150.5000000000
1987-08-04T00:00:00Z,152.1000000000
1987-08-05T00:00:00Z,150.7500000000
1987-08-06T00:00:00Z,151.4500000000
1987-08-07T00:00:00Z,151.5700000000
1987-08-10T00:00:00Z,151.1200000000
1987-08-11T00:00:00Z,151.7700000000
1987-08-12T00:00:00Z,151.2500000000
1987-08-13T00:00:00Z,151.4500000000
1987-08-14T00:00:00Z,150.0000000000
1987-08-17T00:00:00Z,149.9200000000
1987-08-18T00:00:00Z,146.0700000000
1987-08-19T00:00:00Z,145.1000000000
1987-08-20T00:00:00Z,144.1500000000
1987-08-21T00:00:00Z,142.7500000000
1987-08-24T00:00:00Z,142.0000000000
1987-08-25T00:00:00Z,143.2200000000
1987-08-26T00:00:00Z,143.0500000000
1987-08-27T00:00:00Z,142.0500000000
1987-08-28T00:00:00Z,142.0000000000
1987-08-31T00:00:00Z,141.7500000000
1987-09-01T00:00:00Z,141.8300000000
1987-09-02T00:00:00Z,141.0300000000
1987-09-03T00:00:00Z,141.0300000000
1987-09-04T00:00:00Z,141.7500000000
1987-09-08T00:00:00Z,141.7500000000
1987-09-09T00:00:00Z,141.6000000000
1987-09-10T00:00:00Z,142.5700000000
1987-09-11T00:00:00Z,142.8000000000
1987-09-14T00:00:00Z,144.5000000000
1987-09-15T00:00:00Z,144.0500000000
1987-09-16T00:00:00Z,144.3600000000
1987-09-17T00:00:00Z,143.4000000000
1987-09-18T00:00:00Z,142.6700000000
1987-09-21T00:00:00Z,143.5500000000
1987-09-22T00:00:00Z,144.1500000000
1987-09-23T00:00:00Z,143.9000000000
1987-09-24T00:00:00Z,143.7300000000
1987-09-25T00:00:00Z,143.6700000000
1987-09-28T00:00:00Z,144.0700000000
1987-09-29T00:00:00Z,146.2000000000
1987-09-30T00:00:00Z,146.5000000000
1987-10-01T00:00:00Z,146.9000000000
1987-10-02T00:00:00Z,146.4000000000
1987-10-05T00:00:00Z,146.8500000000
1987-10-06T00:00:00Z,146.7100000000
1987-10-07T00:00:00Z,145.6500000000
1987-10-08T00:00:00Z,144.8900000000
1987-10-09T00:00:00Z,143.8500000000
1987-10-13T00:00:00Z,143.7500000000
1987-10-14T00:00:00Z,142.7500000000
1987-10-15T00:00:00Z,142.1500000000
1987-10-16T00:00:00Z,142.7500000000
1987-10-19T00:00:00Z,141.8300000000
1987-10-20T00:00:00Z,143.9000000000
1987-10-21T00:00:00Z,144.2000000000
1987-10-22T00:00:00Z,144.6800000000
1987-10-23T00:00:00Z,142.8500000000
1987-10-26T00:00:00Z,142.2000000000
1987-10-27T00:00:00Z,141.5800000000
1987-10-28T00:00:00Z,139.1800000000
1987-10-29T00:00:00Z,138.2500000000
1987-10-30T00:00:00Z,138.4000000000
1987-11-02T00:00:00Z,137.0000000000
1987-11-03T00:00:00Z,137.3800000000
1987-11-04T00:00:00Z,137.2800000000
1987-11-05T00:00:00Z,134.7000000000
1987-11-06T00:00:00Z,135.4000000000
1987-11-09T00:00:00Z,134.3000000000
1987-11-10T00:00:00Z,134.5500000000
1987-11-12T00:00:00Z,136.4500000000
1987-11-13T00:00:00Z,135.8500000000
1987-11-16T00:00:00Z,136.6000000000
1987-11-17T00:00:00Z,135.7200000000
1987-11-18T00:00:00Z,135.5500000000
1987-11-19T00:00:00Z,135.1500000000
1987-11-20T00:00:00Z,135.4500000000
1987-11-23T00:00:00Z,134.7300000000
1987-11-24T00:00:00Z,135.5200000000
1987-11-25T00:00:00Z,134.8000000000
1987-11-27T00:00:00Z,133.7000000000
1987-11-30T00:00:00Z,132.4200000000
1987-12-01T00:00:00Z,133.0000000000
1987-12-02T00:00:00Z,132.7000000000
1987-12-03T00:00:00Z,132.9000000000
1987-12-04T00:00:00Z,132.8500000000
1987-12-07T00:00:00Z,132.8000000000
1987-12-08T00:00:00Z,132.7200000000
1987-12-09T00:00:00Z,132.4000000000
1987-12-10T00:00:00Z,129.4000000000
1987-12-11T00:00:00Z,128.5000000000
1987-12-14T00:00:00Z,128.0200000000
1987-12-15T00:00:00Z,127.6000000000
1987-12-16T00:00:00Z,127.2800000000
1987-12-17T00:00:00Z,126.2500000000
1987-12-18T00:00:00Z,127.1000000000
1987-12-21T00:00:00Z,127.0800000000
1987-12-22T00:00:00Z,126.5500000000
1987-12-23T00:00:00Z,126.7500000000
1987-12-24T00:00:00Z,126.1200000000
1987-12-28T00:00:00Z,123.1500000000
1987-12-29T00:00:00Z,123.5000000000
1987-12-30T00:00:00Z,123.4000000000
1987-12-31T00:00:00Z,121.2500000000
1988-01-04T00:00:00Z,122.7000000000
1988-01-05T00:00:00Z,126.9000000000
1988-01-06T00:00:00Z,129.6500000000
1988-01-07T00:00:00Z,128.5800000000
1988-01-08T00:00:00Z,129.1500000000
1988-01-11T00:00:00Z,128.2000000000
1988-01-12T00:00:00Z,127.3800000000
1988-01-13T00:00:00Z,126.6500000000
1988-01-14T00:00:00Z,126.7300000000
1988-01-15T00:00:00Z,130.5000000000
1988-01-19T00:00:00Z,128.6000000000
1988-01-20T00:00:00Z,127.7500000000
1988-01-21T00:00:00Z,127.2000000000
1988-01-22T00:00:00Z,127.8500000000
1988-01-25T00:00:00Z,127.7800000000
1988-01-26T00:00:00Z,127.8800000000
1988-01-27T00:00:00Z,127.6000000000
1988-01-28T00:00:00Z,127.1700000000
1988-01-29T00:00:00Z,127.7500000000
1988-02-01T00:00:00Z,129.3800000000
1988-02-02T00:00:00Z,128.2800000000
1988-02-03T00:00:00Z,127.9000000000
1988-02-04T00:00:00Z,128.5000000000
1988-02-05T00:00:00Z,129.0500000000
1988-02-08T00:00:00Z,128.6000000000
1988-02-09T00:00:00Z,129.1800000000
1988-02-10T00:00:00Z,129.0200000000
1988-02-11T00:00:00Z,129.1400000000
1988-02-12T00:00:00Z,131.1500000000
1988-02-16T00:00:00Z,130.2500000000
1988-02-17T00:00:00Z,130.3000000000
1988-02-18T00:00:00Z,130.2300000000
1988-02-19T00:00:00Z,130.0500000000
1988-02-22T00:00:00Z,129.2800000000
1988-02-23T00:00:00Z,128.7800000000
1988-02-24T00:00:00Z,128.8000000000
1988-02-25T00:00:00Z,128.8000000000
1988-02-26T00:00:00Z,128.1900000000
1988-02-29T00:00:00Z,128.4500000000
1988-03-01T00:00:00Z,128.2700000000
1988-03-02T00:00:00Z,129.2000000000
1988-03-03T00:00:00Z,129.2500000000
1988-03-04T00:00:00Z,128.7500000000
1988-03-07T00:00:00Z,128.1700000000
1988-03-08T00:00:00Z,128.0900000000
1988-03-09T00:00:00Z,128.0200000000
1988-03-10T00:00:00Z,128.1000000000
1988-03-11T00:00:00Z,127.3800000000
1988-03-14T00:00:00Z,126.9200000000
1988-03-15T00:00:00Z,127.1500000000
1988-03-16T00:00:00Z,127.4300000000
1988-03-17T00:00:00Z,128.6500000000
1988-03-18T00:00:00Z,128.3500000000
1988-03-21T00:00:00Z,127.0800000000
1988-03-22T00:00:00Z,127.1200000000
1988-03-23T00:00:00Z,126.8000000000
1988-03-24T00:00:00Z,125.7500000000
1988-03-25T00:00:00Z,125.3500000000
1988-03-28T00:00:00Z,124.2000000000
1988-03-29T00:00:00Z,124.6500000000
1988-03-30T00:00:00Z,124.8400000000
1988-03-31T00:00:00Z,124.1000000000
1988-04-01T00:00:00Z,124.0000000000
1988-04-04T00:00:00Z,124.4000000000
1988-04-05T00:00:00Z,125.1800000000
1988-04-06T00:00:00Z,125.5000000000
1988-04-07T00:00:00Z,125.8200000000
1988-04-08T00:00:00Z,125.5500000000
1988-04-11T00:00:00Z,126.6800000000
1988-04-12T00:00:00Z,126.5600000000
1988-04-13T00:00:00Z,126.3300000000
1988-04-14T00:00:00Z,123.6500000000
1988-04-15T00:00:00Z,123.8800000000
1988-04-18T00:00:00Z,124.0600000000
1988-04-19T00:00:00Z,124.1800000000
1988-04-20T00:00:00Z,123.9800000000
1988-04-21T00:00:00Z,124.1500000000
1988-04-22T00:00:00Z,124.7000000000
1988-04-25T00:00:00Z,124.8200000000
1988-04-26T00:00:00Z,124.7900000000
1988-04-27T00:00:00Z,125.1000000000
1988-04-28T00:00:00Z,124.6000000000
1988-04-29T00:00:00Z,124.9200000000
1988-05-02T00:00:00Z,124.9500000000
1988-05-03T00:00:00Z,124.8800000000
1988-05-04T00:00:00Z,125.0000000000
1988-05-05T00:00:00Z,124.6500000000
1988-05-06T00:00:00Z,124.8800000000
1988-05-09T00:00:00Z,124.8200000000
1988-05-10T00:00:00Z,124.4400000000
1988-05-11T00:00:00Z,124.2500000000
1988-05-12T00:00:00Z,124.3900000000
1988-05-13T00:00:00Z,124.6800000000
1988-05-16T00:00:00Z,124.9500000000
1988-05-17T00:00:00Z,125.7300000000
1988-05-18T00:00:00Z,125.4000000000
1988-05-19T00:00:00Z,124.8700000000
1988-05-20T00:00:00Z,124.8400000000
1988-05-23T00:00:00Z,124.5500000000
1988-05-24T00:00:00Z,124.3500000000
1988-05-25T00:00:00Z,124.3500000000
1988-05-26T00:00:00Z,124.4400000000
1988-05-27T00:00:00Z,125.0000000000
1988-05-31T00:00:00Z,125.1100000000
1988-06-01T00:00:00Z,125.2000000000
1988-06-02T00:00:00Z,126.5500000000
1988-06-03T00:00:00Z,125.9700000000
1988-06-06T00:00:00Z,126.1800000000
1988-06-07T00:00:00Z,125.7200000000
1988-06-08T00:00:00Z,125.2500000000
1988-06-09T00:00:00Z,125.2000000000
1988-06-10T00:00:00Z,124.9200000000
1988-06-13T00:00:00Z,125.2000000000
1988-06-14T00:00:00Z,126.4000000000
1988-06-15T00:00:00Z,126.2700000000
1988-06-16T00:00:00Z,125.7800000000
1988-06-17T00:00:00Z,125.8700000000
1988-06-20T00:00:00Z,126.2500000000
1988-06-21T00:00:00Z,126.4700000000
1988-06-22T00:00:00Z,128.6300000000
1988-06-23T00:00:00Z,128.6700000000
1988-06-24T00:00:00Z,130.6000000000
1988-06-27T00:00:00Z,130.8800000000
1988-06-28T00:00:00Z,130.9500000000
1988-06-29T00:00:00Z,133.7500000000
1988-06-30T00:00:00Z,133.5300000000
1988-07-01T00:00:00Z,134.1000000000
1988-07-05T00:00:00Z,134.2900000000
1988-07-06T00:00:00Z,133.6000000000
1988-07-07T00:00:00Z,131.7700000000
1988-07-08T00:00:00Z,133.2300000000
1988-07-11T00:00:00Z,132.9000000000
1988-07-12T00:00:00Z,132.6300000000
1988-07-13T00:00:00Z,132.9000000000
1988-07-14T00:00:00Z,133.1300000000
1988-07-15T00:00:00Z,135.3000000000
1988-07-18T00:00:00Z,134.7500000000
1988-07-19T00:00:00Z,133.9000000000
1988-07-20T00:00:00Z,133.1800000000
1988-07-21T00:00:00Z,132.2500000000
1988-07-22T00:00:00Z,130.7000000000
1988-07-25T00:00:00Z,132.1000000000
1988-07-26T00:00:00Z,132.5500000000
1988-07-27T00:00:00Z,131.7000000000
1988-07-28T00:00:00Z,132.4000000000
1988-07-29T00:00:00Z,133.0500000000
1988-08-01T00:00:00Z,132.8000000000
1988-08-02T00:00:00Z,132.9200000000
1988-08-03T00:00:00Z,132.8700000000
1988-08-04T00:00:00Z,133.0200000000
1988-08-05T00:00:00Z,133.6800000000
1988-08-08T00:00:00Z,133.7500000000
1988-08-09T00:00:00Z,134.7500000000
1988-08-10T00:00:00Z,134.4500000000
1988-08-11T00:00:00Z,133.8600000000
1988-08-12T00:00:00Z,133.1500000000
1988-08-15T00:00:00Z,133.2500000000
1988-08-16T00:00:00Z,132.9200000000
1988-08-17T00:00:00Z,134.0700000000
1988-08-18T00:00:00Z,133.3500000000
1988-08-19T00:00:00Z,133.4500000000
1988-08-22T00:00:00Z,134.1000000000
1988-08-23T00:00:00Z,133.8500000000
1988-08-24T00:00:00Z,134.2500000000
1988-08-25T00:00:00Z,133.3500000000
1988-08-26T00:00:00Z,133.6600000000
1988-08-29T00:00:00Z,134.1300000000
1988-08-30T00:00:00Z,134.4700000000
1988-08-31T00:00:00Z,136.5200000000
1988-09-01T00:00:00Z,136.3500000000
1988-09-02T00:00:00Z,136.1000000000
1988-09-06T00:00:00Z,135.3000000000
1988-09-07T00:00:00Z,133.6700000000
1988-09-08T00:00:00Z,133.8700000000
1988-09-09T00:00:00Z,133.6200000000
1988-09-12T00:00:00Z,133.5000000000
1988-09-13T00:00:00Z,133.3000000000
1988-09-14T00:00:00Z,134.6000000000
1988-09-15T00:00:00Z,133.6700000000
1988-09-16T00:00:00Z,134.3000000000
1988-09-19T00:00:00Z,133.5500000000
1988-09-20T00:00:00Z,133.9000000000
1988-09-21T00:00:00Z,134.2500000000
1988-09-22T00:00:00Z,134.6300000000
1988-09-23T00:00:00Z,134.4700000000
1988-09-26T00:00:00Z,134.6500000000
1988-09-27T00:00:00Z,134.4500000000
1988-09-28T00:00:00Z,134.2300000000
1988-09-29T00:00:00Z,134.3600000000
1988-09-30T00:00:00Z,133.9000000000
1988-10-03T00:00:00Z,133.6500000000
1988-10-04T00:00:00Z,133.2600000000
1988-10-05T00:00:00Z,133.5000000000
1988-10-06T00:00:00Z,133.4100000000
1988-10-07T00:00:00Z,133.3000000000
1988-10-11T00:00:00Z,131.0700000000
1988-10-12T00:00:00Z,128.9600000000
1988-10-13T00:00:00Z,128.0300000000
1988-10-14T00:00:00Z,127.1500000000
1988-10-17T00:00:00Z,127.2800000000
1988-10-18T00:00:00Z,126.6700000000
1988-10-19T00:00:00Z,127.3000000000
1988-10-20T00:00:00Z,127.2000000000
1988-10-21T00:00:00Z,126.3500000000
1988-10-24T00:00:00Z,126.8300000000
1988-10-25T00:00:00Z,126.7000000000
1988-10-26T00:00:00Z,125.7000000000
1988-10-27T00:00:00Z,125.9000000000
1988-10-28T00:00:00Z,125.8500000000
1988-10-31T00:00:00Z,125.5000000000
1988-11-01T00:00:00Z,125.3000000000
1988-11-02T00:00:00Z,124.6000000000
1988-11-03T00:00:00Z,124.2000000000
1988-11-04T00:00:00Z,125.3200000000
1988-11-07T00:00:00Z,124.7200000000
1988-11-08T00:00:00Z,125.5700000000
1988-11-09T00:00:00Z,124.2500000000
1988-11-10T00:00:00Z,123.9800000000
1988-11-14T00:00:00Z,123.4300000000
1988-11-15T00:00:00Z,123.4200000000
1988-11-16T00:00:00Z,122.5500000000
1988-11-17T00:00:00Z,122.7300000000
1988-11-18T00:00:00Z,122.6500000000
1988-11-21T00:00:00Z,121.9500000000
1988-11-22T00:00:00Z,121.3500000000
1988-11-23T00:00:00Z,121.3000000000
1988-11-25T00:00:00Z,121.1000000000
1988-11-28T00:00:00Z,122.2200000000
1988-11-29T00:00:00Z,121.5000000000
1988-11-30T00:00:00Z,121.9000000000
1988-12-01T00:00:00Z,121.6000000000
1988-12-02T00:00:00Z,121.4700000000
1988-12-05T00:00:00Z,121.5000000000
1988-12-06T00:00:00Z,121.7500000000
1988-12-07T00:00:00Z,123.5000000000
1988-12-08T00:00:00Z,122.5700000000
1988-12-09T00:00:00Z,122.3500000000
1988-12-12T00:00:00Z,122.8500000000
1988-12-13T00:00:00Z,123.1500000000
1988-12-14T00:00:00Z,122.7100000000
1988-12-15T00:00:00Z,123.3700000000
1988-12-16T00:00:00Z,124.5000000000
1988-12-19T00:00:00Z,124.1000000000
1988-12-20T00:00:00Z,125.1000000000
1988-12-21T00:00:00Z,124.3500000000
1988-12-22T00:00:00Z,124.7100000000
1988-12-23T00:00:00Z,124.8500000000
1988-12-27T00:00:00Z,124.8500000000
1988-12-28T00:00:00Z,125.5800000000
1988-12-29T00:00:00Z,125.8500000000
1988-12-30T00:00:00Z,125.0500000000
1989-01-03T00:00:00Z,123.6000000000
1989-01-04T00:00:00Z,125.0500000000
1989-01-05T00:00:00Z,125.5900000000
1989-01-06T00:00:00Z,126.6200000000
1989-01-09T00:00:00Z,126.4500000000
1989-01-10T00:00:00Z,126.3000000000
1989-01-11T00:00:00Z,126.1300000000
1989-01-12T00:00:00Z,126.1700000000
1989-01-13T00:00:00Z,126.7000000000
1989-01-17T00:00:00Z,127.7500000000
1989-01-18T00:00:00Z,128.5000000000
1989-01-19T00:00:00Z,129.7000000000
1989-01-20T00:00:00Z,128.2700000000
1989-01-23T00:00:00Z,127.8000000000
1989-01-24T00:00:00Z,127.6500000000
1989-01-25T00:00:00Z,127.7300000000
1989-01-26T00:00:00Z,128.1500000000
1989-01-27T00:00:00Z,129.2400000000
1989-01-30T00:00:00Z,129.3500000000
1989-01-31T00:00:00Z,130.5000000000
1989-02-01T00:00:00Z,129.6000000000
1989-02-02T00:00:00Z,129.1500000000
1989-02-03T00:00:00Z,129.6500000000
1989-02-06T00:00:00Z,129.6500000000
1989-02-07T00:00:00Z,129.2900000000
1989-02-08T00:00:00Z,129.6000000000
1989-02-09T00:00:00Z,128.5800000000
1989-02-10T00:00:00Z,128.4900000000
1989-02-13T00:00:00Z,128.4000000000
1989-02-14T00:00:00Z,126.7300000000
1989-02-15T00:00:00Z,126.4000000000
1989-02-16T00:00:00Z,126.3200000000
1989-02-17T00:00:00Z,125.9000000000
1989-02-21T00:00:00Z,126.7500000000
1989-02-22T00:00:00Z,126.5800000000
1989-02-23T00:00:00Z,126.2000000000
1989-02-24T00:00:00Z,126.3200000000
1989-02-27T00:00:00Z,126.5300000000
1989-02-28T00:00:00Z,126.8700000000
1989-03-01T00:00:00Z,128.1000000000
1989-03-02T00:00:00Z,127.8800000000
1989-03-03T00:00:00Z,127.7000000000
1989-03-06T00:00:00Z,128.8500000000
1989-03-07T00:00:00Z,128.7400000000
1989-03-08T00:00:00Z,128.7000000000
1989-03-09T00:00:00Z,129.0500000000
1989-03-10T00:00:00Z,129.5000000000
1989-03-13T00:00:00Z,129.8800000000
1989-03-14T00:00:00Z,129.6800000000
1989-03-15T00:00:00Z,130.6000000000
1989-03-16T00:00:00Z,131.2200000000
1989-03-17T00:00:00Z,131.6000000000
1989-03-20T00:00:00Z,131.7000000000
1989-03-21T00:00:00Z,131.2800000000
1989-03-22T00:00:00Z,131.1500000000
1989-03-23T00:00:00Z,131.2000000000
1989-03-24T00:00:00Z,131.5000000000
1989-03-27T00:00:00Z,132.7000000000
1989-03-28T00:00:00Z,133.0800000000
1989-03-29T00:00:00Z,132.8300000000
1989-03-30T00:00:00Z,132.9500000000
1989-03-31T00:00:00Z,132.7700000000
1989-04-03T00:00:00Z,132.0500000000
1989-04-04T00:00:00Z,130.9000000000
1989-04-05T00:00:00Z,131.8000000000
1989-04-06T00:00:00Z,131.9300000000
1989-04-07T00:00:00Z,132.4500000000
1989-04-10T00:00:00Z,132.6300000000
1989-04-11T00:00:00Z,132.7500000000
1989-04-12T00:00:00Z,132.9800000000
1989-04-13T00:00:00Z,132.2000000000
1989-04-14T00:00:00Z,132.1500000000
1989-04-17T00:00:00Z,131.9500000000
1989-04-18T00:00:00Z,131.5200000000
1989-04-19T00:00:00Z,132.3400000000
1989-04-20T00:00:00Z,131.3500000000
1989-04-21T00:00:00Z,131.4500000000
1989-04-24T00:00:00Z,131.6000000000
1989-04-25T00:00:00Z,131.3900000000
1989-04-26T00:00:00Z,132.2500000000
1989-04-27T00:00:00Z,132.1900000000
1989-04-28T00:00:00Z,132.8500000000
1989-05-01T00:00:00Z,134.0700000000
1989-05-02T00:00:00Z,133.8100000000
1989-05-03T00:00:00Z,134.2000000000
1989-05-04T00:00:00Z,133.9500000000
1989-05-05T00:00:00Z,134.3300000000
1989-05-08T00:00:00Z,134.8000000000
1989-05-09T00:00:00Z,134.8300000000
1989-05-10T00:00:00Z,134.4300000000
1989-05-11T00:00:00Z,135.3000000000
1989-05-12T00:00:00Z,135.9500000000
1989-05-15T00:00:00Z,137.2400000000
1989-05-16T00:00:00Z,137.3000000000
1989-05-17T00:00:00Z,139.2500000000
1989-05-18T00:00:00Z,138.6500000000
1989-05-19T00:00:00Z,138.8000000000
1989-05-22T00:00:00Z,142.0500000000
1989-05-23T00:00:00Z,142.0000000000
1989-05-24T00:00:00Z,142.8000000000
1989-05-25T00:00:00Z,142.0000000000
1989-05-26T00:00:00Z,141.4300000000
1989-05-30T00:00:00Z,143.4800000000
1989-05-31T00:00:00Z,142.3300000000
1989-06-01T00:00:00Z,142.7300000000
1989-06-02T00:00:00Z,141.7500000000
1989-06-05T00:00:00Z,141.8200000000
1989-06-06T00:00:00Z,142.9500000000
1989-06-07T00:00:00Z,142.5000000000
1989-06-08T00:00:00Z,143.4000000000
1989-06-09T00:00:00Z,146.1500000000
1989-06-12T00:00:00Z,148.8000000000
1989-06-13T00:00:00Z,149.2000000000
1989-06-14T00:00:00Z,149.0500000000
1989-06-15T00:00:00Z,149.6200000000
1989-06-16T00:00:00Z,145.5500000000
1989-06-19T00:00:00Z,144.4500000000
1989-06-20T00:00:00Z,144.0700000000
1989-06-21T00:00:00Z,143.8500000000
1989-06-22T00:00:00Z,141.0700000000
1989-06-23T00:00:00Z,138.5000000000
1989-06-26T00:00:00Z,140.8200000000
1989-06-27T00:00:00Z,141.1000000000
1989-06-28T00:00:00Z,142.8000000000
1989-06-29T00:00:00Z,143.4000000000
1989-06-30T00:00:00Z,144.0000000000
1989-07-03T00:00:00Z,141.2500000000
1989-07-05T00:00:00Z,138.9000000000
1989-07-06T00:00:00Z,139.4000000000
1989-07-07T00:00:00Z,139.8000000000
1989-07-10T00:00:00Z,139.0000000000
1989-07-11T00:00:00Z,140.3000000000
1989-07-12T00:00:00Z,139.8500000000
1989-07-13T00:00:00Z,139.4500000000
1989-07-14T00:00:00Z,140.5000000000
1989-07-17T00:00:00Z,141.5500000000
1989-07-18T00:00:00Z,141.3000000000
1989-07-19T00:00:00Z,141.9500000000
1989-07-20T00:00:00Z,141.4500000000
1989-07-21T00:00:00Z,141.9200000000
1989-07-24T00:00:00Z,143.1800000000
1989-07-25T00:00:00Z,142.5500000000
1989-07-26T00:00:00Z,140.6500000000
1989-07-27T00:00:00Z,138.9500000000
1989-07-28T00:00:00Z,139.5800000000
1989-07-31T00:00:00Z,136.9500000000
1989-08-01T00:00:00Z,136.8200000000
1989-08-02T00:00:00Z,136.1500000000
1989-08-03T00:00:00Z,136.9500000000
1989-08-04T00:00:00Z,139.4500000000
1989-08-07T00:00:00Z,139.5000000000
1989-08-08T00:00:00Z,138.8000000000
1989-08-09T00:00:00Z,139.2500000000
1989-08-10T00:00:00Z,139.0800000000
1989-08-11T00:00:00Z,141.9400000000
1989-08-14T00:00:00Z,141.7000000000
1989-08-15T00:00:00Z,142.1900000000
1989-08-16T00:00:00Z,142.1500000000
1989-08-17T00:00:00Z,143.8000000000
1989-08-18T00:00:00Z,145.8500000000
1989-08-21T00:00:00Z,142.4200000000
1989-08-22T00:00:00Z,142.5800000000
1989-08-23T00:00:00Z,143.2300000000
1989-08-24T00:00:00Z,143.3400000000
1989-08-25T00:00:00Z,143.3000000000
1989-08-28T00:00:00Z,144.2000000000
1989-08-29T00:00:00Z,143.1300000000
1989-08-30T00:00:00Z,143.7300000000
1989-08-31T00:00:00Z,144.6000000000
1989-09-01T00:00:00Z,145.8500000000
1989-09-05T00:00:00Z,147.0500000000
1989-09-06T00:00:00Z,146.2500000000
1989-09-07T00:00:00Z,146.9000000000
1989-09-08T00:00:00Z,146.3000000000
1989-09-11T00:00:00Z,146.8200000000
1989-09-12T00:00:00Z,147.1500000000
1989-09-13T00:00:00Z,146.9500000000
1989-09-14T00:00:00Z,146.5500000000
1989-09-15T00:00:00Z,148.7500000000
1989-09-18T00:00:00Z,145.8500000000
1989-09-19T00:00:00Z,145.6500000000
1989-09-20T00:00:00Z,145.0500000000
1989-09-21T00:00:00Z,145.3500000000
1989-09-22T00:00:00Z,145.6000000000
1989-09-25T00:00:00Z,142.7000000000
1989-09-26T00:00:00Z,141.8800000000
1989-09-27T00:00:00Z,140.6000000000
1989-09-28T00:00:00Z,140.5500000000
1989-09-29T00:00:00Z,139.6000000000
1989-10-02T00:00:00Z,139.4800000000
1989-10-03T00:00:00Z,141.1300000000
1989-10-04T00:00:00Z,141.0500000000
1989-10-05T00:00:00Z,142.4000000000
1989-10-06T00:00:00Z,142.8000000000
1989-10-10T00:00:00Z,143.9500000000
1989-10-11T00:00:00Z,144.8000000000
1989-10-12T00:00:00Z,144.2000000000
1989-10-13T00:00:00Z,143.2000000000
1989-10-16T00:00:00Z,141.8000000000
1989-10-17T00:00:00Z,141.5000000000
1989-10-18T00:00:00Z,141.7000000000
1989-10-19T00:00:00Z,141.9500000000
1989-10-20T00:00:00Z,142.3000000000
1989-10-23T00:00:00Z,142.3500000000
1989-10-24T00:00:00Z,141.5500000000
1989-10-25T00:00:00Z,141.6500000000
1989-10-26T00:00:00Z,141.6500000000
1989-10-27T00:00:00Z,142.0000000000
1989-10-30T00:00:00Z,142.1500000000
1989-10-31T00:00:00Z,142.7300000000
1989-11-01T00:00:00Z,143.1100000000
1989-11-02T00:00:00Z,143.7000000000
1989-11-03T00:00:00Z,143.1800000000
1989-11-06T00:00:00Z,143.7000000000
1989-11-07T00:00:00Z,143.4400000000
1989-11-08T00:00:00Z,143.1400000000
1989-11-09T00:00:00Z,142.8600000000
1989-11-10T00:00:00Z,143.3000000000
1989-11-13T00:00:00Z,143.8800000000
1989-11-14T00:00:00Z,143.6800000000
1989-11-15T00:00:00Z,143.7500000000
1989-11-16T00:00:00Z,143.8000000000
1989-11-17T00:00:00Z,144.4000000000
1989-11-20T00:00:00Z,144.5000000000
1989-11-21T00:00:00Z,143.7500000000
1989-11-22T00:00:00Z,143.8500000000
1989-11-24T00:00:00Z,143.5000000000
1989-11-27T00:00:00Z,143.4000000000
1989-11-28T00:00:00Z,143.7200000000
1989-11-29T00:00:00Z,142.6500000000
1989-11-30T00:00:00Z,142.9100000000
1989-12-01T00:00:00Z,143.1000000000
1989-12-04T00:00:00Z,143.5800000000
1989-12-05T00:00:00Z,143.8000000000
1989-12-06T00:00:00Z,143.8500000000
1989-12-07T00:00:00Z,144.3200000000
1989-12-08T00:00:00Z,144.2800000000
1989-12-11T00:00:00Z,144.5000000000
1989-12-12T00:00:00Z,143.9000000000
1989-12-13T00:00:00Z,144.1700000000
1989-12-14T00:00:00Z,144.1000000000
1989-12-15T00:00:00Z,144.1500000000
1989-12-18T00:00:00Z,144.1000000000
1989-12-19T00:00:00Z,143.8500000000
1989-12-20T00:00:00Z,144.0200000000
1989-12-21T00:00:00Z,143.7000000000
1989-12-22T00:00:00Z,142.8800000000
1989-12-26T00:00:00Z,142.1500000000
1989-12-27T00:00:00Z,142.1000000000
1989-12-28T00:00:00Z,143.3500000000
1989-12-29T00:00:00Z,143.8000000000
1990-01-02T00:00:00Z,146.2500000000
1990-01-03T00:00:00Z,145.7000000000
1990-01-04T00:00:00Z,143.3700000000
1990-01-05T00:00:00Z,143.8200000000
1990-01-08T00:00:00Z,144.1000000000
1990-01-09T00:00:00Z,145.2000000000
1990-01-10T00:00:00Z,145.2500000000
1990-01-11T00:00:00Z,145.4000000000
1990-01-12T00:00:00Z,145.4000000000
1990-01-16T00:00:00Z,145.4800000000
1990-01-17T00:00:00Z,145.4900000000
1990-01-18T00:00:00Z,146.1200000000
1990-01-19T00:00:00Z,145.6500000000
1990-01-22T00:00:00Z,146.4300000000
1990-01-23T00:00:00Z,146.0900000000
1990-01-24T00:00:00Z,145.3200000000
1990-01-25T00:00:00Z,144.4200000000
1990-01-26T00:00:00Z,143.3500000000
1990-01-29T00:00:00Z,143.1300000000
1990-01-30T00:00:00Z,144.1000000000
1990-01-31T00:00:00Z,144.5500000000
1990-02-01T00:00:00Z,144.9000000000
1990-02-02T00:00:00Z,145.3800000000
1990-02-05T00:00:00Z,145.3900000000
1990-02-06T00:00:00Z,145.1300000000
1990-02-07T00:00:00Z,145.4700000000
1990-02-08T00:00:00Z,145.4000000000
1990-02-09T00:00:00Z,145.2000000000
1990-02-12T00:00:00Z,144.2000000000
1990-02-13T00:00:00Z,144.4000000000
1990-02-14T00:00:00Z,144.2700000000
1990-02-15T00:00:00Z,144.4000000000
1990-02-16T00:00:00Z,144.1500000000
1990-02-20T00:00:00Z,145.4500000000
1990-02-21T00:00:00Z,145.3200000000
1990-02-22T00:00:00Z,145.8900000000
1990-02-23T00:00:00Z,146.9200000000
1990-02-26T00:00:00Z,148.8500000000
1990-02-27T00:00:00Z,148.6300000000
1990-02-28T00:00:00Z,148.8200000000
1990-03-01T00:00:00Z,149.6700000000
1990-03-02T00:00:00Z,150.2800000000
1990-03-05T00:00:00Z,149.7800000000
1990-03-06T00:00:00Z,149.8000000000
1990-03-07T00:00:00Z,151.2200000000
1990-03-08T00:00:00Z,150.8300000000
1990-03-09T00:00:00Z,151.3400000000
1990-03-12T00:00:00Z,152.3800000000
1990-03-13T00:00:00Z,152.5500000000
1990-03-14T00:00:00Z,152.2400000000
1990-03-15T00:00:00Z,152.5500000000
1990-03-16T00:00:00Z,152.3800000000
1990-03-19T00:00:00Z,153.5000000000
1990-03-20T00:00:00Z,153.8800000000
1990-03-21T00:00:00Z,154.1600000000
1990-03-22T00:00:00Z,155.1000000000
1990-03-23T00:00:00Z,153.9000000000
1990-03-26T00:00:00Z,156.5000000000
1990-03-27T00:00:00Z,157.4000000000
1990-03-28T00:00:00Z,158.7500000000
1990-03-29T00:00:00Z,156.7500000000
1990-03-30T00:00:00Z,157.8200000000
1990-04-02T00:00:00Z,158.9000000000
1990-04-03T00:00:00Z,159.1300000000
1990-04-04T00:00:00Z,158.6000000000
1990-04-05T00:00:00Z,157.6800000000
1990-04-06T00:00:00Z,157.6500000000
1990-04-09T00:00:00Z,157.5000000000
1990-04-10T00:00:00Z,158.5800000000
1990-04-11T00:00:00Z,158.2800000000
1990-04-12T00:00:00Z,158.1900000000
1990-04-13T00:00:00Z,158.7500000000
1990-04-16T00:00:00Z,159.3700000000
1990-04-17T00:00:00Z,159.9000000000
1990-04-18T00:00:00Z,159.1000000000
1990-04-19T00:00:00Z,156.5000000000
1990-04-20T00:00:00Z,157.8500000000
1990-04-23T00:00:00Z,157.7000000000
1990-04-24T00:00:00Z,158.7200000000
1990-04-25T00:00:00Z,158.7300000000
1990-04-26T00:00:00Z,158.7500000000
1990-04-27T00:00:00Z,158.9000000000
1990-04-30T00:00:00Z,158.8500000000
1990-05-01T00:00:00Z,158.8500000000
1990-05-02T00:00:00Z,158.3000000000
1990-05-03T00:00:00Z,158.1500000000
1990-05-04T00:00:00Z,158.3500000000
1990-05-07T00:00:00Z,158.0000000000
1990-05-08T00:00:00Z,157.9000000000
1990-05-09T00:00:00Z,156.4500000000
1990-05-10T00:00:00Z,157.0000000000
1990-05-11T00:00:00Z,152.7300000000
1990-05-14T00:00:00Z,152.7700000000
1990-05-15T00:00:00Z,151.4000000000
1990-05-16T00:00:00Z,151.4300000000
1990-05-17T00:00:00Z,152.3500000000
1990-05-18T00:00:00Z,152.8500000000
1990-05-21T00:00:00Z,153.5300000000
1990-05-22T00:00:00Z,151.6000000000
1990-05-23T00:00:00Z,151.2300000000
1990-05-24T00:00:00Z,151.5500000000
1990-05-25T00:00:00Z,149.6900000000
1990-05-29T00:00:00Z,150.8800000000
1990-05-30T00:00:00Z,151.3200000000
1990-05-31T00:00:00Z,152.6400000000
1990-06-01T00:00:00Z,151.3900000000
1990-06-04T00:00:00Z,151.6000000000
1990-06-05T00:00:00Z,152.6500000000
1990-06-06T00:00:00Z,152.5500000000
1990-06-07T00:00:00Z,152.5300000000
1990-06-08T00:00:00Z,153.5300000000
1990-06-11T00:00:00Z,154.5200000000
1990-06-12T00:00:00Z,154.4400000000
1990-06-13T00:00:00Z,154.7900000000
1990-06-14T00:00:00Z,154.0700000000
1990-06-15T00:00:00Z,154.2000000000
1990-06-18T00:00:00Z,153.7000000000
1990-06-19T00:00:00Z,153.6500000000
1990-06-20T00:00:00Z,154.0000000000
1990-06-21T00:00:00Z,154.8200000000
1990-06-22T00:00:00Z,154.7500000000
1990-06-25T00:00:00Z,155.3700000000
1990-06-26T00:00:00Z,155.1500000000
1990-06-27T00:00:00Z,154.3800000000
1990-06-28T00:00:00Z,153.1700000000
1990-06-29T00:00:00Z,152.3500000000
1990-07-02T00:00:00Z,151.2700000000
1990-07-03T00:00:00Z,151.2000000000
1990-07-05T00:00:00Z,150.7700000000
1990-07-06T00:00:00Z,151.0300000000
1990-07-09T00:00:00Z,151.1000000000
1990-07-10T00:00:00Z,148.9000000000
1990-07-11T00:00:00Z,148.6800000000
1990-07-12T00:00:00Z,148.6000000000
1990-07-13T00:00:00Z,147.5000000000
1990-07-16T00:00:00Z,148.0500000000
1990-07-17T00:00:00Z,148.3500000000
1990-07-18T00:00:00Z,147.3000000000
1990-07-19T00:00:00Z,148.0500000000
1990-07-20T00:00:00Z,148.9700000000
1990-07-23T00:00:00Z,148.4500000000
1990-07-24T00:00:00Z,148.3500000000
1990-07-25T00:00:00Z,148.8800000000
1990-07-26T00:00:00Z,150.4500000000
1990-07-27T00:00:00Z,149.6000000000
1990-07-30T00:00:00Z,148.2000000000
1990-07-31T00:00:00Z,146.1300000000
1990-08-01T00:00:00Z,147.2500000000
1990-08-02T00:00:00Z,149.6000000000
1990-08-03T00:00:00Z,149.9000000000
1990-08-06T00:00:00Z,149.7500000000
1990-08-07T00:00:00Z,149.8000000000
1990-08-08T00:00:00Z,150.1500000000
1990-08-09T00:00:00Z,149.8200000000
1990-08-10T00:00:00Z,150.1500000000
1990-08-13T00:00:00Z,150.3500000000
1990-08-14T00:00:00Z,149.4800000000
1990-08-15T00:00:00Z,147.4500000000
1990-08-16T00:00:00Z,148.3800000000
1990-08-17T00:00:00Z,147.5700000000
1990-08-20T00:00:00Z,146.8700000000
1990-08-21T00:00:00Z,146.4000000000
1990-08-22T00:00:00Z,145.7500000000
1990-08-23T00:00:00Z,146.6000000000
1990-08-24T00:00:00Z,146.5500000000
1990-08-27T00:00:00Z,144.4500000000
1990-08-28T00:00:00Z,143.4800000000
1990-08-29T00:00:00Z,143.6200000000
1990-08-30T00:00:00Z,144.3000000000
1990-08-31T00:00:00Z,143.9300000000
1990-09-04T00:00:00Z,143.5500000000
1990-09-05T00:00:00Z,141.6800000000
1990-09-06T00:00:00Z,141.0500000000
1990-09-07T00:00:00Z,140.1000000000
1990-09-10T00:00:00Z,139.2000000000
1990-09-11T00:00:00Z,139.8500000000
1990-09-12T00:00:00Z,137.7000000000
1990-09-13T00:00:00Z,137.3500000000
1990-09-14T00:00:00Z,136.6700000000
1990-09-17T00:00:00Z,137.0000000000
1990-09-18T00:00:00Z,137.5000000000
1990-09-19T00:00:00Z,137.5000000000
1990-09-20T00:00:00Z,136.9300000000
1990-09-21T00:00:00Z,136.9000000000
1990-09-24T00:00:00Z,136.1000000000
1990-09-25T00:00:00Z,137.3800000000
1990-09-26T00:00:00Z,137.2700000000
1990-09-27T00:00:00Z,138.3700000000
1990-09-28T00:00:00Z,138.2700000000
1990-10-01T00:00:00Z,136.9000000000
1990-10-02T00:00:00Z,136.9500000000
1990-10-03T00:00:00Z,136.1300000000
1990-10-04T00:00:00Z,133.9000000000
1990-10-05T00:00:00Z,132.4000000000
1990-10-09T00:00:00Z,130.3300000000
1990-10-10T00:00:00Z,129.9700000000
1990-10-11T00:00:00Z,129.9500000000
1990-10-12T00:00:00Z,128.6500000000
1990-10-15T00:00:00Z,128.1500000000
1990-10-16T00:00:00Z,127.2500000000
1990-10-17T00:00:00Z,125.2700000000
1990-10-18T00:00:00Z,125.0500000000
1990-10-19T00:00:00Z,125.7500000000
1990-10-22T00:00:00Z,126.0500000000
1990-10-23T00:00:00Z,127.5000000000
1990-10-24T00:00:00Z,128.0500000000
1990-10-25T00:00:00Z,127.3000000000
1990-10-26T00:00:00Z,128.0000000000
1990-10-29T00:00:00Z,128.4000000000
1990-10-30T00:00:00Z,129.1000000000
1990-10-31T00:00:00Z,129.9500000000
1990-11-01T00:00:00Z,130.4800000000
1990-11-02T00:00:00Z,128.6000000000
1990-11-05T00:00:00Z,126.8000000000
1990-11-06T00:00:00Z,127.3000000000
1990-11-07T00:00:00Z,128.1500000000
1990-11-08T00:00:00Z,129.9000000000
1990-11-09T00:00:00Z,129.7300000000
1990-11-13T00:00:00Z,129.6000000000
1990-11-14T00:00:00Z,129.6200000000
1990-11-15T00:00:00Z,129.2700000000
1990-11-16T00:00:00Z,129.4300000000
1990-11-19T00:00:00Z,129.0000000000
1990-11-20T00:00:00Z,128.9500000000
1990-11-21T00:00:00Z,127.6500000000
1990-11-23T00:00:00Z,127.3500000000
1990-11-26T00:00:00Z,128.7500000000
1990-11-27T00:00:00Z,128.3300000000
1990-11-28T00:00:00Z,129.8500000000
1990-11-29T00:00:00Z,132.4500000000
1990-11-30T00:00:00Z,133.1000000000
1990-12-03T00:00:00Z,134.4000000000
1990-12-04T00:00:00Z,134.0500000000
1990-12-05T00:00:00Z,134.5300000000
1990-12-06T00:00:00Z,132.3500000000
1990-12-07T00:00:00Z,131.0500000000
1990-12-10T00:00:00Z,131.9000000000
1990-12-11T00:00:00Z,132.1000000000
1990-12-12T00:00:00Z,131.8200000000
1990-12-13T00:00:00Z,132.1300000000
1990-12-14T00:00:00Z,132.9500000000
1990-12-17T00:00:00Z,133.2500000000
1990-12-18T00:00:00Z,133.2300000000
1990-12-19T00:00:00Z,134.1500000000
1990-12-20T00:00:00Z,134.8500000000
1990-12-21T00:00:00Z,135.6000000000
1990-12-24T00:00:00Z,136.0500000000
1990-12-26T00:00:00Z,136.0500000000
1990-12-27T00:00:00Z,136.4500000000
1990-12-28T00:00:00Z,135.1200000000
1990-12-31T00:00:00Z,135.7500000000
1991-01-02T00:00:00Z,134.6000000000
1991-01-03T00:00:00Z,133.0500000000
1991-01-04T00:00:00Z,135.1000000000
1991-01-07T00:00:00Z,136.7000000000
1991-01-08T00:00:00Z,136.4500000000
1991-01-09T00:00:00Z,134.0500000000
1991-01-10T00:00:00Z,134.6000000000
1991-01-11T00:00:00Z,134.2500000000
1991-01-14T00:00:00Z,135.0500000000
1991-01-15T00:00:00Z,135.9000000000
1991-01-16T00:00:00Z,136.8500000000
1991-01-17T00:00:00Z,132.8800000000
1991-01-18T00:00:00Z,132.8000000000
1991-01-22T00:00:00Z,131.7000000000
1991-01-23T00:00:00Z,132.4100000000
1991-01-24T00:00:00Z,132.2300000000
1991-01-25T00:00:00Z,132.2700000000
1991-01-28T00:00:00Z,132.2000000000
1991-01-29T00:00:00Z,131.5300000000
1991-01-30T00:00:00Z,131.6000000000
1991-01-31T00:00:00Z,131.4500000000
1991-02-01T00:00:00Z,131.4500000000
1991-02-04T00:00:00Z,131.0800000000
1991-02-05T00:00:00Z,129.7300000000
1991-02-06T00:00:00Z,128.3500000000
1991-02-07T00:00:00Z,127.9500000000
1991-02-08T00:00:00Z,127.9000000000
1991-02-11T00:00:00Z,127.7200000000
1991-02-12T00:00:00Z,128.3000000000
1991-02-13T00:00:00Z,129.0800000000
1991-02-14T00:00:00Z,129.8000000000
1991-02-15T00:00:00Z,130.4500000000
1991-02-19T00:00:00Z,131.5500000000
1991-02-20T00:00:00Z,131.8000000000
1991-02-21T00:00:00Z,131.4000000000
1991-02-22T00:00:00Z,132.2000000000
1991-02-25T00:00:00Z,133.3500000000
1991-02-26T00:00:00Z,132.8500000000
1991-02-27T00:00:00Z,132.2700000000
1991-02-28T00:00:00Z,132.9500000000
1991-03-01T00:00:00Z,134.5500000000
1991-03-04T00:00:00Z,135.5500000000
1991-03-05T00:00:00Z,135.3900000000
1991-03-06T00:00:00Z,136.2500000000
1991-03-07T00:00:00Z,135.8000000000
1991-03-08T00:00:00Z,136.2500000000
1991-03-11T00:00:00Z,138.1000000000
1991-03-12T00:00:00Z,136.3000000000
1991-03-13T00:00:00Z,136.4000000000
1991-03-14T00:00:00Z,135.9500000000
1991-03-15T00:00:00Z,137.2000000000
1991-03-18T00:00:00Z,138.1500000000
1991-03-19T00:00:00Z,138.1500000000
1991-03-20T00:00:00Z,138.6000000000
1991-03-21T00:00:00Z,137.6000000000
1991-03-22T00:00:00Z,137.2000000000
1991-03-25T00:00:00Z,138.4300000000
1991-03-26T00:00:00Z,138.3500000000
1991-03-27T00:00:00Z,139.1000000000
1991-03-28T00:00:00Z,141.2000000000
1991-03-29T00:00:00Z,140.6000000000
1991-04-01T00:00:00Z,140.2000000000
1991-04-02T00:00:00Z,138.3000000000
1991-04-03T00:00:00Z,137.4000000000
1991-04-04T00:00:00Z,135.9700000000
1991-04-05T00:00:00Z,136.9000000000
1991-04-08T00:00:00Z,137.2500000000
1991-04-09T00:00:00Z,135.1000000000
1991-04-10T00:00:00Z,136.3500000000
1991-04-11T00:00:00Z,135.9500000000
1991-04-12T00:00:00Z,136.3000000000
1991-04-15T00:00:00Z,134.4800000000
1991-04-16T00:00:00Z,134.8500000000
1991-04-17T00:00:00Z,136.3500000000
1991-04-18T00:00:00Z,136.8000000000
1991-04-19T00:00:00Z,138.5800000000
1991-04-22T00:00:00Z,139.4500000000
1991-04-23T00:00:00Z,137.9400000000
1991-04-24T00:00:00Z,138.0500000000
1991-04-25T00:00:00Z,138.0500000000
1991-04-26T00:00:00Z,138.1300000000
1991-04-29T00:00:00Z,137.7000000000
1991-04-30T00:00:00Z,136.3800000000
1991-05-01T00:00:00Z,137.6000000000
1991-05-02T00:00:00Z,138.1000000000
1991-05-03T00:00:00Z,138.5500000000
1991-05-06T00:00:00Z,138.4700000000
1991-05-07T00:00:00Z,137.9500000000
1991-05-08T00:00:00Z,138.3500000000
1991-05-09T00:00:00Z,139.3000000000
1991-05-10T00:00:00Z,138.7500000000
1991-05-13T00:00:00Z,139.4200000000
1991-05-14T00:00:00Z,138.1500000000
1991-05-15T00:00:00Z,137.9900000000
1991-05-16T00:00:00Z,137.5500000000
1991-05-17T00:00:00Z,138.5000000000
1991-05-20T00:00:00Z,138.2200000000
1991-05-21T00:00:00Z,137.5000000000
1991-05-22T00:00:00Z,138.0500000000
1991-05-23T00:00:00Z,137.7300000000
1991-05-24T00:00:00Z,138.4000000000
1991-05-28T00:00:00Z,137.8000000000
1991-05-29T00:00:00Z,138.2000000000
1991-05-30T00:00:00Z,137.8500000000
1991-05-31T00:00:00Z,138.4500000000
1991-06-03T00:00:00Z,139.0800000000
1991-06-04T00:00:00Z,138.6600000000
1991-06-05T00:00:00Z,139.1300000000
1991-06-06T00:00:00Z,139.1800000000
1991-06-07T00:00:00Z,140.3100000000
1991-06-10T00:00:00Z,141.9000000000
1991-06-11T00:00:00Z,141.2000000000
1991-06-12T00:00:00Z,141.9000000000
1991-06-13T00:00:00Z,141.3300000000
1991-06-14T00:00:00Z,140.5500000000
1991-06-17T00:00:00Z,140.9700000000
1991-06-18T00:00:00Z,140.9000000000
1991-06-19T00:00:00Z,140.0800000000
1991-06-20T00:00:00Z,138.7400000000
1991-06-21T00:00:00Z,139.0000000000
1991-06-24T00:00:00Z,138.9000000000
1991-06-25T00:00:00Z,138.8200000000
1991-06-26T00:00:00Z,138.3000000000
1991-06-27T00:00:00Z,138.1000000000
1991-06-28T00:00:00Z,137.9000000000
1991-07-01T00:00:00Z,138.4000000000
1991-07-02T00:00:00Z,138.7800000000
1991-07-03T00:00:00Z,139.5000000000
1991-07-05T00:00:00Z,138.3500000000
1991-07-08T00:00:00Z,138.7300000000
1991-07-09T00:00:00Z,138.6500000000
1991-07-10T00:00:00Z,138.5300000000
1991-07-11T00:00:00Z,138.5800000000
1991-07-12T00:00:00Z,136.7500000000
1991-07-15T00:00:00Z,136.7000000000
1991-07-16T00:00:00Z,137.1500000000
1991-07-17T00:00:00Z,136.8000000000
1991-07-18T00:00:00Z,136.8000000000
1991-07-19T00:00:00Z,136.4500000000
1991-07-22T00:00:00Z,137.4500000000
1991-07-23T00:00:00Z,136.9800000000
1991-07-24T00:00:00Z,137.3800000000
1991-07-25T00:00:00Z,138.8500000000
1991-07-26T00:00:00Z,137.9000000000
1991-07-29T00:00:00Z,138.1800000000
1991-07-30T00:00:00Z,137.9300000000
1991-07-31T00:00:00Z,137.4200000000
1991-08-01T00:00:00Z,137.6700000000
1991-08-02T00:00:00Z,136.7400000000
1991-08-05T00:00:00Z,136.6800000000
1991-08-06T00:00:00Z,135.7300000000
1991-08-07T00:00:00Z,135.8500000000
1991-08-08T00:00:00Z,136.4700000000
1991-08-09T00:00:00Z,136.9000000000
1991-08-12T00:00:00Z,136.5400000000
1991-08-13T00:00:00Z,136.5200000000
1991-08-14T00:00:00Z,136.6100000000
1991-08-15T00:00:00Z,136.4700000000
1991-08-16T00:00:00Z,137.2500000000
1991-08-19T00:00:00Z,138.3000000000
1991-08-20T00:00:00Z,137.4500000000
1991-08-21T00:00:00Z,136.8000000000
1991-08-22T00:00:00Z,136.4300000000
1991-08-23T00:00:00Z,137.1000000000
1991-08-26T00:00:00Z,137.0000000000
1991-08-27T00:00:00Z,137.0000000000
1991-08-28T00:00:00Z,136.6000000000
1991-08-29T00:00:00Z,137.0000000000
1991-08-30T00:00:00Z,136.8500000000
1991-09-03T00:00:00Z,136.0200000000
1991-09-04T00:00:00Z,135.3000000000
1991-09-05T00:00:00Z,135.8700000000
1991-09-06T00:00:00Z,136.1500000000
1991-09-09T00:00:00Z,134.9500000000
1991-09-10T00:00:00Z,134.8500000000
1991-09-11T00:00:00Z,134.9500000000
1991-09-12T00:00:00Z,134.0600000000
1991-09-13T00:00:00Z,133.9800000000
1991-09-16T00:00:00Z,133.6500000000
1991-09-17T00:00:00Z,133.8200000000
1991-09-18T00:00:00Z,134.1700000000
1991-09-19T00:00:00Z,134.5000000000
1991-09-20T00:00:00Z,134.3700000000
1991-09-23T00:00:00Z,133.0500000000
1991-09-24T00:00:00Z,133.0800000000
1991-09-25T00:00:00Z,133.3000000000
1991-09-26T00:00:00Z,133.6700000000
1991-09-27T00:00:00Z,133.4000000000
1991-09-30T00:00:00Z,132.8500000000
1991-10-01T00:00:00Z,133.2000000000
1991-10-02T00:00:00Z,132.6800000000
1991-10-03T00:00:00Z,130.7700000000
1991-10-04T00:00:00Z,130.0300000000
1991-10-07T00:00:00Z,129.3000000000
1991-10-08T00:00:00Z,130.1000000000
1991-10-09T00:00:00Z,130.2500000000
1991-10-10T00:00:00Z,130.3500000000
1991-10-11T00:00:00Z,129.7300000000
1991-10-15T00:00:00Z,130.2200000000
1991-10-16T00:00:00Z,130.0200000000
1991-10-17T00:00:00Z,129.8300000000
1991-10-18T00:00:00Z,129.7700000000
1991-10-21T00:00:00Z,130.7300000000
1991-10-22T00:00:00Z,131.2000000000
1991-10-23T00:00:00Z,131.5500000000
1991-10-24T00:00:00Z,131.1800000000
1991-10-25T00:00:00Z,131.4000000000
1991-10-28T00:00:00Z,132.2500000000
1991-10-29T00:00:00Z,130.7500000000
1991-10-30T00:00:00Z,131.0800000000
1991-10-31T00:00:00Z,130.6000000000
1991-11-01T00:00:00Z,130.3000000000
1991-11-04T00:00:00Z,128.9000000000
1991-11-05T00:00:00Z,129.8000000000
1991-11-06T00:00:00Z,129.9000000000
1991-11-07T00:00:00Z,129.7000000000
1991-11-08T00:00:00Z,130.3200000000
1991-11-12T00:00:00Z,129.6500000000
1991-11-13T00:00:00Z,130.1200000000
1991-11-14T00:00:00Z,129.8700000000
1991-11-15T00:00:00Z,130.0500000000
1991-11-18T00:00:00Z,129.3000000000
1991-11-19T00:00:00Z,129.9500000000
1991-11-20T00:00:00Z,129.7700000000
1991-11-21T00:00:00Z,129.6200000000
1991-11-22T00:00:00Z,129.5300000000
1991-11-25T00:00:00Z,127.7700000000
1991-11-26T00:00:00Z,128.1000000000
1991-11-27T00:00:00Z,130.2800000000
1991-11-29T00:00:00Z,130.0800000000
1991-12-02T00:00:00Z,129.9500000000
1991-12-03T00:00:00Z,129.5500000000
1991-12-04T00:00:00Z,129.5500000000
1991-12-05T00:00:00Z,128.7700000000
1991-12-06T00:00:00Z,128.2000000000
1991-12-09T00:00:00Z,128.4000000000
1991-12-10T00:00:00Z,128.7000000000
1991-12-11T00:00:00Z,129.1500000000
1991-12-12T00:00:00Z,129.2400000000
1991-12-13T00:00:00Z,128.8000000000
1991-12-16T00:00:00Z,128.4700000000
1991-12-17T00:00:00Z,128.6000000000
1991-12-18T00:00:00Z,128.4500000000
1991-12-19T00:00:00Z,128.3300000000
1991-12-20T00:00:00Z,127.5700000000
1991-12-23T00:00:00Z,126.5500000000
1991-12-24T00:00:00Z,127.5500000000
1991-12-26T00:00:00Z,126.7800000000
1991-12-27T00:00:00Z,125.5700000000
1991-12-30T00:00:00Z,125.7500000000
1991-12-31T00:00:00Z,124.9000000000
1992-01-02T00:00:00Z,124.5000000000
1992-01-03T00:00:00Z,124.8000000000
1992-01-06T00:00:00Z,124.1000000000
1992-01-07T00:00:00Z,124.4000000000
1992-01-08T00:00:00Z,124.9000000000
1992-01-09T00:00:00Z,125.4000000000
1992-01-10T00:00:00Z,127.0500000000
1992-01-13T00:00:00Z,126.8500000000
1992-01-14T00:00:00Z,126.8000000000
1992-01-15T00:00:00Z,128.4000000000
1992-01-16T00:00:00Z,128.2800000000
1992-01-17T00:00:00Z,127.4500000000
1992-01-21T00:00:00Z,123.2000000000
1992-01-22T00:00:00Z,123.2200000000
1992-01-23T00:00:00Z,123.9000000000
1992-01-24T00:00:00Z,123.4200000000
1992-01-27T00:00:00Z,125.4000000000
1992-01-28T00:00:00Z,125.6200000000
1992-01-29T00:00:00Z,125.4500000000
1992-01-30T00:00:00Z,126.0000000000
1992-01-31T00:00:00Z,125.5500000000
1992-02-03T00:00:00Z,125.9500000000
1992-02-04T00:00:00Z,126.1500000000
1992-02-05T00:00:00Z,125.8300000000
1992-02-06T00:00:00Z,125.6500000000
1992-02-07T00:00:00Z,125.2200000000
1992-02-10T00:00:00Z,126.7000000000
1992-02-11T00:00:00Z,126.9300000000
1992-02-12T00:00:00Z,127.6800000000
1992-02-13T00:00:00Z,127.6800000000
1992-02-14T00:00:00Z,127.9300000000
1992-02-18T00:00:00Z,128.0000000000
1992-02-19T00:00:00Z,128.4000000000
1992-02-20T00:00:00Z,128.6500000000
1992-02-21T00:00:00Z,128.7200000000
1992-02-24T00:00:00Z,129.1000000000
1992-02-25T00:00:00Z,129.4500000000
1992-02-26T00:00:00Z,129.6800000000
1992-02-27T00:00:00Z,129.4100000000
1992-02-28T00:00:00Z,129.1500000000
1992-03-02T00:00:00Z,129.6300000000
1992-03-03T00:00:00Z,130.8400000000
1992-03-04T00:00:00Z,132.1100000000
1992-03-05T00:00:00Z,131.8500000000
1992-03-06T00:00:00Z,131.7600000000
1992-03-09T00:00:00Z,131.9200000000
1992-03-10T00:00:00Z,132.8800000000
1992-03-11T00:00:00Z,133.4500000000
1992-03-12T00:00:00Z,134.2500000000
1992-03-13T00:00:00Z,133.6000000000
1992-03-16T00:00:00Z,133.9800000000
1992-03-17T00:00:00Z,133.4500000000
1992-03-18T00:00:00Z,132.0500000000
1992-03-19T00:00:00Z,133.2700000000
1992-03-20T00:00:00Z,134.1500000000
1992-03-23T00:00:00Z,133.7000000000
1992-03-24T00:00:00Z,133.6900000000
1992-03-25T00:00:00Z,133.3500000000
1992-03-26T00:00:00Z,133.9500000000
1992-03-27T00:00:00Z,133.1200000000
1992-03-30T00:00:00Z,133.0600000000
1992-03-31T00:00:00Z,132.9200000000
1992-04-01T00:00:00Z,134.5000000000
1992-04-02T00:00:00Z,133.8300000000
1992-04-03T00:00:00Z,133.2500000000
1992-04-06T00:00:00Z,132.7200000000
1992-04-07T00:00:00Z,133.2800000000
1992-04-08T00:00:00Z,132.6000000000
1992-04-09T00:00:00Z,132.2300000000
1992-04-10T00:00:00Z,132.9000000000
1992-04-13T00:00:00Z,133.2800000000
1992-04-14T00:00:00Z,132.7900000000
1992-04-15T00:00:00Z,133.3900000000
1992-04-16T00:00:00Z,133.9000000000
1992-04-17T00:00:00Z,134.0000000000
1992-04-20T00:00:00Z,134.5000000000
1992-04-21T00:00:00Z,134.2300000000
1992-04-22T00:00:00Z,134.1500000000
1992-04-23T00:00:00Z,134.5300000000
1992-04-24T00:00:00Z,134.5300000000
1992-04-27T00:00:00Z,133.1300000000
1992-04-28T00:00:00Z,133.3300000000
1992-04-29T00:00:00Z,133.5000000000
1992-04-30T00:00:00Z,133.3000000000
1992-05-01T00:00:00Z,132.7500000000
1992-05-04T00:00:00Z,132.7000000000
1992-05-05T00:00:00Z,133.0700000000
1992-05-06T00:00:00Z,132.5000000000
1992-05-07T00:00:00Z,132.7000000000
1992-05-08T00:00:00Z,133.4000000000
1992-05-11T00:00:00Z,133.1700000000
1992-05-12T00:00:00Z,130.5000000000
1992-05-13T00:00:00Z,130.4000000000
1992-05-14T00:00:00Z,130.2000000000
1992-05-15T00:00:00Z,130.2500000000
1992-05-18T00:00:00Z,128.8000000000
1992-05-19T00:00:00Z,129.1000000000
1992-05-20T00:00:00Z,129.5800000000
1992-05-21T00:00:00Z,130.2500000000
1992-05-22T00:00:00Z,129.4000000000
1992-05-26T00:00:00Z,129.3300000000
1992-05-27T00:00:00Z,129.9500000000
1992-05-28T00:00:00Z,129.6200000000
1992-05-29T00:00:00Z,127.7500000000
1992-06-01T00:00:00Z,127.4500000000
1992-06-02T00:00:00Z,127.5300000000
1992-06-03T00:00:00Z,127.8000000000
1992-06-04T00:00:00Z,127.5700000000
1992-06-05T00:00:00Z,126.8000000000
1992-06-08T00:00:00Z,127.2000000000
1992-06-09T00:00:00Z,127.5500000000
1992-06-10T00:00:00Z,127.6500000000
1992-06-11T00:00:00Z,126.7500000000
1992-06-12T00:00:00Z,126.6500000000
1992-06-15T00:00:00Z,126.8000000000
1992-06-16T00:00:00Z,126.7000000000
1992-06-17T00:00:00Z,127.0500000000
1992-06-18T00:00:00Z,126.6500000000
1992-06-19T00:00:00Z,126.9300000000
1992-06-22T00:00:00Z,127.1000000000
1992-06-23T00:00:00Z,127.2300000000
1992-06-24T00:00:00Z,126.6800000000
1992-06-25T00:00:00Z,125.4500000000
1992-06-26T00:00:00Z,125.7200000000
1992-06-29T00:00:00Z,125.2500000000
1992-06-30T00:00:00Z,125.8700000000
1992-07-01T00:00:00Z,124.9200000000
1992-07-02T00:00:00Z,124.6000000000
1992-07-03T00:00:00Z,124.8000000000
1992-07-06T00:00:00Z,124.5500000000
1992-07-07T00:00:00Z,124.4200000000
1992-07-08T00:00:00Z,124.8500000000
1992-07-09T00:00:00Z,125.8000000000
1992-07-10T00:00:00Z,125.4000000000
1992-07-13T00:00:00Z,124.9500000000
1992-07-14T00:00:00Z,126.0000000000
1992-07-15T00:00:00Z,125.0000000000
1992-07-16T00:00:00Z,125.4500000000
1992-07-17T00:00:00Z,124.5500000000
1992-07-20T00:00:00Z,125.2500000000
1992-07-21T00:00:00Z,125.3000000000
1992-07-22T00:00:00Z,126.9000000000
1992-07-23T00:00:00Z,126.6300000000
1992-07-24T00:00:00Z,127.6700000000
1992-07-27T00:00:00Z,127.7300000000
1992-07-28T00:00:00Z,127.5800000000
1992-07-29T00:00:00Z,127.9300000000
1992-07-30T00:00:00Z,127.6500000000
1992-07-31T00:00:00Z,127.3500000000
1992-08-03T00:00:00Z,127.2800000000
1992-08-04T00:00:00Z,127.2500000000
1992-08-05T00:00:00Z,127.4000000000
1992-08-06T00:00:00Z,127.7500000000
1992-08-07T00:00:00Z,127.5000000000
1992-08-10T00:00:00Z,128.0500000000
1992-08-11T00:00:00Z,128.0500000000
1992-08-12T00:00:00Z,127.7200000000
1992-08-13T00:00:00Z,127.2700000000
1992-08-14T00:00:00Z,126.2500000000
1992-08-17T00:00:00Z,125.7500000000
1992-08-18T00:00:00Z,126.2500000000
1992-08-19T00:00:00Z,126.3000000000
1992-08-20T00:00:00Z,126.3200000000
1992-08-21T00:00:00Z,126.0700000000
1992-08-24T00:00:00Z,124.6800000000
1992-08-25T00:00:00Z,124.9000000000
1992-08-26T00:00:00Z,124.9500000000
1992-08-27T00:00:00Z,124.9000000000
1992-08-28T00:00:00Z,123.2600000000
1992-08-31T00:00:00Z,122.9500000000
1992-09-01T00:00:00Z,122.9500000000
1992-09-02T00:00:00Z,123.0000000000
1992-09-03T00:00:00Z,124.0000000000
1992-09-04T00:00:00Z,123.2200000000
1992-09-08T00:00:00Z,122.6800000000
1992-09-09T00:00:00Z,123.2300000000
1992-09-10T00:00:00Z,122.9800000000
1992-09-11T00:00:00Z,124.2300000000
1992-09-14T00:00:00Z,124.2500000000
1992-09-15T00:00:00Z,124.3800000000
1992-09-16T00:00:00Z,124.9500000000
1992-09-17T00:00:00Z,124.4300000000
1992-09-18T00:00:00Z,124.6300000000
1992-09-21T00:00:00Z,123.7200000000
1992-09-22T00:00:00Z,121.2000000000
1992-09-23T00:00:00Z,120.1500000000
1992-09-24T00:00:00Z,120.7000000000
1992-09-25T00:00:00Z,120.5000000000
1992-09-28T00:00:00Z,119.5800000000
1992-09-29T00:00:00Z,119.7500000000
1992-09-30T00:00:00Z,120.0000000000
1992-10-01T00:00:00Z,120.0000000000
1992-10-02T00:00:00Z,119.3500000000
1992-10-05T00:00:00Z,119.6500000000
1992-10-06T00:00:00Z,119.9200000000
1992-10-07T00:00:00Z,120.0200000000
1992-10-08T00:00:00Z,120.9700000000
1992-10-09T00:00:00Z,122.0000000000
1992-10-13T00:00:00Z,121.5000000000
1992-10-14T00:00:00Z,121.0200000000
1992-10-15T00:00:00Z,120.4000000000
1992-10-16T00:00:00Z,119.8500000000
1992-10-19T00:00:00Z,119.8500000000
1992-10-20T00:00:00Z,121.9500000000
1992-10-21T00:00:00Z,121.8000000000
1992-10-22T00:00:00Z,120.7500000000
1992-10-23T00:00:00Z,121.7700000000
1992-10-26T00:00:00Z,122.0300000000
1992-10-27T00:00:00Z,122.4800000000
1992-10-28T00:00:00Z,122.5000000000
1992-10-29T00:00:00Z,123.3600000000
1992-10-30T00:00:00Z,123.3000000000
1992-11-02T00:00:00Z,123.9500000000
1992-11-03T00:00:00Z,122.2500000000
1992-11-04T00:00:00Z,122.8000000000
1992-11-05T00:00:00Z,122.6700000000
1992-11-06T00:00:00Z,123.2000000000
1992-11-09T00:00:00Z,123.9000000000
1992-11-10T00:00:00Z,124.4000000000
1992-11-12T00:00:00Z,124.1200000000
1992-11-13T00:00:00Z,123.8500000000
1992-11-16T00:00:00Z,124.8500000000
1992-11-17T00:00:00Z,124.5500000000
1992-11-18T00:00:00Z,124.3800000000
1992-11-19T00:00:00Z,123.5500000000
1992-11-20T00:00:00Z,124.2200000000
1992-11-23T00:00:00Z,124.1800000000
1992-11-24T00:00:00Z,124.1000000000
1992-11-25T00:00:00Z,123.9300000000
1992-11-27T00:00:00Z,124.4000000000
1992-11-30T00:00:00Z,124.4200000000
1992-12-01T00:00:00Z,124.4000000000
1992-12-02T00:00:00Z,124.4100000000
1992-12-03T00:00:00Z,124.6700000000
1992-12-04T00:00:00Z,124.9000000000
1992-12-07T00:00:00Z,124.4400000000
1992-12-08T00:00:00Z,124.0000000000
1992-12-09T00:00:00Z,124.1000000000
1992-12-10T00:00:00Z,123.7300000000
1992-12-11T00:00:00Z,123.8900000000
1992-12-14T00:00:00Z,123.8500000000
1992-12-15T00:00:00Z,124.1000000000
1992-12-16T00:00:00Z,122.9000000000
1992-12-17T00:00:00Z,123.1000000000
1992-12-18T00:00:00Z,123.2800000000
1992-12-21T00:00:00Z,122.9700000000
1992-12-22T00:00:00Z,123.5200000000
1992-12-23T00:00:00Z,123.8500000000
1992-12-24T00:00:00Z,123.9000000000
1992-12-28T00:00:00Z,124.7500000000
1992-12-29T00:00:00Z,124.7000000000
1992-12-30T00:00:00Z,124.5900000000
1992-12-31T00:00:00Z,124.8500000000
1993-01-04T00:00:00Z,125.4000000000
1993-01-05T00:00:00Z,125.1100000000
1993-01-06T00:00:00Z,125.1000000000
1993-01-07T00:00:00Z,125.2500000000
1993-01-08T00:00:00Z,125.2700000000
1993-01-11T00:00:00Z,125.0500000000
1993-01-12T00:00:00Z,125.3000000000
1993-01-13T00:00:00Z,126.0300000000
1993-01-14T00:00:00Z,125.7500000000
1993-01-15T00:00:00Z,126.1000000000
1993-01-19T00:00:00Z,125.5500000000
1993-01-20T00:00:00Z,124.9000000000
1993-01-21T00:00:00Z,125.0000000000
1993-01-22T00:00:00Z,124.8500000000
1993-01-25T00:00:00Z,123.2800000000
1993-01-26T00:00:00Z,123.6300000000
1993-01-27T00:00:00Z,124.1000000000
1993-01-28T00:00:00Z,124.2300000000
1993-01-29T00:00:00Z,124.9700000000
1993-02-01T00:00:00Z,124.9500000000
1993-02-02T00:00:00Z,124.8600000000
1993-02-03T00:00:00Z,124.3300000000
1993-02-04T00:00:00Z,124.5800000000
1993-02-05T00:00:00Z,124.4300000000
1993-02-08T00:00:00Z,124.0200000000
1993-02-09T00:00:00Z,121.3800000000
1993-02-10T00:00:00Z,120.9700000000
1993-02-11T00:00:00Z,120.5000000000
1993-02-12T00:00:00Z,120.9000000000
1993-02-16T00:00:00Z,119.8000000000
1993-02-17T00:00:00Z,119.4000000000
1993-02-18T00:00:00Z,119.6000000000
1993-02-19T00:00:00Z,119.1100000000
1993-02-22T00:00:00Z,116.4500000000
1993-02-23T00:00:00Z,116.6500000000
1993-02-24T00:00:00Z,116.9000000000
1993-02-25T00:00:00Z,117.5000000000
1993-02-26T00:00:00Z,118.1000000000
1993-03-01T00:00:00Z,118.7500000000
1993-03-02T00:00:00Z,117.7700000000
1993-03-03T00:00:00Z,117.2500000000
1993-03-04T00:00:00Z,116.8000000000
1993-03-05T00:00:00Z,117.6500000000
1993-03-08T00:00:00Z,116.6200000000
1993-03-09T00:00:00Z,117.4000000000
1993-03-10T00:00:00Z,118.1200000000
1993-03-11T00:00:00Z,117.5700000000
1993-03-12T00:00:00Z,117.8000000000
1993-03-15T00:00:00Z,118.4500000000
1993-03-16T00:00:00Z,116.9000000000
1993-03-17T00:00:00Z,117.2500000000
1993-03-18T00:00:00Z,116.8800000000
1993-03-19T00:00:00Z,115.9500000000
1993-03-22T00:00:00Z,115.6700000000
1993-03-23T00:00:00Z,115.7000000000
1993-03-24T00:00:00Z,116.8800000000
1993-03-25T00:00:00Z,117.3000000000
1993-03-26T00:00:00Z,116.4000000000
1993-03-29T00:00:00Z,116.7700000000
1993-03-30T00:00:00Z,116.6200000000
1993-03-31T00:00:00Z,114.9000000000
1993-04-01T00:00:00Z,114.1000000000
1993-04-02T00:00:00Z,114.2000000000
1993-04-05T00:00:00Z,113.6000000000
1993-04-06T00:00:00Z,114.0000000000
1993-04-07T00:00:00Z,113.7000000000
1993-04-08T00:00:00Z,113.4500000000
1993-04-09T00:00:00Z,113.2000000000
1993-04-12T00:00:00Z,112.7500000000
1993-04-13T00:00:00Z,113.4000000000
1993-04-14T00:00:00Z,113.9000000000
1993-04-15T00:00:00Z,113.4000000000
1993-04-16T00:00:00Z,112.6300000000
1993-04-19T00:00:00Z,111.0300000000
1993-04-20T00:00:00Z,110.8000000000
1993-04-21T00:00:00Z,111.1000000000
1993-04-22T00:00:00Z,110.0500000000
1993-04-23T00:00:00Z,110.6200000000
1993-04-26T00:00:00Z,110.4500000000
1993-04-27T00:00:00Z,111.2500000000
1993-04-28T00:00:00Z,112.4000000000
1993-04-29T00:00:00Z,111.7500000000
1993-04-30T00:00:00Z,111.2700000000
1993-05-03T00:00:00Z,110.9000000000
1993-05-04T00:00:00Z,110.3000000000
1993-05-05T00:00:00Z,110.2500000000
1993-05-06T00:00:00Z,110.3000000000
1993-05-07T00:00:00Z,110.3500000000
1993-05-10T00:00:00Z,111.7500000000
1993-05-11T00:00:00Z,111.0500000000
1993-05-12T00:00:00Z,111.5000000000
1993-05-13T00:00:00Z,111.7000000000
1993-05-14T00:00:00Z,110.8500000000
1993-05-17T00:00:00Z,111.4000000000
1993-05-18T00:00:00Z,111.5900000000
1993-05-19T00:00:00Z,110.5200000000
1993-05-20T00:00:00Z,110.5000000000
1993-05-21T00:00:00Z,110.4300000000
1993-05-24T00:00:00Z,110.3500000000
1993-05-25T00:00:00Z,109.5000000000
1993-05-26T00:00:00Z,108.6500000000
1993-05-27T00:00:00Z,107.8000000000
1993-05-28T00:00:00Z,107.1700000000
1993-06-01T00:00:00Z,107.2300000000
1993-06-02T00:00:00Z,107.6800000000
1993-06-03T00:00:00Z,107.4000000000
1993-06-04T00:00:00Z,107.7500000000
1993-06-07T00:00:00Z,107.3600000000
1993-06-08T00:00:00Z,106.3000000000
1993-06-09T00:00:00Z,106.5500000000
1993-06-10T00:00:00Z,106.1600000000
1993-06-11T00:00:00Z,106.1000000000
1993-06-14T00:00:00Z,105.1500000000
1993-06-15T00:00:00Z,105.6000000000
1993-06-16T00:00:00Z,106.6000000000
1993-06-17T00:00:00Z,106.7500000000
1993-06-18T00:00:00Z,109.5000000000
1993-06-21T00:00:00Z,111.0500000000
1993-06-22T00:00:00Z,111.3500000000
1993-06-23T00:00:00Z,109.1500000000
1993-06-24T00:00:00Z,109.2500000000
1993-06-25T00:00:00Z,106.1500000000
1993-06-28T00:00:00Z,106.0500000000
1993-06-29T00:00:00Z,107.1300000000
1993-06-30T00:00:00Z,106.8000000000
1993-07-01T00:00:00Z,107.8500000000
1993-07-02T00:00:00Z,108.7000000000
1993-07-06T00:00:00Z,108.2800000000
1993-07-07T00:00:00Z,107.7000000000
1993-07-08T00:00:00Z,108.7500000000
1993-07-09T00:00:00Z,109.6700000000
1993-07-12T00:00:00Z,109.6500000000
1993-07-13T00:00:00Z,108.3400000000
1993-07-14T00:00:00Z,107.5000000000
1993-07-15T00:00:00Z,108.2500000000
1993-07-16T00:00:00Z,107.8000000000
1993-07-19T00:00:00Z,108.5000000000
1993-07-20T00:00:00Z,108.4000000000
1993-07-21T00:00:00Z,108.5000000000
1993-07-22T00:00:00Z,106.9000000000
1993-07-23T00:00:00Z,106.8000000000
1993-07-26T00:00:00Z,106.9000000000
1993-07-27T00:00:00Z,106.3500000000
1993-07-28T00:00:00Z,105.3300000000
1993-07-29T00:00:00Z,106.3000000000
1993-07-30T00:00:00Z,105.0500000000
1993-08-02T00:00:00Z,104.3500000000
1993-08-03T00:00:00Z,104.4300000000
1993-08-04T00:00:00Z,104.8000000000
1993-08-05T00:00:00Z,104.2500000000
1993-08-06T00:00:00Z,104.4500000000
1993-08-09T00:00:00Z,104.9300000000
1993-08-10T00:00:00Z,104.6700000000
1993-08-11T00:00:00Z,103.6800000000
1993-08-12T00:00:00Z,103.1700000000
1993-08-13T00:00:00Z,102.1800000000
1993-08-16T00:00:00Z,101.1000000000
1993-08-17T00:00:00Z,101.5500000000
1993-08-18T00:00:00Z,101.6000000000
1993-08-19T00:00:00Z,103.9500000000
1993-08-20T00:00:00Z,104.8500000000
1993-08-23T00:00:00Z,103.1200000000
1993-08-24T00:00:00Z,103.7300000000
1993-08-25T00:00:00Z,104.9500000000
1993-08-26T00:00:00Z,104.4000000000
1993-08-27T00:00:00Z,104.0000000000
1993-08-30T00:00:00Z,103.9400000000
1993-08-31T00:00:00Z,104.7300000000
1993-09-01T00:00:00Z,105.7000000000
1993-09-02T00:00:00Z,106.0000000000
1993-09-03T00:00:00Z,105.0500000000
1993-09-07T00:00:00Z,104.0500000000
1993-09-08T00:00:00Z,105.6400000000
1993-09-09T00:00:00Z,105.2000000000
1993-09-10T00:00:00Z,106.2000000000
1993-09-13T00:00:00Z,106.3000000000
1993-09-14T00:00:00Z,105.8500000000
1993-09-15T00:00:00Z,106.3000000000
1993-09-16T00:00:00Z,104.4500000000
1993-09-17T00:00:00Z,104.5000000000
1993-09-20T00:00:00Z,104.3100000000
1993-09-21T00:00:00Z,106.5000000000
1993-09-22T00:00:00Z,106.5000000000
1993-09-23T00:00:00Z,106.0700000000
1993-09-24T00:00:00Z,106.0500000000
1993-09-27T00:00:00Z,105.9000000000
1993-09-28T00:00:00Z,105.2500000000
1993-09-29T00:00:00Z,105.2000000000
1993-09-30T00:00:00Z,106.0500000000
1993-10-01T00:00:00Z,106.0500000000
1993-10-04T00:00:00Z,105.8000000000
1993-10-05T00:00:00Z,105.5700000000
1993-10-06T00:00:00Z,105.6000000000
1993-10-07T00:00:00Z,105.1500000000
1993-10-08T00:00:00Z,105.5700000000
1993-10-12T00:00:00Z,105.9500000000
1993-10-13T00:00:00Z,106.0200000000
1993-10-14T00:00:00Z,107.4300000000
1993-10-15T00:00:00Z,107.0800000000
1993-10-18T00:00:00Z,107.4700000000
1993-10-19T00:00:00Z,107.0700000000
1993-10-20T00:00:00Z,107.3100000000
1993-10-21T00:00:00Z,108.3500000000
1993-10-22T00:00:00Z,108.1600000000
1993-10-25T00:00:00Z,108.3600000000
1993-10-26T00:00:00Z,108.1400000000
1993-10-27T00:00:00Z,108.4700000000
1993-10-28T00:00:00Z,108.5000000000
1993-10-29T00:00:00Z,108.3500000000
1993-11-01T00:00:00Z,108.2800000000
1993-11-02T00:00:00Z,107.5700000000
1993-11-03T00:00:00Z,107.3000000000
1993-11-04T00:00:00Z,108.2700000000
1993-11-05T00:00:00Z,108.2000000000
1993-11-08T00:00:00Z,108.0700000000
1993-11-09T00:00:00Z,108.2600000000
1993-11-10T00:00:00Z,107.2800000000
1993-11-12T00:00:00Z,106.3000000000
1993-11-15T00:00:00Z,106.9000000000
1993-11-16T00:00:00Z,106.7300000000
1993-11-17T00:00:00Z,107.0000000000
1993-11-18T00:00:00Z,107.1000000000
1993-11-19T00:00:00Z,108.3000000000
1993-11-22T00:00:00Z,108.2700000000
1993-11-23T00:00:00Z,108.4500000000
1993-11-24T00:00:00Z,108.1500000000
1993-11-26T00:00:00Z,108.7500000000
1993-11-29T00:00:00Z,109.2700000000
1993-11-30T00:00:00Z,109.0800000000
1993-12-01T00:00:00Z,108.7000000000
1993-12-02T00:00:00Z,108.7400000000
1993-12-03T00:00:00Z,108.4600000000
1993-12-06T00:00:00Z,108.2300000000
1993-12-07T00:00:00Z,107.6000000000
1993-12-08T00:00:00Z,108.6200000000
1993-12-09T00:00:00Z,108.7500000000
1993-12-10T00:00:00Z,109.1800000000
1993-12-13T00:00:00Z,108.9800000000
1993-12-14T00:00:00Z,109.3800000000
1993-12-15T00:00:00Z,109.6600000000
1993-12-16T00:00:00Z,109.7200000000
1993-12-17T00:00:00Z,110.1000000000
1993-12-20T00:00:00Z,110.5500000000
1993-12-21T00:00:00Z,111.0800000000
1993-12-22T00:00:00Z,110.5700000000
1993-12-23T00:00:00Z,110.5500000000
1993-12-24T00:00:00Z,110.9500000000
1993-12-27T00:00:00Z,111.5300000000
1993-12-28T00:00:00Z,111.3500000000
1993-12-29T00:00:00Z,111.6000000000
1993-12-30T00:00:00Z,112.0000000000
1993-12-31T00:00:00Z,111.7000000000
1994-01-03T00:00:00Z,112.5000000000
1994-01-04T00:00:00Z,112.7500000000
1994-01-05T00:00:00Z,113.1000000000
1994-01-06T00:00:00Z,112.7500000000
1994-01-07T00:00:00Z,111.9700000000
1994-01-10T00:00:00Z,112.3800000000
1994-01-11T00:00:00Z,112.3500000000
1994-01-12T00:00:00Z,112.4000000000
1994-01-13T00:00:00Z,111.9200000000
1994-01-14T00:00:00Z,111.2400000000
1994-01-18T00:00:00Z,110.7500000000
1994-01-19T00:00:00Z,110.8500000000
1994-01-20T00:00:00Z,111.6000000000
1994-01-21T00:00:00Z,111.2500000000
1994-01-24T00:00:00Z,111.8000000000
1994-01-25T00:00:00Z,111.1500000000
1994-01-26T00:00:00Z,110.2800000000
1994-01-27T00:00:00Z,109.6200000000
1994-01-28T00:00:00Z,109.4500000000
1994-01-31T00:00:00Z,108.7200000000
1994-02-01T00:00:00Z,108.0500000000
1994-02-02T00:00:00Z,108.0300000000
1994-02-03T00:00:00Z,108.1800000000
1994-02-04T00:00:00Z,108.9800000000
1994-02-07T00:00:00Z,108.5600000000
1994-02-08T00:00:00Z,108.6600000000
1994-02-09T00:00:00Z,107.8900000000
1994-02-10T00:00:00Z,108.4500000000
1994-02-11T00:00:00Z,107.6700000000
1994-02-14T00:00:00Z,104.0800000000
1994-02-15T00:00:00Z,103.9500000000
1994-02-16T00:00:00Z,103.8000000000
1994-02-17T00:00:00Z,104.2000000000
1994-02-18T00:00:00Z,104.1500000000
1994-02-22T00:00:00Z,105.2700000000
1994-02-23T00:00:00Z,105.8000000000
1994-02-24T00:00:00Z,105.1500000000
1994-02-25T00:00:00Z,104.6300000000
1994-02-28T00:00:00Z,104.2200000000
1994-03-01T00:00:00Z,104.8000000000
1994-03-02T00:00:00Z,103.7000000000
1994-03-03T00:00:00Z,103.7300000000
1994-03-04T00:00:00Z,105.6000000000
1994-03-07T00:00:00Z,105.7300000000
1994-03-08T00:00:00Z,105.3000000000
1994-03-09T00:00:00Z,105.8800000000
1994-03-10T00:00:00Z,105.7000000000
1994-03-11T00:00:00Z,105.0500000000
1994-03-14T00:00:00Z,106.0000000000
1994-03-15T00:00:00Z,105.9700000000
1994-03-16T00:00:00Z,105.8500000000
1994-03-17T00:00:00Z,105.8200000000
1994-03-18T00:00:00Z,106.0500000000
1994-03-21T00:00:00Z,106.2500000000
1994-03-22T00:00:00Z,106.0000000000
1994-03-23T00:00:00Z,106.4000000000
1994-03-24T00:00:00Z,105.5200000000
1994-03-25T00:00:00Z,104.8500000000
1994-03-28T00:00:00Z,104.1200000000
1994-03-29T00:00:00Z,103.4500000000
1994-03-30T00:00:00Z,103.0700000000
1994-03-31T00:00:00Z,102.4000000000
1994-04-01T00:00:00Z,103.7500000000
1994-04-04T00:00:00Z,103.3000000000
1994-04-05T00:00:00Z,103.8500000000
1994-04-06T00:00:00Z,104.4500000000
1994-04-07T00:00:00Z,104.8500000000
1994-04-08T00:00:00Z,105.0200000000
1994-04-11T00:00:00Z,103.4500000000
1994-04-12T00:00:00Z,103.6200000000
1994-04-13T00:00:00Z,103.5700000000
1994-04-14T00:00:00Z,104.1500000000
1994-04-15T00:00:00Z,103.6000000000
1994-04-18T00:00:00Z,103.4000000000
1994-04-19T00:00:00Z,103.2300000000
1994-04-20T00:00:00Z,103.3000000000
1994-04-21T00:00:00Z,103.6500000000
1994-04-22T00:00:00Z,103.6000000000
1994-04-25T00:00:00Z,103.2600000000
1994-04-26T00:00:00Z,102.9500000000
1994-04-27T00:00:00Z,102.3500000000
1994-04-28T00:00:00Z,101.7700000000
1994-04-29T00:00:00Z,102.0500000000
1994-05-02T00:00:00Z,101.7900000000
1994-05-03T00:00:00Z,101.2000000000
1994-05-04T00:00:00Z,102.0000000000
1994-05-05T00:00:00Z,102.7000000000
1994-05-06T00:00:00Z,102.7200000000
1994-05-09T00:00:00Z,102.7000000000
1994-05-10T00:00:00Z,104.0000000000
1994-05-11T00:00:00Z,104.4200000000
1994-05-12T00:00:00Z,104.2300000000
1994-05-13T00:00:00Z,104.9000000000
1994-05-16T00:00:00Z,104.8000000000
1994-05-17T00:00:00Z,104.3700000000
1994-05-18T00:00:00Z,103.5500000000
1994-05-19T00:00:00Z,104.2500000000
1994-05-20T00:00:00Z,103.9700000000
1994-05-23T00:00:00Z,104.3300000000
1994-05-24T00:00:00Z,104.9000000000
1994-05-25T00:00:00Z,104.5000000000
1994-05-26T00:00:00Z,104.4500000000
1994-05-27T00:00:00Z,104.3000000000
1994-05-31T00:00:00Z,104.7400000000
1994-06-01T00:00:00Z,104.7000000000
1994-06-02T00:00:00Z,104.9800000000
1994-06-03T00:00:00Z,105.3800000000
1994-06-06T00:00:00Z,105.2500000000
1994-06-07T00:00:00Z,104.9000000000
1994-06-08T00:00:00Z,104.0500000000
1994-06-09T00:00:00Z,104.4500000000
1994-06-10T00:00:00Z,103.7000000000
1994-06-13T00:00:00Z,103.0000000000
1994-06-14T00:00:00Z,102.5000000000
1994-06-15T00:00:00Z,102.7800000000
1994-06-16T00:00:00Z,103.2800000000
1994-06-17T00:00:00Z,102.7500000000
1994-06-20T00:00:00Z,101.9000000000
1994-06-21T00:00:00Z,101.7800000000
1994-06-22T00:00:00Z,101.1700000000
1994-06-23T00:00:00Z,101.1000000000
1994-06-24T00:00:00Z,100.5000000000
1994-06-27T00:00:00Z,100.0500000000
1994-06-28T00:00:00Z,100.0300000000
1994-06-29T00:00:00Z,98.8200000000
1994-06-30T00:00:00Z,98.5100000000
1994-07-01T00:00:00Z,98.5100000000
1994-07-05T00:00:00Z,98.8700000000
1994-07-06T00:00:00Z,98.2300000000
1994-07-07T00:00:00Z,98.8600000000
1994-07-08T00:00:00Z,98.1000000000
1994-07-11T00:00:00Z,97.3700000000
1994-07-12T00:00:00Z,96.8100000000
1994-07-13T00:00:00Z,97.9000000000
1994-07-14T00:00:00Z,98.4000000000
1994-07-15T00:00:00Z,98.1000000000
1994-07-18T00:00:00Z,98.5100000000
1994-07-19T00:00:00Z,99.2000000000
1994-07-20T00:00:00Z,98.5500000000
1994-07-21T00:00:00Z,98.5500000000
1994-07-22T00:00:00Z,98.5500000000
1994-07-25T00:00:00Z,98.9500000000
1994-07-26T00:00:00Z,98.0300000000
1994-07-27T00:00:00Z,98.1800000000
1994-07-28T00:00:00Z,99.1800000000
1994-07-29T00:00:00Z,100.0500000000
1994-08-01T00:00:00Z,99.3500000000
1994-08-02T00:00:00Z,100.3700000000
1994-08-03T00:00:00Z,100.4200000000
1994-08-04T00:00:00Z,100.2000000000
1994-08-05T00:00:00Z,100.3700000000
1994-08-08T00:00:00Z,101.3300000000
1994-08-09T00:00:00Z,101.2000000000
1994-08-10T00:00:00Z,101.2000000000
1994-08-11T00:00:00Z,100.8500000000
1994-08-12T00:00:00Z,100.2700000000
1994-08-15T00:00:00Z,100.1000000000
1994-08-16T00:00:00Z,100.3100000000
1994-08-17T00:00:00Z,100.3100000000
1994-08-18T00:00:00Z,98.8500000000
1994-08-19T00:00:00Z,98.5700000000
1994-08-22T00:00:00Z,98.0100000000
1994-08-23T00:00:00Z,98.4000000000
1994-08-24T00:00:00Z,98.6200000000
1994-08-25T00:00:00Z,99.7100000000
1994-08-26T00:00:00Z,100.4000000000
1994-08-29T00:00:00Z,100.0500000000
1994-08-30T00:00:00Z,99.6300000000
1994-08-31T00:00:00Z,100.1100000000
1994-09-01T00:00:00Z,99.6300000000
1994-09-02T00:00:00Z,99.2000000000
1994-09-06T00:00:00Z,98.7700000000
1994-09-07T00:00:00Z,99.2500000000
1994-09-08T00:00:00Z,99.4800000000
1994-09-09T00:00:00Z,99.2000000000
1994-09-12T00:00:00Z,99.0000000000
1994-09-13T00:00:00Z,98.9600000000
1994-09-14T00:00:00Z,99.0500000000
1994-09-15T00:00:00Z,99.4500000000
1994-09-16T00:00:00Z,98.7200000000
1994-09-19T00:00:00Z,98.5800000000
1994-09-20T00:00:00Z,97.7900000000
1994-09-21T00:00:00Z,97.9200000000
1994-09-22T00:00:00Z,98.0500000000
1994-09-23T00:00:00Z,97.7000000000
1994-09-26T00:00:00Z,98.6500000000
1994-09-27T00:00:00Z,98.3700000000
1994-09-28T00:00:00Z,98.7700000000
1994-09-29T00:00:00Z,98.6700000000
1994-09-30T00:00:00Z,99.0500000000
1994-10-03T00:00:00Z,99.5000000000
1994-10-04T00:00:00Z,99.6500000000
1994-10-05T00:00:00Z,99.4700000000
1994-10-06T00:00:00Z,99.6500000000
1994-10-07T00:00:00Z,100.3700000000
1994-10-11T00:00:00Z,100.5000000000
1994-10-12T00:00:00Z,99.9500000000
1994-10-13T00:00:00Z,99.7500000000
1994-10-14T00:00:00Z,98.4300000000
1994-10-17T00:00:00Z,97.6800000000
1994-10-18T00:00:00Z,97.7900000000
1994-10-19T00:00:00Z,97.3000000000
1994-10-20T00:00:00Z,97.2000000000
1994-10-21T00:00:00Z,97.3700000000
1994-10-24T00:00:00Z,97.2000000000
1994-10-25T00:00:00Z,96.9500000000
1994-10-26T00:00:00Z,97.0500000000
1994-10-27T00:00:00Z,96.9500000000
1994-10-28T00:00:00Z,97.4000000000
1994-10-31T00:00:00Z,96.9000000000
1994-11-01T00:00:00Z,96.7700000000
1994-11-02T00:00:00Z,97.0000000000
1994-11-03T00:00:00Z,98.2000000000
1994-11-04T00:00:00Z,97.6500000000
1994-11-07T00:00:00Z,97.2400000000
1994-11-08T00:00:00Z,96.9300000000
1994-11-09T00:00:00Z,97.7800000000
1994-11-10T00:00:00Z,97.9200000000
1994-11-14T00:00:00Z,98.0700000000
1994-11-15T00:00:00Z,98.2800000000
1994-11-16T00:00:00Z,98.3700000000
1994-11-17T00:00:00Z,98.1000000000
1994-11-18T00:00:00Z,98.5000000000
1994-11-21T00:00:00Z,98.4100000000
1994-11-22T00:00:00Z,98.1900000000
1994-11-23T00:00:00Z,98.2700000000
1994-11-25T00:00:00Z,98.7500000000
1994-11-28T00:00:00Z,98.5900000000
1994-11-29T00:00:00Z,98.9500000000
1994-11-30T00:00:00Z,98.9100000000
1994-12-01T00:00:00Z,99.4000000000
1994-12-02T00:00:00Z,100.3900000000
1994-12-05T00:00:00Z,100.3200000000
1994-12-06T00:00:00Z,100.3500000000
1994-12-07T00:00:00Z,100.1300000000
1994-12-08T00:00:00Z,100.4100000000
1994-12-09T00:00:00Z,100.2200000000
1994-12-12T00:00:00Z,100.0400000000
1994-12-13T00:00:00Z,100.3200000000
1994-12-14T00:00:00Z,100.3000000000
1994-12-15T00:00:00Z,100.2600000000
1994-12-16T00:00:00Z,100.2800000000
1994-12-19T00:00:00Z,100.1500000000
1994-12-20T00:00:00Z,100.3200000000
1994-12-21T00:00:00Z,100.2300000000
1994-12-22T00:00:00Z,100.4500000000
1994-12-23T00:00:00Z,100.2200000000
1994-12-27T00:00:00Z,100.4600000000
1994-12-28T00:00:00Z,100.3300000000
1994-12-29T00:00:00Z,99.6500000000
1994-12-30T00:00:00Z,99.6000000000
1995-01-03T00:00:00Z,100.5200000000
1995-01-04T00:00:00Z,101.4000000000
1995-01-05T00:00:00Z,100.9700000000
1995-01-06T00:00:00Z,101.3700000000
1995-01-09T00:00:00Z,100.3300000000
1995-01-10T00:00:00Z,100.4000000000
1995-01-11T00:00:00Z,99.9000000000
1995-01-12T00:00:00Z,98.8000000000
1995-01-13T00:00:00Z,98.7700000000
1995-01-17T00:00:00Z,99.0000000000
1995-01-18T00:00:00Z,99.5500000000
1995-01-19T00:00:00Z,99.4300000000
1995-01-20T00:00:00Z,99.4000000000
1995-01-23T00:00:00Z,99.7500000000
1995-01-24T00:00:00Z,99.6400000000
1995-01-25T00:00:00Z,99.6000000000
1995-01-26T00:00:00Z,99.3100000000
1995-01-27T00:00:00Z,99.3500000000
1995-01-30T00:00:00Z,98.4000000000
1995-01-31T00:00:00Z,99.4300000000
1995-02-01T00:00:00Z,99.4000000000
1995-02-02T00:00:00Z,99.5000000000
1995-02-03T00:00:00Z,99.7500000000
1995-02-06T00:00:00Z,99.3000000000
1995-02-07T00:00:00Z,99.4200000000
1995-02-08T00:00:00Z,98.9800000000
1995-02-09T00:00:00Z,98.8500000000
1995-02-10T00:00:00Z,98.8600000000
1995-02-13T00:00:00Z,98.6600000000
1995-02-14T00:00:00Z,98.6500000000
1995-02-15T00:00:00Z,98.5200000000
1995-02-16T00:00:00Z,97.5500000000
1995-02-17T00:00:00Z,97.4800000000
1995-02-21T00:00:00Z,97.3000000000
1995-02-22T00:00:00Z,97.0300000000
1995-02-23T00:00:00Z,96.8000000000
1995-02-24T00:00:00Z,97.1000000000
1995-02-27T00:00:00Z,96.7500000000
1995-02-28T00:00:00Z,96.6000000000
1995-03-01T00:00:00Z,96.7500000000
1995-03-02T00:00:00Z,95.8100000000
1995-03-03T00:00:00Z,94.4000000000
1995-03-06T00:00:00Z,92.6000000000
1995-03-07T00:00:00Z,90.8500000000
1995-03-08T00:00:00Z,91.2700000000
1995-03-09T00:00:00Z,90.5700000000
1995-03-10T00:00:00Z,91.2300000000
1995-03-13T00:00:00Z,90.5000000000
1995-03-14T00:00:00Z,90.9700000000
1995-03-15T00:00:00Z,89.4000000000
1995-03-16T00:00:00Z,90.3000000000
1995-03-17T00:00:00Z,89.1900000000
1995-03-20T00:00:00Z,89.4200000000
1995-03-21T00:00:00Z,89.3800000000
1995-03-22T00:00:00Z,88.9200000000
1995-03-23T00:00:00Z,88.3100000000
1995-03-24T00:00:00Z,89.1000000000
1995-03-27T00:00:00Z,89.0700000000
1995-03-28T00:00:00Z,89.2200000000
1995-03-29T00:00:00Z,88.3100000000
1995-03-30T00:00:00Z,89.5300000000
1995-03-31T00:00:00Z,86.8500000000
1995-04-03T00:00:00Z,86.2500000000
1995-04-04T00:00:00Z,86.3600000000
1995-04-05T00:00:00Z,86.2500000000
1995-04-06T00:00:00Z,85.4700000000
1995-04-07T00:00:00Z,84.3200000000
1995-04-10T00:00:00Z,83.1000000000
1995-04-11T00:00:00Z,83.8000000000
1995-04-12T00:00:00Z,84.0000000000
1995-04-13T00:00:00Z,83.5900000000
1995-04-14T00:00:00Z,83.3500000000
1995-04-17T00:00:00Z,82.1000000000
1995-04-18T00:00:00Z,81.4000000000
1995-04-19T00:00:00Z,81.1200000000
1995-04-20T00:00:00Z,82.9500000000
1995-04-21T00:00:00Z,82.9200000000
1995-04-24T00:00:00Z,83.2600000000
1995-04-25T00:00:00Z,81.9500000000
1995-04-26T00:00:00Z,83.9800000000
1995-04-27T00:00:00Z,83.5800000000
1995-04-28T00:00:00Z,84.0400000000
1995-05-01T00:00:00Z,83.5300000000
1995-05-02T00:00:00Z,83.6900000000
1995-05-03T00:00:00Z,83.4500000000
1995-05-04T00:00:00Z,83.6200000000
1995-05-05T00:00:00Z,84.0300000000
1995-05-08T00:00:00Z,83.0000000000
1995-05-09T00:00:00Z,82.9500000000
1995-05-10T00:00:00Z,83.8700000000
1995-05-11T00:00:00Z,85.8000000000
1995-05-12T00:00:00Z,87.0000000000
1995-05-15T00:00:00Z,86.8600000000
1995-05-16T00:00:00Z,86.2000000000
1995-05-17T00:00:00Z,86.7300000000
1995-05-18T00:00:00Z,87.4300000000
1995-05-19T00:00:00Z,86.7700000000
1995-05-22T00:00:00Z,87.4700000000
1995-05-23T00:00:00Z,87.3800000000
1995-05-24T00:00:00Z,87.1500000000
1995-05-25T00:00:00Z,85.0500000000
1995-05-26T00:00:00Z,82.8500000000
1995-05-30T00:00:00Z,83.0000000000
1995-05-31T00:00:00Z,84.6500000000
1995-06-01T00:00:00Z,84.9500000000
1995-06-02T00:00:00Z,84.9000000000
1995-06-05T00:00:00Z,84.6300000000
1995-06-06T00:00:00Z,85.1000000000
1995-06-07T00:00:00Z,84.2400000000
1995-06-08T00:00:00Z,84.9000000000
1995-06-09T00:00:00Z,84.4000000000
1995-06-12T00:00:00Z,83.9200000000
1995-06-13T00:00:00Z,84.3300000000
1995-06-14T00:00:00Z,84.4000000000
1995-06-15T00:00:00Z,84.8200000000
1995-06-16T00:00:00Z,84.6600000000
1995-06-19T00:00:00Z,84.9500000000
1995-06-20T00:00:00Z,84.6500000000
1995-06-21T00:00:00Z,84.3800000000
1995-06-22T00:00:00Z,84.6500000000
1995-06-23T00:00:00Z,84.5000000000
1995-06-26T00:00:00Z,84.3400000000
1995-06-27T00:00:00Z,84.0800000000
1995-06-28T00:00:00Z,85.7000000000
1995-06-29T00:00:00Z,84.7000000000
1995-06-30T00:00:00Z,84.7800000000
1995-07-03T00:00:00Z,84.8000000000
1995-07-05T00:00:00Z,84.9400000000
1995-07-06T00:00:00Z,85.1800000000
1995-07-07T00:00:00Z,86.7700000000
1995-07-10T00:00:00Z,87.0900000000
1995-07-11T00:00:00Z,87.4500000000
1995-07-12T00:00:00Z,87.5100000000
1995-07-13T00:00:00Z,87.4000000000
1995-07-14T00:00:00Z,87.8900000000
1995-07-17T00:00:00Z,88.6500000000
1995-07-18T00:00:00Z,88.3500000000
1995-07-19T00:00:00Z,87.7500000000
1995-07-20T00:00:00Z,87.7600000000
1995-07-21T00:00:00Z,88.5500000000
1995-07-24T00:00:00Z,87.5500000000
1995-07-25T00:00:00Z,87.8800000000
1995-07-26T00:00:00Z,87.9500000000
1995-07-27T00:00:00Z,87.9500000000
1995-07-28T00:00:00Z,88.1800000000
1995-07-31T00:00:00Z,88.3400000000
1995-08-01T00:00:00Z,88.4300000000
1995-08-02T00:00:00Z,90.8200000000
1995-08-03T00:00:00Z,90.4500000000
1995-08-04T00:00:00Z,91.2500000000
1995-08-07T00:00:00Z,91.3000000000
1995-08-08T00:00:00Z,91.7700000000
1995-08-09T00:00:00Z,91.5700000000
1995-08-10T00:00:00Z,92.8300000000
1995-08-11T00:00:00Z,93.7700000000
1995-08-14T00:00:00Z,93.6100000000
1995-08-15T00:00:00Z,96.6800000000
1995-08-16T00:00:00Z,97.8000000000
1995-08-17T00:00:00Z,97.8500000000
1995-08-18T00:00:00Z,96.9500000000
1995-08-21T00:00:00Z,96.5500000000
1995-08-22T00:00:00Z,96.7300000000
1995-08-23T00:00:00Z,96.5000000000
1995-08-24T00:00:00Z,96.5500000000
1995-08-25T00:00:00Z,96.6400000000
1995-08-28T00:00:00Z,96.6000000000
1995-08-29T00:00:00Z,97.6300000000
1995-08-30T00:00:00Z,98.9500000000
1995-08-31T00:00:00Z,97.7500000000
1995-09-01T00:00:00Z,97.4900000000
1995-09-05T00:00:00Z,97.7700000000
1995-09-06T00:00:00Z,98.7900000000
1995-09-07T00:00:00Z,98.5800000000
1995-09-08T00:00:00Z,99.7500000000
1995-09-11T00:00:00Z,99.7800000000
1995-09-12T00:00:00Z,100.8700000000
1995-09-13T00:00:00Z,102.5000000000
1995-09-14T00:00:00Z,102.5500000000
1995-09-15T00:00:00Z,103.5200000000
1995-09-18T00:00:00Z,103.5500000000
1995-09-19T00:00:00Z,104.2000000000
1995-09-20T00:00:00Z,103.2500000000
1995-09-21T00:00:00Z,100.1000000000
1995-09-22T00:00:00Z,98.5000000000
1995-09-25T00:00:00Z,99.8800000000
1995-09-26T00:00:00Z,100.8300000000
1995-09-27T00:00:00Z,100.1700000000
1995-09-28T00:00:00Z,99.7300000000
1995-09-29T00:00:00Z,99.1000000000
1995-10-02T00:00:00Z,100.7200000000
1995-10-03T00:00:00Z,101.6500000000
1995-10-04T00:00:00Z,100.7300000000
1995-10-05T00:00:00Z,100.2500000000
1995-10-06T00:00:00Z,100.8500000000
1995-10-10T00:00:00Z,100.6400000000
1995-10-11T00:00:00Z,100.9000000000
1995-10-12T00:00:00Z,100.2800000000
1995-10-13T00:00:00Z,100.8000000000
1995-10-16T00:00:00Z,100.4500000000
1995-10-17T00:00:00Z,100.3300000000
1995-10-18T00:00:00Z,100.6200000000
1995-10-19T00:00:00Z,100.5900000000
1995-10-20T00:00:00Z,100.2500000000
1995-10-23T00:00:00Z,99.7000000000
1995-10-24T00:00:00Z,100.1700000000
1995-10-25T00:00:00Z,101.2700000000
1995-10-26T00:00:00Z,101.8000000000
1995-10-27T00:00:00Z,101.7100000000
1995-10-30T00:00:00Z,101.6500000000
1995-10-31T00:00:00Z,102.2600000000
1995-11-01T00:00:00Z,103.0700000000
1995-11-02T00:00:00Z,103.5900000000
1995-11-03T00:00:00Z,103.8800000000
1995-11-06T00:00:00Z,103.2000000000
1995-11-07T00:00:00Z,103.1800000000
1995-11-08T00:00:00Z,102.5000000000
1995-11-09T00:00:00Z,100.7500000000
1995-11-10T00:00:00Z,100.9500000000
1995-11-13T00:00:00Z,101.7000000000
1995-11-14T00:00:00Z,101.6800000000
1995-11-15T00:00:00Z,100.9000000000
1995-11-16T00:00:00Z,102.1500000000
1995-11-17T00:00:00Z,102.0300000000
1995-11-20T00:00:00Z,101.3500000000
1995-11-21T00:00:00Z,101.6300000000
1995-11-22T00:00:00Z,100.5000000000
1995-11-24T00:00:00Z,101.5000000000
1995-11-27T00:00:00Z,101.8000000000
1995-11-28T00:00:00Z,101.1200000000
1995-11-29T00:00:00Z,101.4600000000
1995-11-30T00:00:00Z,101.8000000000
1995-12-01T00:00:00Z,101.2000000000
1995-12-04T00:00:00Z,101.0500000000
1995-12-05T00:00:00Z,101.4200000000
1995-12-06T00:00:00Z,101.3700000000
1995-12-07T00:00:00Z,101.4000000000
1995-12-08T00:00:00Z,100.9500000000
1995-12-11T00:00:00Z,101.0700000000
1995-12-12T00:00:00Z,101.8500000000
1995-12-13T00:00:00Z,101.7500000000
1995-12-14T00:00:00Z,101.5000000000
1995-12-15T00:00:00Z,102.1400000000
1995-12-18T00:00:00Z,101.7000000000
1995-12-19T00:00:00Z,101.8500000000
1995-12-20T00:00:00Z,102.0000000000
1995-12-21T00:00:00Z,101.8100000000
1995-12-22T00:00:00Z,102.6000000000
1995-12-26T00:00:00Z,102.3800000000
1995-12-27T00:00:00Z,102.8000000000
1995-12-28T00:00:00Z,102.8700000000
1995-12-29T00:00:00Z,103.2800000000
1996-01-02T00:00:00Z,103.9200000000
1996-01-03T00:00:00Z,104.3500000000
1996-01-04T00:00:00Z,106.4100000000
1996-01-05T00:00:00Z,105.1300000000
1996-01-08T00:00:00Z,105.8000000000
1996-01-09T00:00:00Z,104.9000000000
1996-01-10T00:00:00Z,105.2800000000
1996-01-11T00:00:00Z,104.8000000000
1996-01-12T00:00:00Z,105.0700000000
1996-01-16T00:00:00Z,105.8800000000
1996-01-17T00:00:00Z,105.3800000000
1996-01-18T00:00:00Z,105.4400000000
1996-01-19T00:00:00Z,105.4000000000
1996-01-22T00:00:00Z,105.7600000000
1996-01-23T00:00:00Z,105.8000000000
1996-01-24T00:00:00Z,106.9200000000
1996-01-25T00:00:00Z,106.9000000000
1996-01-26T00:00:00Z,106.6000000000
1996-01-29T00:00:00Z,106.8000000000
1996-01-30T00:00:00Z,107.2900000000
1996-01-31T00:00:00Z,106.9500000000
1996-02-01T00:00:00Z,107.0800000000
1996-02-02T00:00:00Z,106.7000000000
1996-02-05T00:00:00Z,105.0200000000
1996-02-06T00:00:00Z,105.5400000000
1996-02-07T00:00:00Z,106.2000000000
1996-02-08T00:00:00Z,106.9000000000
1996-02-09T00:00:00Z,107.1000000000
1996-02-12T00:00:00Z,106.6700000000
1996-02-13T00:00:00Z,106.9300000000
1996-02-14T00:00:00Z,106.7700000000
1996-02-15T00:00:00Z,106.1800000000
1996-02-16T00:00:00Z,105.3500000000
1996-02-20T00:00:00Z,106.1000000000
1996-02-21T00:00:00Z,105.2500000000
1996-02-22T00:00:00Z,104.9500000000
1996-02-23T00:00:00Z,104.7300000000
1996-02-26T00:00:00Z,104.3300000000
1996-02-27T00:00:00Z,104.3700000000
1996-02-28T00:00:00Z,104.4700000000
1996-02-29T00:00:00Z,105.1200000000
1996-03-01T00:00:00Z,105.7000000000
1996-03-04T00:00:00Z,105.0500000000
1996-03-05T00:00:00Z,105.1000000000
1996-03-06T00:00:00Z,105.3700000000
1996-03-07T00:00:00Z,105.2500000000
1996-03-08T00:00:00Z,105.9400000000
1996-03-11T00:00:00Z,105.3500000000
1996-03-12T00:00:00Z,105.5400000000
1996-03-13T00:00:00Z,105.2900000000
1996-03-14T00:00:00Z,105.4800000000
1996-03-15T00:00:00Z,105.8700000000
1996-03-18T00:00:00Z,106.0200000000
1996-03-19T00:00:00Z,106.2600000000
1996-03-20T00:00:00Z,106.4400000000
1996-03-21T00:00:00Z,106.7200000000
1996-03-22T00:00:00Z,106.8000000000
1996-03-25T00:00:00Z,106.1900000000
1996-03-26T00:00:00Z,106.3900000000
1996-03-27T00:00:00Z,106.6400000000
1996-03-28T00:00:00Z,106.3400000000
1996-03-29T00:00:00Z,107.0000000000
1996-04-01T00:00:00Z,107.5300000000
1996-04-02T00:00:00Z,107.4800000000
1996-04-03T00:00:00Z,106.9400000000
1996-04-04T00:00:00Z,107.0900000000
1996-04-05T00:00:00Z,107.6700000000
1996-04-08T00:00:00Z,107.4200000000
1996-04-09T00:00:00Z,108.1800000000
1996-04-10T00:00:00Z,108.5600000000
1996-04-11T00:00:00Z,108.5200000000
1996-04-12T00:00:00Z,108.6700000000
1996-04-15T00:00:00Z,108.3600000000
1996-04-16T00:00:00Z,108.2800000000
1996-04-17T00:00:00Z,108.2700000000
1996-04-18T00:00:00Z,107.1000000000
1996-04-19T00:00:00Z,107.1000000000
1996-04-22T00:00:00Z,106.7000000000
1996-04-23T00:00:00Z,106.5900000000
1996-04-24T00:00:00Z,106.7700000000
1996-04-25T00:00:00Z,106.4700000000
1996-04-26T00:00:00Z,105.5400000000
1996-04-29T00:00:00Z,104.5200000000
1996-04-30T00:00:00Z,104.6300000000
1996-05-01T00:00:00Z,105.0800000000
1996-05-02T00:00:00Z,104.4900000000
1996-05-03T00:00:00Z,104.8300000000
1996-05-06T00:00:00Z,104.9300000000
1996-05-07T00:00:00Z,104.9700000000
1996-05-08T00:00:00Z,105.1500000000
1996-05-09T00:00:00Z,104.8000000000
1996-05-10T00:00:00Z,105.5000000000
1996-05-13T00:00:00Z,104.9600000000
1996-05-14T00:00:00Z,105.8000000000
1996-05-15T00:00:00Z,106.8500000000
1996-05-16T00:00:00Z,106.6700000000
1996-05-17T00:00:00Z,106.5300000000
1996-05-20T00:00:00Z,107.1400000000
1996-05-21T00:00:00Z,107.0000000000
1996-05-22T00:00:00Z,107.0400000000
1996-05-23T00:00:00Z,106.7800000000
1996-05-24T00:00:00Z,107.9000000000
1996-05-28T00:00:00Z,108.7000000000
1996-05-29T00:00:00Z,108.7700000000
1996-05-30T00:00:00Z,107.6500000000
1996-05-31T00:00:00Z,107.9900000000
1996-06-03T00:00:00Z,108.3700000000
1996-06-04T00:00:00Z,109.2000000000
1996-06-05T00:00:00Z,108.8400000000
1996-06-06T00:00:00Z,109.2600000000
1996-06-07T00:00:00Z,109.2300000000
1996-06-10T00:00:00Z,109.0700000000
1996-06-11T00:00:00Z,109.5000000000
1996-06-12T00:00:00Z,109.4700000000
1996-06-13T00:00:00Z,108.8500000000
1996-06-14T00:00:00Z,108.8700000000
1996-06-17T00:00:00Z,108.8500000000
1996-06-18T00:00:00Z,108.0400000000
1996-06-19T00:00:00Z,108.0500000000
1996-06-20T00:00:00Z,108.1000000000
1996-06-21T00:00:00Z,109.1000000000
1996-06-24T00:00:00Z,108.9400000000
1996-06-25T00:00:00Z,109.0300000000
1996-06-26T00:00:00Z,109.5000000000
1996-06-27T00:00:00Z,109.4500000000
1996-06-28T00:00:00Z,109.4800000000
1996-07-01T00:00:00Z,109.5600000000
1996-07-02T00:00:00Z,110.1000000000
1996-07-03T00:00:00Z,110.3100000000
1996-07-05T00:00:00Z,110.9500000000
1996-07-08T00:00:00Z,110.9400000000
1996-07-09T00:00:00Z,110.2800000000
1996-07-10T00:00:00Z,110.1800000000
1996-07-11T00:00:00Z,110.1800000000
1996-07-12T00:00:00Z,110.6900000000
1996-07-15T00:00:00Z,110.4500000000
1996-07-16T00:00:00Z,109.1500000000
1996-07-17T00:00:00Z,108.6200000000
1996-07-18T00:00:00Z,107.9300000000
1996-07-19T00:00:00Z,108.2200000000
1996-07-22T00:00:00Z,107.5000000000
1996-07-23T00:00:00Z,108.0900000000
1996-07-24T00:00:00Z,108.2900000000
1996-07-25T00:00:00Z,108.3800000000
1996-07-26T00:00:00Z,108.3300000000
1996-07-29T00:00:00Z,109.2000000000
1996-07-30T00:00:00Z,108.0800000000
1996-07-31T00:00:00Z,106.7700000000
1996-08-01T00:00:00Z,106.7500000000
1996-08-02T00:00:00Z,107.0500000000
1996-08-05T00:00:00Z,106.6400000000
1996-08-06T00:00:00Z,106.9200000000
1996-08-07T00:00:00Z,107.9500000000
1996-08-08T00:00:00Z,108.1400000000
1996-08-09T00:00:00Z,108.1200000000
1996-08-12T00:00:00Z,107.7200000000
1996-08-13T00:00:00Z,107.5900000000
1996-08-14T00:00:00Z,107.9400000000
1996-08-15T00:00:00Z,108.0100000000
1996-08-16T00:00:00Z,107.9600000000
1996-08-19T00:00:00Z,107.8700000000
1996-08-20T00:00:00Z,108.3000000000
1996-08-21T00:00:00Z,108.3400000000
1996-08-22T00:00:00Z,108.2300000000
1996-08-23T00:00:00Z,108.4000000000
1996-08-26T00:00:00Z,107.7000000000
1996-08-27T00:00:00Z,107.7800000000
1996-08-28T00:00:00Z,108.4400000000
1996-08-29T00:00:00Z,108.5000000000
1996-08-30T00:00:00Z,108.7000000000
1996-09-03T00:00:00Z,109.2800000000
1996-09-04T00:00:00Z,108.8500000000
1996-09-05T00:00:00Z,109.0900000000
1996-09-06T00:00:00Z,109.3700000000
1996-09-09T00:00:00Z,109.1900000000
1996-09-10T00:00:00Z,109.8400000000
1996-09-11T00:00:00Z,110.2500000000
1996-09-12T00:00:00Z,110.3000000000
1996-09-13T00:00:00Z,110.4400000000
1996-09-16T00:00:00Z,110.1500000000
1996-09-17T00:00:00Z,110.3900000000
1996-09-18T00:00:00Z,109.2100000000
1996-09-19T00:00:00Z,109.3800000000
1996-09-20T00:00:00Z,109.8700000000
1996-09-23T00:00:00Z,109.8600000000
1996-09-24T00:00:00Z,109.8200000000
1996-09-25T00:00:00Z,110.3800000000
1996-09-26T00:00:00Z,110.4500000000
1996-09-27T00:00:00Z,110.8500000000
1996-09-30T00:00:00Z,111.6500000000
1996-10-01T00:00:00Z,111.3700000000
1996-10-02T00:00:00Z,111.6600000000
1996-10-03T00:00:00Z,111.4800000000
1996-10-04T00:00:00Z,111.6300000000
1996-10-07T00:00:00Z,111.2700000000
1996-10-08T00:00:00Z,111.3100000000
1996-10-09T00:00:00Z,111.4700000000
1996-10-10T00:00:00Z,111.2800000000
1996-10-11T00:00:00Z,111.6600000000
1996-10-15T00:00:00Z,112.2800000000
1996-10-16T00:00:00Z,112.1400000000
1996-10-17T00:00:00Z,112.2200000000
1996-10-18T00:00:00Z,112.5400000000
1996-10-21T00:00:00Z,112.7600000000
1996-10-22T00:00:00Z,112.8600000000
1996-10-23T00:00:00Z,112.9700000000
1996-10-24T00:00:00Z,112.8500000000
1996-10-25T00:00:00Z,113.3300000000
1996-10-28T00:00:00Z,114.1200000000
1996-10-29T00:00:00Z,114.1100000000
1996-10-30T00:00:00Z,113.9700000000
1996-10-31T00:00:00Z,113.7900000000
1996-11-01T00:00:00Z,113.2800000000
1996-11-04T00:00:00Z,113.9700000000
1996-11-05T00:00:00Z,114.2200000000
1996-11-06T00:00:00Z,113.9800000000
1996-11-07T00:00:00Z,111.5400000000
1996-11-08T00:00:00Z,111.6300000000
1996-11-12T00:00:00Z,111.5000000000
1996-11-13T00:00:00Z,111.4100000000
1996-11-14T00:00:00Z,111.2900000000
1996-11-15T00:00:00Z,111.3000000000
1996-11-18T00:00:00Z,111.3100000000
1996-11-19T00:00:00Z,111.5500000000
1996-11-20T00:00:00Z,111.2500000000
1996-11-21T00:00:00Z,111.4200000000
1996-11-22T00:00:00Z,111.4100000000
1996-11-25T00:00:00Z,112.6900000000
1996-11-26T00:00:00Z,112.6600000000
1996-11-27T00:00:00Z,113.3300000000
1996-11-29T00:00:00Z,113.8800000000
1996-12-02T00:00:00Z,113.8000000000
1996-12-03T00:00:00Z,113.5900000000
1996-12-04T00:00:00Z,113.1300000000
1996-12-05T00:00:00Z,112.3500000000
1996-12-06T00:00:00Z,112.8400000000
1996-12-09T00:00:00Z,113.2700000000
1996-12-10T00:00:00Z,113.2800000000
1996-12-11T00:00:00Z,112.9000000000
1996-12-12T00:00:00Z,113.5500000000
1996-12-13T00:00:00Z,113.8000000000
1996-12-16T00:00:00Z,114.2400000000
1996-12-17T00:00:00Z,113.6300000000
1996-12-18T00:00:00Z,113.6500000000
1996-12-19T00:00:00Z,114.0000000000
1996-12-20T00:00:00Z,114.2500000000
1996-12-23T00:00:00Z,114.1200000000
1996-12-24T00:00:00Z,114.5000000000
1996-12-26T00:00:00Z,114.9200000000
1996-12-27T00:00:00Z,116.1300000000
1996-12-30T00:00:00Z,115.8800000000
1996-12-31T00:00:00Z,115.7700000000
1997-01-02T00:00:00Z,115.4900000000
1997-01-03T00:00:00Z,116.3300000000
1997-01-06T00:00:00Z,115.8000000000
1997-01-07T00:00:00Z,115.3400000000
1997-01-08T00:00:00Z,115.8600000000
1997-01-09T00:00:00Z,116.1900000000
1997-01-10T00:00:00Z,116.1000000000
1997-01-13T00:00:00Z,116.4100000000
1997-01-14T00:00:00Z,116.9000000000
1997-01-15T00:00:00Z,117.2400000000
1997-01-16T00:00:00Z,116.5400000000
1997-01-17T00:00:00Z,117.1100000000
1997-01-21T00:00:00Z,117.8000000000
1997-01-22T00:00:00Z,118.9200000000
1997-01-23T00:00:00Z,119.6500000000
1997-01-24T00:00:00Z,119.0600000000
1997-01-27T00:00:00Z,119.4500000000
1997-01-28T00:00:00Z,121.1900000000
1997-01-29T00:00:00Z,121.9800000000
1997-01-30T00:00:00Z,121.5500000000
1997-01-31T00:00:00Z,121.2500000000
1997-02-03T00:00:00Z,121.6800000000
1997-02-04T00:00:00Z,122.3400000000
1997-02-05T00:00:00Z,123.5900000000
1997-02-06T00:00:00Z,123.8200000000
1997-02-07T00:00:00Z,124.5400000000
1997-02-10T00:00:00Z,122.7400000000
1997-02-11T00:00:00Z,123.1700000000
1997-02-12T00:00:00Z,124.0200000000
1997-02-13T00:00:00Z,124.3500000000
1997-02-14T00:00:00Z,124.0600000000
1997-02-18T00:00:00Z,123.9200000000
1997-02-19T00:00:00Z,124.3000000000
1997-02-20T00:00:00Z,122.8300000000
1997-02-21T00:00:00Z,123.2800000000
1997-02-24T00:00:00Z,122.1800000000
1997-02-25T00:00:00Z,121.9300000000
1997-02-26T00:00:00Z,121.9000000000
1997-02-27T00:00:00Z,120.8000000000
1997-02-28T00:00:00Z,120.8300000000
1997-03-03T00:00:00Z,121.1500000000
1997-03-04T00:00:00Z,121.9500000000
1997-03-05T00:00:00Z,121.5000000000
1997-03-06T00:00:00Z,121.2800000000
1997-03-07T00:00:00Z,121.8800000000
1997-03-10T00:00:00Z,121.7000000000
1997-03-11T00:00:00Z,121.7700000000
1997-03-12T00:00:00Z,122.6800000000
1997-03-13T00:00:00Z,123.2400000000
1997-03-14T00:00:00Z,123.4600000000
1997-03-17T00:00:00Z,123.6500000000
1997-03-18T00:00:00Z,122.4500000000
1997-03-19T00:00:00Z,122.8000000000
1997-03-20T00:00:00Z,123.5900000000
1997-03-21T00:00:00Z,122.8200000000
1997-03-24T00:00:00Z,122.9300000000
1997-03-25T00:00:00Z,123.9000000000
1997-03-26T00:00:00Z,124.2300000000
1997-03-27T00:00:00Z,123.6500000000
1997-03-28T00:00:00Z,123.9000000000
1997-03-31T00:00:00Z,123.7200000000
1997-04-01T00:00:00Z,122.7000000000
1997-04-02T00:00:00Z,122.7200000000
1997-04-03T00:00:00Z,122.8000000000
1997-04-04T00:00:00Z,124.2700000000
1997-04-07T00:00:00Z,125.6700000000
1997-04-08T00:00:00Z,126.0800000000
1997-04-09T00:00:00Z,126.8600000000
1997-04-10T00:00:00Z,125.9500000000
1997-04-11T00:00:00Z,126.0400000000
1997-04-14T00:00:00Z,126.4800000000
1997-04-15T00:00:00Z,126.3500000000
1997-04-16T00:00:00Z,125.7500000000
1997-04-17T00:00:00Z,126.0500000000
1997-04-18T00:00:00Z,125.8800000000
1997-04-21T00:00:00Z,125.6600000000
1997-04-22T00:00:00Z,126.2500000000
1997-04-23T00:00:00Z,126.1600000000
1997-04-24T00:00:00Z,125.9600000000
1997-04-25T00:00:00Z,125.8800000000
1997-04-28T00:00:00Z,126.6800000000
1997-04-29T00:00:00Z,126.8100000000
1997-04-30T00:00:00Z,127.0300000000
1997-05-01T00:00:00Z,126.6400000000
1997-05-02T00:00:00Z,126.5700000000
1997-05-05T00:00:00Z,126.7000000000
1997-05-06T00:00:00Z,125.4500000000
1997-05-07T00:00:00Z,125.0900000000
1997-05-08T00:00:00Z,123.8500000000
1997-05-09T00:00:00Z,120.7300000000
1997-05-12T00:00:00Z,118.9500000000
1997-05-13T00:00:00Z,118.7500000000
1997-05-14T00:00:00Z,118.3300000000
1997-05-15T00:00:00Z,116.2800000000
1997-05-16T00:00:00Z,115.4300000000
1997-05-19T00:00:00Z,116.0500000000
1997-05-20T00:00:00Z,113.8000000000
1997-05-21T00:00:00Z,114.0800000000
1997-05-22T00:00:00Z,115.9600000000
1997-05-23T00:00:00Z,115.8000000000
1997-05-27T00:00:00Z,116.4500000000
1997-05-28T00:00:00Z,115.5200000000
1997-05-29T00:00:00Z,116.2100000000
1997-05-30T00:00:00Z,116.4000000000
1997-06-02T00:00:00Z,116.7400000000
1997-06-03T00:00:00Z,116.1500000000
1997-06-04T00:00:00Z,116.3000000000
1997-06-05T00:00:00Z,115.6700000000
1997-06-06T00:00:00Z,115.4000000000
1997-06-09T00:00:00Z,112.6300000000
1997-06-10T00:00:00Z,112.6000000000
1997-06-11T00:00:00Z,111.4200000000
1997-06-12T00:00:00Z,113.9800000000
1997-06-13T00:00:00Z,113.5000000000
1997-06-16T00:00:00Z,113.4900000000
1997-06-17T00:00:00Z,113.3500000000
1997-06-18T00:00:00Z,113.5000000000
1997-06-19T00:00:00Z,114.0900000000
1997-06-20T00:00:00Z,114.6200000000
1997-06-23T00:00:00Z,115.3000000000
1997-06-24T00:00:00Z,114.8000000000
1997-06-25T00:00:00Z,113.9500000000
1997-06-26T00:00:00Z,113.2300000000
1997-06-27T00:00:00Z,114.6700000000
1997-06-30T00:00:00Z,114.6100000000
1997-07-01T00:00:00Z,114.9300000000
1997-07-02T00:00:00Z,114.5200000000
1997-07-03T00:00:00Z,113.4600000000
1997-07-07T00:00:00Z,112.6000000000
1997-07-08T00:00:00Z,112.7600000000
1997-07-09T00:00:00Z,112.9700000000
1997-07-10T00:00:00Z,113.0800000000
1997-07-11T00:00:00Z,113.8800000000
1997-07-14T00:00:00Z,113.7600000000
1997-07-15T00:00:00Z,115.8700000000
1997-07-16T00:00:00Z,116.2800000000
1997-07-17T00:00:00Z,116.1300000000
1997-07-18T00:00:00Z,115.4600000000
1997-07-21T00:00:00Z,115.8800000000
1997-07-22T00:00:00Z,115.6800000000
1997-07-23T00:00:00Z,115.8500000000
1997-07-24T00:00:00Z,115.9500000000
1997-07-25T00:00:00Z,116.7500000000
1997-07-28T00:00:00Z,117.7600000000
1997-07-29T00:00:00Z,118.0000000000
1997-07-30T00:00:00Z,118.3300000000
1997-07-31T00:00:00Z,118.3700000000
1997-08-01T00:00:00Z,118.4700000000
1997-08-04T00:00:00Z,118.3400000000
1997-08-05T00:00:00Z,119.2600000000
1997-08-06T00:00:00Z,118.6500000000
1997-08-07T00:00:00Z,118.4000000000
1997-08-08T00:00:00Z,115.3000000000
1997-08-11T00:00:00Z,115.8500000000
1997-08-12T00:00:00Z,116.2100000000
1997-08-13T00:00:00Z,115.7800000000
1997-08-14T00:00:00Z,117.7500000000
1997-08-15T00:00:00Z,117.8000000000
1997-08-18T00:00:00Z,117.8100000000
1997-08-19T00:00:00Z,118.4500000000
1997-08-20T00:00:00Z,118.0800000000
1997-08-21T00:00:00Z,117.7800000000
1997-08-22T00:00:00Z,117.2600000000
1997-08-25T00:00:00Z,118.7300000000
1997-08-26T00:00:00Z,118.3200000000
1997-08-27T00:00:00Z,118.8800000000
1997-08-28T00:00:00Z,118.7500000000
1997-08-29T00:00:00Z,120.6500000000
1997-09-02T00:00:00Z,121.5500000000
1997-09-03T00:00:00Z,121.0300000000
1997-09-04T00:00:00Z,120.7200000000
1997-09-05T00:00:00Z,121.0900000000
1997-09-08T00:00:00Z,121.0200000000
1997-09-09T00:00:00Z,119.0500000000
1997-09-10T00:00:00Z,119.2600000000
1997-09-11T00:00:00Z,119.5800000000
1997-09-12T00:00:00Z,120.9300000000
1997-09-15T00:00:00Z,120.4000000000
1997-09-16T00:00:00Z,121.1000000000
1997-09-17T00:00:00Z,120.9900000000
1997-09-18T00:00:00Z,121.9800000000
1997-09-19T00:00:00Z,121.9300000000
1997-09-22T00:00:00Z,122.2500000000
1997-09-23T00:00:00Z,121.5300000000
1997-09-24T00:00:00Z,120.4000000000
1997-09-25T00:00:00Z,121.3000000000
1997-09-26T00:00:00Z,120.8700000000
1997-09-29T00:00:00Z,121.0000000000
1997-09-30T00:00:00Z,120.7100000000
1997-10-01T00:00:00Z,120.8000000000
1997-10-02T00:00:00Z,121.8000000000
1997-10-03T00:00:00Z,121.9300000000
1997-10-06T00:00:00Z,121.9300000000
1997-10-07T00:00:00Z,122.0100000000
1997-10-08T00:00:00Z,121.0900000000
1997-10-09T00:00:00Z,121.1800000000
1997-10-10T00:00:00Z,120.1300000000
1997-10-14T00:00:00Z,121.7500000000
1997-10-15T00:00:00Z,121.3100000000
1997-10-16T00:00:00Z,119.8700000000
1997-10-17T00:00:00Z,120.1900000000
1997-10-20T00:00:00Z,121.4000000000
1997-10-21T00:00:00Z,120.6600000000
1997-10-22T00:00:00Z,120.7100000000
1997-10-23T00:00:00Z,121.6700000000
1997-10-24T00:00:00Z,121.7300000000
1997-10-27T00:00:00Z,121.8700000000
1997-10-28T00:00:00Z,119.7000000000
1997-10-29T00:00:00Z,120.5300000000
1997-10-30T00:00:00Z,120.6800000000
1997-10-31T00:00:00Z,120.3900000000
1997-11-03T00:00:00Z,121.0400000000
1997-11-04T00:00:00Z,121.8300000000
1997-11-05T00:00:00Z,122.5600000000
1997-11-06T00:00:00Z,123.1600000000
1997-11-07T00:00:00Z,123.9700000000
1997-11-10T00:00:00Z,124.1500000000
1997-11-12T00:00:00Z,126.1000000000
1997-11-13T00:00:00Z,125.9300000000
1997-11-14T00:00:00Z,126.7800000000
1997-11-17T00:00:00Z,125.8500000000
1997-11-18T00:00:00Z,125.8500000000
1997-11-19T00:00:00Z,127.2200000000
1997-11-20T00:00:00Z,126.8100000000
1997-11-21T00:00:00Z,125.8500000000
1997-11-24T00:00:00Z,127.0700000000
1997-11-25T00:00:00Z,127.4500000000
1997-11-26T00:00:00Z,127.5100000000
1997-11-28T00:00:00Z,127.7400000000
1997-12-01T00:00:00Z,129.1500000000
1997-12-02T00:00:00Z,128.7700000000
1997-12-03T00:00:00Z,128.7200000000
1997-12-04T00:00:00Z,129.4000000000
1997-12-05T00:00:00Z,130.2000000000
1997-12-08T00:00:00Z,130.5000000000
1997-12-09T00:00:00Z,129.8000000000
1997-12-10T00:00:00Z,129.0900000000
1997-12-11T00:00:00Z,129.9200000000
1997-12-12T00:00:00Z,130.7300000000
1997-12-15T00:00:00Z,131.0800000000
1997-12-16T00:00:00Z,130.8700000000
1997-12-17T00:00:00Z,127.0000000000
1997-12-18T00:00:00Z,128.5300000000
1997-12-19T00:00:00Z,129.1000000000
1997-12-22T00:00:00Z,130.3800000000
1997-12-23T00:00:00Z,130.0000000000
1997-12-24T00:00:00Z,130.0600000000
1997-12-26T00:00:00Z,130.3000000000
1997-12-29T00:00:00Z,130.0500000000
1997-12-30T00:00:00Z,130.0500000000
1997-12-31T00:00:00Z,130.4500000000
1998-01-02T00:00:00Z,132.4000000000
1998-01-05T00:00:00Z,133.9900000000
1998-01-06T00:00:00Z,133.8800000000
1998-01-07T00:00:00Z,131.7000000000
1998-01-08T00:00:00Z,132.4900000000
1998-01-09T00:00:00Z,131.5200000000
1998-01-12T00:00:00Z,132.8300000000
1998-01-13T00:00:00Z,131.7200000000
1998-01-14T00:00:00Z,131.4300000000
1998-01-15T00:00:00Z,130.4100000000
1998-01-16T00:00:00Z,128.8800000000
1998-01-20T00:00:00Z,128.8000000000
1998-01-21T00:00:00Z,127.5000000000
1998-01-22T00:00:00Z,127.2200000000
1998-01-23T00:00:00Z,125.7800000000
1998-01-26T00:00:00Z,126.6400000000
1998-01-27T00:00:00Z,126.0200000000
1998-01-28T00:00:00Z,125.2600000000
1998-01-29T00:00:00Z,125.3800000000
1998-01-30T00:00:00Z,127.1000000000
1998-02-02T00:00:00Z,126.6500000000
1998-02-03T00:00:00Z,126.0200000000
1998-02-04T00:00:00Z,123.7800000000
1998-02-05T00:00:00Z,123.3100000000
1998-02-06T00:00:00Z,124.2600000000
1998-02-09T00:00:00Z,124.2800000000
1998-02-10T00:00:00Z,123.4700000000
1998-02-11T00:00:00Z,123.5300000000
1998-02-12T00:00:00Z,123.7800000000
1998-02-13T00:00:00Z,125.3700000000
1998-02-17T00:00:00Z,126.8700000000
1998-02-18T00:00:00Z,126.3500000000
1998-02-19T00:00:00Z,126.2500000000
1998-02-20T00:00:00Z,127.7300000000
1998-02-23T00:00:00Z,128.9200000000
1998-02-24T00:00:00Z,128.1500000000
1998-02-25T00:00:00Z,128.6200000000
1998-02-26T00:00:00Z,127.7200000000
1998-02-27T00:00:00Z,126.1200000000
1998-03-02T00:00:00Z,125.3800000000
1998-03-03T00:00:00Z,126.0500000000
1998-03-04T00:00:00Z,126.7900000000
1998-03-05T00:00:00Z,127.6100000000
1998-03-06T00:00:00Z,128.4200000000
1998-03-09T00:00:00Z,127.7800000000
1998-03-10T00:00:00Z,127.6300000000
1998-03-11T00:00:00Z,129.3000000000
1998-03-12T00:00:00Z,129.2500000000
1998-03-13T00:00:00Z,128.2300000000
1998-03-16T00:00:00Z,129.4000000000
1998-03-17T00:00:00Z,129.4100000000
1998-03-18T00:00:00Z,130.1700000000
1998-03-19T00:00:00Z,130.4300000000
1998-03-20T00:00:00Z,130.3400000000
1998-03-23T00:00:00Z,130.2800000000
1998-03-24T00:00:00Z,130.2500000000
1998-03-25T00:00:00Z,128.7600000000
1998-03-26T00:00:00Z,128.7100000000
1998-03-27T00:00:00Z,130.1700000000
1998-03-30T00:00:00Z,132.1600000000
1998-03-31T00:00:00Z,133.2900000000
1998-04-01T00:00:00Z,133.7600000000
1998-04-02T00:00:00Z,133.5000000000
1998-04-03T00:00:00Z,135.0500000000
1998-04-06T00:00:00Z,134.7100000000
1998-04-07T00:00:00Z,133.6800000000
1998-04-08T00:00:00Z,132.6400000000
1998-04-09T00:00:00Z,130.2100000000
1998-04-10T00:00:00Z,128.9600000000
1998-04-13T00:00:00Z,129.5200000000
1998-04-14T00:00:00Z,129.3500000000
1998-04-15T00:00:00Z,129.4500000000
1998-04-16T00:00:00Z,131.7800000000
1998-04-17T00:00:00Z,131.8500000000
1998-04-20T00:00:00Z,132.2300000000
1998-04-21T00:00:00Z,131.3300000000
1998-04-22T00:00:00Z,130.7700000000
1998-04-23T00:00:00Z,130.1900000000
1998-04-24T00:00:00Z,130.9000000000
1998-04-27T00:00:00Z,132.0900000000
1998-04-28T00:00:00Z,132.1900000000
1998-04-29T00:00:00Z,132.0500000000
1998-04-30T00:00:00Z,132.3700000000
1998-05-01T00:00:00Z,133.0100000000
1998-05-04T00:00:00Z,132.9800000000
1998-05-05T00:00:00Z,131.7400000000
1998-05-06T00:00:00Z,132.7300000000
1998-05-07T00:00:00Z,133.0900000000
1998-05-08T00:00:00Z,132.8800000000
1998-05-11T00:00:00Z,132.8400000000
1998-05-12T00:00:00Z,134.0000000000
1998-05-13T00:00:00Z,134.1800000000
1998-05-14T00:00:00Z,134.2300000000
1998-05-15T00:00:00Z,134.3900000000
1998-05-18T00:00:00Z,135.9500000000
1998-05-19T00:00:00Z,136.3400000000
1998-05-20T00:00:00Z,135.9900000000
1998-05-21T00:00:00Z,135.6500000000
1998-05-22T00:00:00Z,135.7700000000
1998-05-26T00:00:00Z,137.3800000000
1998-05-27T00:00:00Z,137.3600000000
1998-05-28T00:00:00Z,138.9100000000
1998-05-29T00:00:00Z,138.5000000000
1998-06-01T00:00:00Z,139.5700000000
1998-06-02T00:00:00Z,138.9700000000
1998-06-03T00:00:00Z,138.3400000000
1998-06-04T00:00:00Z,138.4000000000
1998-06-05T00:00:00Z,139.6600000000
1998-06-08T00:00:00Z,140.5800000000
1998-06-09T00:00:00Z,140.2500000000
1998-06-10T00:00:00Z,141.5200000000
1998-06-11T00:00:00Z,143.2500000000
1998-06-12T00:00:00Z,144.3600000000
1998-06-15T00:00:00Z,146.4200000000
1998-06-16T00:00:00Z,144.0500000000
1998-06-17T00:00:00Z,137.6800000000
1998-06-18T00:00:00Z,137.6100000000
1998-06-19T00:00:00Z,134.2000000000
1998-06-22T00:00:00Z,137.9000000000
1998-06-23T00:00:00Z,139.1300000000
1998-06-24T00:00:00Z,140.7500000000
1998-06-25T00:00:00Z,141.6700000000
1998-06-26T00:00:00Z,142.7500000000
1998-06-29T00:00:00Z,141.9200000000
1998-06-30T00:00:00Z,138.2900000000
1998-07-01T00:00:00Z,138.6500000000
1998-07-02T00:00:00Z,141.4400000000
1998-07-03T00:00:00Z,139.3500000000
1998-07-06T00:00:00Z,140.1800000000
1998-07-07T00:00:00Z,138.7800000000
1998-07-08T00:00:00Z,139.6000000000
1998-07-09T00:00:00Z,141.3000000000
1998-07-10T00:00:00Z,141.0500000000
1998-07-13T00:00:00Z,140.9800000000
1998-07-14T00:00:00Z,139.8400000000
1998-07-15T00:00:00Z,140.6700000000
1998-07-16T00:00:00Z,140.2500000000
1998-07-17T00:00:00Z,139.6000000000
1998-07-20T00:00:00Z,138.8500000000
1998-07-21T00:00:00Z,140.3900000000
1998-07-22T00:00:00Z,141.1000000000
1998-07-23T00:00:00Z,141.5400000000
1998-07-24T00:00:00Z,140.9300000000
1998-07-27T00:00:00Z,142.2400000000
1998-07-28T00:00:00Z,141.7500000000
1998-07-29T00:00:00Z,142.4600000000
1998-07-30T00:00:00Z,142.5100000000
1998-07-31T00:00:00Z,144.6500000000
1998-08-03T00:00:00Z,145.8000000000
1998-08-04T00:00:00Z,144.8400000000
1998-08-05T00:00:00Z,144.3800000000
1998-08-06T00:00:00Z,144.6000000000
1998-08-07T00:00:00Z,146.3000000000
1998-08-10T00:00:00Z,146.5400000000
1998-08-11T00:00:00Z,147.1400000000
1998-08-12T00:00:00Z,146.0900000000
1998-08-13T00:00:00Z,145.0500000000
1998-08-14T00:00:00Z,146.3700000000
1998-08-17T00:00:00Z,145.7800000000
1998-08-18T00:00:00Z,145.0200000000
1998-08-19T00:00:00Z,143.8500000000
1998-08-20T00:00:00Z,142.6000000000
1998-08-21T00:00:00Z,144.9400000000
1998-08-24T00:00:00Z,143.9600000000
1998-08-25T00:00:00Z,144.9400000000
1998-08-26T00:00:00Z,144.4300000000
1998-08-27T00:00:00Z,142.2000000000
1998-08-28T00:00:00Z,142.5500000000
1998-08-31T00:00:00Z,140.9000000000
1998-09-01T00:00:00Z,136.2300000000
1998-09-02T00:00:00Z,137.7600000000
1998-09-03T00:00:00Z,134.8200000000
1998-09-04T00:00:00Z,133.9900000000
1998-09-08T00:00:00Z,132.1000000000
1998-09-09T00:00:00Z,136.4500000000
1998-09-10T00:00:00Z,134.3200000000
1998-09-11T00:00:00Z,131.0500000000
1998-09-14T00:00:00Z,133.2200000000
1998-09-15T00:00:00Z,133.0500000000
1998-09-16T00:00:00Z,134.9200000000
1998-09-17T00:00:00Z,131.8800000000
1998-09-18T00:00:00Z,132.6300000000
1998-09-21T00:00:00Z,133.4000000000
1998-09-22T00:00:00Z,135.2000000000
1998-09-23T00:00:00Z,136.4500000000
1998-09-24T00:00:00Z,135.3300000000
1998-09-25T00:00:00Z,135.1000000000
1998-09-28T00:00:00Z,135.7000000000
1998-09-29T00:00:00Z,133.9000000000
1998-09-30T00:00:00Z,136.5900000000
1998-10-01T00:00:00Z,135.7500000000
1998-10-02T00:00:00Z,135.6000000000
1998-10-05T00:00:00Z,134.5400000000
1998-10-06T00:00:00Z,131.1500000000
1998-10-07T00:00:00Z,123.9700000000
1998-10-08T00:00:00Z,118.8500000000
1998-10-09T00:00:00Z,117.0000000000
1998-10-13T00:00:00Z,118.8500000000
1998-10-14T00:00:00Z,119.2700000000
1998-10-15T00:00:00Z,117.5000000000
1998-10-16T00:00:00Z,115.4500000000
1998-10-19T00:00:00Z,114.4600000000
1998-10-20T00:00:00Z,118.0900000000
1998-10-21T00:00:00Z,116.8500000000
1998-10-22T00:00:00Z,117.8800000000
1998-10-23T00:00:00Z,118.0600000000
1998-10-26T00:00:00Z,118.8400000000
1998-10-27T00:00:00Z,118.6000000000
1998-10-28T00:00:00Z,117.5600000000
1998-10-29T00:00:00Z,117.3000000000
1998-10-30T00:00:00Z,116.4500000000
1998-11-02T00:00:00Z,114.5200000000
1998-11-03T00:00:00Z,115.5000000000
1998-11-04T00:00:00Z,116.5500000000
1998-11-05T00:00:00Z,117.4500000000
1998-11-06T00:00:00Z,118.7300000000
1998-11-09T00:00:00Z,121.9800000000
1998-11-10T00:00:00Z,122.8800000000
1998-11-12T00:00:00Z,122.7700000000
1998-11-13T00:00:00Z,122.6800000000
1998-11-16T00:00:00Z,119.7000000000
1998-11-17T00:00:00Z,121.3000000000
1998-11-18T00:00:00Z,121.4400000000
1998-11-19T00:00:00Z,119.6500000000
1998-11-20T00:00:00Z,120.3200000000
1998-11-23T00:00:00Z,120.9300000000
1998-11-24T00:00:00Z,120.8500000000
1998-11-25T00:00:00Z,121.8000000000
1998-11-27T00:00:00Z,123.2400000000
1998-11-30T00:00:00Z,123.2100000000
1998-12-01T00:00:00Z,122.2000000000
1998-12-02T00:00:00Z,120.1700000000
1998-12-03T00:00:00Z,118.7900000000
1998-12-04T00:00:00Z,119.3500000000
1998-12-07T00:00:00Z,119.6300000000
1998-12-08T00:00:00Z,119.5500000000
1998-12-09T00:00:00Z,118.0800000000
1998-12-10T00:00:00Z,117.0700000000
1998-12-11T00:00:00Z,116.7800000000
1998-12-14T00:00:00Z,115.0800000000
1998-12-15T00:00:00Z,116.7300000000
1998-12-16T00:00:00Z,115.6800000000
1998-12-17T00:00:00Z,116.3300000000
1998-12-18T00:00:00Z,115.6700000000
1998-12-21T00:00:00Z,116.0800000000
1998-12-22T00:00:00Z,116.8500000000
1998-12-23T00:00:00Z,116.0200000000
1998-12-24T00:00:00Z,116.2400000000
1998-12-28T00:00:00Z,115.8800000000
1998-12-29T00:00:00Z,115.4200000000
1998-12-30T00:00:00Z,114.8800000000
1998-12-31T00:00:00Z,113.0800000000
1999-01-04T00:00:00Z,112.1500000000
1999-01-05T00:00:00Z,111.1500000000
1999-01-06T00:00:00Z,112.7800000000
1999-01-07T00:00:00Z,111.6900000000
1999-01-08T00:00:00Z,111.5200000000
1999-01-11T00:00:00Z,108.8300000000
1999-01-12T00:00:00Z,112.0700000000
1999-01-13T00:00:00Z,113.4600000000
1999-01-14T00:00:00Z,113.2500000000
1999-01-15T00:00:00Z,114.1900000000
1999-01-19T00:00:00Z,113.7600000000
1999-01-20T00:00:00Z,113.4500000000
1999-01-21T00:00:00Z,113.7500000000
1999-01-22T00:00:00Z,114.6500000000
1999-01-25T00:00:00Z,113.8000000000
1999-01-26T00:00:00Z,114.0300000000
1999-01-27T00:00:00Z,115.6200000000
1999-01-28T00:00:00Z,116.3600000000
1999-01-29T00:00:00Z,116.0000000000
1999-02-01T00:00:00Z,115.0900000000
1999-02-02T00:00:00Z,112.1200000000
1999-02-03T00:00:00Z,112.4600000000
1999-02-04T00:00:00Z,112.0300000000
1999-02-05T00:00:00Z,113.1400000000
1999-02-08T00:00:00Z,114.3800000000
1999-02-09T00:00:00Z,114.4200000000
1999-02-10T00:00:00Z,114.4500000000
1999-02-11T00:00:00Z,114.7000000000
1999-02-12T00:00:00Z,114.3200000000
1999-02-16T00:00:00Z,118.0800000000
1999-02-17T00:00:00Z,119.0300000000
1999-02-18T00:00:00Z,119.8200000000
1999-02-19T00:00:00Z,121.0000000000
1999-02-22T00:00:00Z,120.3500000000
1999-02-23T00:00:00Z,121.4500000000
1999-02-24T00:00:00Z,121.9000000000
1999-02-25T00:00:00Z,119.2600000000
1999-02-26T00:00:00Z,118.7000000000
1999-03-01T00:00:00Z,119.7900000000
1999-03-02T00:00:00Z,120.4700000000
1999-03-03T00:00:00Z,121.6800000000
1999-03-04T00:00:00Z,123.5000000000
1999-03-05T00:00:00Z,122.5700000000
1999-03-08T00:00:00Z,121.7300000000
1999-03-09T00:00:00Z,121.4000000000
1999-03-10T00:00:00Z,119.8400000000
1999-03-11T00:00:00Z,119.5700000000
1999-03-12T00:00:00Z,118.9900000000
1999-03-15T00:00:00Z,117.7000000000
1999-03-16T00:00:00Z,117.7400000000
1999-03-17T00:00:00Z,118.1500000000
1999-03-18T00:00:00Z,117.5300000000
1999-03-19T00:00:00Z,117.0500000000
1999-03-22T00:00:00Z,118.1400000000
1999-03-23T00:00:00Z,118.0200000000
1999-03-24T00:00:00Z,117.3500000000
1999-03-25T00:00:00Z,118.0500000000
1999-03-26T00:00:00Z,120.3000000000
1999-03-29T00:00:00Z,119.7800000000
1999-03-30T00:00:00Z,120.1000000000
1999-03-31T00:00:00Z,118.4300000000
1999-04-01T00:00:00Z,120.1900000000
1999-04-02T00:00:00Z,120.6000000000
1999-04-05T00:00:00Z,122.0000000000
1999-04-06T00:00:00Z,120.7400000000
1999-04-07T00:00:00Z,121.3400000000
1999-04-08T00:00:00Z,120.8500000000
1999-04-09T00:00:00Z,121.0900000000
1999-04-12T00:00:00Z,120.1400000000
1999-04-13T00:00:00Z,120.0400000000
1999-04-14T00:00:00Z,118.8900000000
1999-04-15T00:00:00Z,119.0400000000
1999-04-16T00:00:00Z,117.8600000000
1999-04-19T00:00:00Z,117.9900000000
1999-04-20T00:00:00Z,118.1800000000
1999-04-21T00:00:00Z,119.7600000000
1999-04-22T00:00:00Z,119.8400000000
1999-04-23T00:00:00Z,119.2600000000
1999-04-26T00:00:00Z,119.1300000000
1999-04-27T00:00:00Z,120.2300000000
1999-04-28T00:00:00Z,119.1300000000
1999-04-29T00:00:00Z,119.2600000000
1999-04-30T00:00:00Z,119.4300000000
1999-05-03T00:00:00Z,120.1400000000
1999-05-04T00:00:00Z,120.9400000000
1999-05-05T00:00:00Z,120.9100000000
1999-05-06T00:00:00Z,120.7700000000
1999-05-07T00:00:00Z,120.7800000000
1999-05-10T00:00:00Z,120.6800000000
1999-05-11T00:00:00Z,120.9600000000
1999-05-12T00:00:00Z,120.8600000000
1999-05-13T00:00:00Z,121.6700000000
1999-05-14T00:00:00Z,122.6400000000
1999-05-17T00:00:00Z,123.2700000000
1999-05-18T00:00:00Z,123.2400000000
1999-05-19T00:00:00Z,124.4500000000
1999-05-20T00:00:00Z,124.1500000000
1999-05-21T00:00:00Z,123.9000000000
1999-05-24T00:00:00Z,123.5700000000
1999-05-25T00:00:00Z,122.8800000000
1999-05-26T00:00:00Z,122.0300000000
1999-05-27T00:00:00Z,121.2700000000
1999-05-28T00:00:00Z,120.8800000000
1999-06-01T00:00:00Z,120.7500000000
1999-06-02T00:00:00Z,121.1400000000
1999-06-03T00:00:00Z,121.5000000000
1999-06-04T00:00:00Z,121.9900000000
1999-06-07T00:00:00Z,121.3100000000
1999-06-08T00:00:00Z,119.8800000000
1999-06-09T00:00:00Z,119.2000000000
1999-06-10T00:00:00Z,118.8500000000
1999-06-11T00:00:00Z,118.1400000000
1999-06-14T00:00:00Z,120.4000000000
1999-06-15T00:00:00Z,120.6300000000
1999-06-16T00:00:00Z,120.0300000000
1999-06-17T00:00:00Z,119.4700000000
1999-06-18T00:00:00Z,120.4800000000
1999-06-21T00:00:00Z,122.2800000000
1999-06-22T00:00:00Z,121.6800000000
1999-06-23T00:00:00Z,122.0500000000
1999-06-24T00:00:00Z,121.8300000000
1999-06-25T00:00:00Z,121.2800000000
1999-06-28T00:00:00Z,121.3000000000
1999-06-29T00:00:00Z,120.8100000000
1999-06-30T00:00:00Z,120.9400000000
1999-07-01T00:00:00Z,120.9900000000
1999-07-02T00:00:00Z,121.1300000000
1999-07-06T00:00:00Z,121.9400000000
1999-07-07T00:00:00Z,122.1900000000
1999-07-08T00:00:00Z,122.5700000000
1999-07-09T00:00:00Z,122.3700000000
1999-07-12T00:00:00Z,122.2200000000
1999-07-13T00:00:00Z,121.3800000000
1999-07-14T00:00:00Z,120.5800000000
1999-07-15T00:00:00Z,120.4900000000
1999-07-16T00:00:00Z,120.9800000000
1999-07-19T00:00:00Z,119.1800000000
1999-07-20T00:00:00Z,118.9400000000
1999-07-21T00:00:00Z,118.2500000000
1999-07-22T00:00:00Z,117.2700000000
1999-07-23T00:00:00Z,116.5100000000
1999-07-26T00:00:00Z,116.6600000000
1999-07-27T00:00:00Z,116.2300000000
1999-07-28T00:00:00Z,116.1700000000
1999-07-29T00:00:00Z,115.1900000000
1999-07-30T00:00:00Z,114.7000000000
1999-08-02T00:00:00Z,114.5100000000
1999-08-03T00:00:00Z,115.1000000000
1999-08-04T00:00:00Z,114.2000000000
1999-08-05T00:00:00Z,113.9800000000
1999-08-06T00:00:00Z,114.6000000000
1999-08-09T00:00:00Z,115.3700000000
1999-08-10T00:00:00Z,114.4400000000
1999-08-11T00:00:00Z,115.1000000000
1999-08-12T00:00:00Z,115.7600000000
1999-08-13T00:00:00Z,115.6600000000
1999-08-16T00:00:00Z,114.8300000000
1999-08-17T00:00:00Z,114.1800000000
1999-08-18T00:00:00Z,112.3000000000
1999-08-19T00:00:00Z,111.1400000000
1999-08-20T00:00:00Z,111.4400000000
1999-08-23T00:00:00Z,111.7300000000
1999-08-24T00:00:00Z,111.5300000000
1999-08-25T00:00:00Z,111.1800000000
1999-08-26T00:00:00Z,111.8300000000
1999-08-27T00:00:00Z,111.6800000000
1999-08-30T00:00:00Z,111.1300000000
1999-08-31T00:00:00Z,109.3000000000
1999-09-01T00:00:00Z,109.3500000000
1999-09-02T00:00:00Z,109.2400000000
1999-09-03T00:00:00Z,110.0900000000
1999-09-07T00:00:00Z,110.9200000000
1999-09-08T00:00:00Z,110.9900000000
1999-09-09T00:00:00Z,108.0000000000
1999-09-10T00:00:00Z,109.0000000000
1999-09-13T00:00:00Z,106.1900000000
1999-09-14T00:00:00Z,105.3300000000
1999-09-15T00:00:00Z,103.7800000000
1999-09-16T00:00:00Z,105.1000000000
1999-09-17T00:00:00Z,106.9400000000
1999-09-20T00:00:00Z,106.4200000000
1999-09-21T00:00:00Z,104.8500000000
1999-09-22T00:00:00Z,104.0300000000
1999-09-23T00:00:00Z,104.1800000000
1999-09-24T00:00:00Z,104.1400000000
1999-09-27T00:00:00Z,106.0700000000
1999-09-28T00:00:00Z,106.1400000000
1999-09-29T00:00:00Z,106.8000000000
1999-09-30T00:00:00Z,106.8200000000
1999-10-01T00:00:00Z,105.0800000000
1999-10-04T00:00:00Z,106.3500000000
1999-10-05T00:00:00Z,106.9600000000
1999-10-06T00:00:00Z,107.5400000000
1999-10-07T00:00:00Z,107.6700000000
1999-10-08T00:00:00Z,107.3800000000
1999-10-12T00:00:00Z,106.2800000000
1999-10-13T00:00:00Z,107.4500000000
1999-10-14T00:00:00Z,106.9600000000
1999-10-15T00:00:00Z,105.4300000000
1999-10-18T00:00:00Z,104.9300000000
1999-10-19T00:00:00Z,105.5000000000
1999-10-20T00:00:00Z,106.1600000000
1999-10-21T00:00:00Z,105.9600000000
1999-10-22T00:00:00Z,105.8100000000
1999-10-25T00:00:00Z,105.3500000000
1999-10-26T00:00:00Z,104.8300000000
1999-10-27T00:00:00Z,104.2400000000
1999-10-28T00:00:00Z,105.1300000000
1999-10-29T00:00:00Z,104.2900000000
1999-11-01T00:00:00Z,104.1900000000
1999-11-02T00:00:00Z,104.1500000000
1999-11-03T00:00:00Z,105.0000000000
1999-11-04T00:00:00Z,104.4800000000
1999-11-05T00:00:00Z,106.3300000000
1999-11-08T00:00:00Z,105.7700000000
1999-11-09T00:00:00Z,104.8600000000
1999-11-10T00:00:00Z,104.5800000000
1999-11-12T00:00:00Z,105.3400000000
1999-11-15T00:00:00Z,104.8800000000
1999-11-16T00:00:00Z,105.8300000000
1999-11-17T00:00:00Z,105.4700000000
1999-11-18T00:00:00Z,105.8500000000
1999-11-19T00:00:00Z,106.1300000000
1999-11-22T00:00:00Z,104.8700000000
1999-11-23T00:00:00Z,104.2000000000
1999-11-24T00:00:00Z,104.6200000000
1999-11-26T00:00:00Z,102.1900000000
1999-11-29T00:00:00Z,102.4300000000
1999-11-30T00:00:00Z,101.8000000000
1999-12-01T00:00:00Z,102.3700000000
1999-12-02T00:00:00Z,102.6900000000
1999-12-03T00:00:00Z,102.5500000000
1999-12-06T00:00:00Z,103.1000000000
1999-12-07T00:00:00Z,102.3900000000
1999-12-08T00:00:00Z,102.9700000000
1999-12-09T00:00:00Z,102.5700000000
1999-12-10T00:00:00Z,102.4000000000
1999-12-13T00:00:00Z,103.2600000000
1999-12-14T00:00:00Z,103.4700000000
1999-12-15T00:00:00Z,103.5400000000
1999-12-16T00:00:00Z,103.0400000000
1999-12-17T00:00:00Z,103.2700000000
1999-12-20T00:00:00Z,102.7200000000
1999-12-21T00:00:00Z,102.0600000000
1999-12-22T00:00:00Z,101.5300000000
1999-12-23T00:00:00Z,101.7300000000
1999-12-24T00:00:00Z,102.9500000000
1999-12-27T00:00:00Z,102.1000000000
1999-12-28T00:00:00Z,102.1900000000
1999-12-29T00:00:00Z,102.0500000000
1999-12-30T00:00:00Z,102.3300000000
1999-12-31T00:00:00Z,102.1600000000
2000-01-03T00:00:00Z,101.7000000000
2000-01-04T00:00:00Z,103.0900000000
2000-01-05T00:00:00Z,103.7700000000
2000-01-06T00:00:00Z,105.1900000000
2000-01-07T00:00:00Z,105.1700000000
2000-01-10T00:00:00Z,105.2800000000
2000-01-11T00:00:00Z,106.0900000000
2000-01-12T00:00:00Z,105.7600000000
2000-01-13T00:00:00Z,106.0900000000
2000-01-14T00:00:00Z,105.8600000000
2000-01-18T00:00:00Z,105.4900000000
2000-01-19T00:00:00Z,105.3900000000
2000-01-20T00:00:00Z,105.4500000000
2000-01-21T00:00:00Z,104.9600000000
2000-01-24T00:00:00Z,105.5200000000
2000-01-25T00:00:00Z,105.8700000000
2000-01-26T00:00:00Z,105.8500000000
2000-01-27T00:00:00Z,104.9100000000
2000-01-28T00:00:00Z,107.1500000000
2000-01-31T00:00:00Z,107.3300000000
2000-02-01T00:00:00Z,107.6700000000
2000-02-02T00:00:00Z,108.4000000000
2000-02-03T00:00:00Z,107.9200000000
2000-02-04T00:00:00Z,107.5400000000
2000-02-07T00:00:00Z,108.7500000000
2000-02-08T00:00:00Z,109.5900000000
2000-02-09T00:00:00Z,109.1100000000
2000-02-10T00:00:00Z,108.7400000000
2000-02-11T00:00:00Z,108.9900000000
2000-02-14T00:00:00Z,108.6500000000
2000-02-15T00:00:00Z,108.7500000000
2000-02-16T00:00:00Z,109.3800000000
2000-02-17T00:00:00Z,110.2700000000
2000-02-18T00:00:00Z,110.8800000000
2000-02-22T00:00:00Z,111.0400000000
2000-02-23T00:00:00Z,111.1100000000
2000-02-24T00:00:00Z,110.9500000000
2000-02-25T00:00:00Z,110.9800000000
2000-02-28T00:00:00Z,109.1700000000
2000-02-29T00:00:00Z,109.8800000000
2000-03-01T00:00:00Z,107.1000000000
2000-03-02T00:00:00Z,107.3700000000
2000-03-03T00:00:00Z,107.8000000000
2000-03-06T00:00:00Z,107.7400000000
2000-03-07T00:00:00Z,106.2000000000
2000-03-08T00:00:00Z,106.8900000000
2000-03-09T00:00:00Z,106.4500000000
2000-03-10T00:00:00Z,106.2700000000
2000-03-13T00:00:00Z,105.3200000000
2000-03-14T00:00:00Z,104.8500000000
2000-03-15T00:00:00Z,105.5800000000
2000-03-16T00:00:00Z,105.6300000000
2000-03-17T00:00:00Z,106.1000000000
2000-03-20T00:00:00Z,106.5000000000
2000-03-21T00:00:00Z,106.9100000000
2000-03-22T00:00:00Z,106.7700000000
2000-03-23T00:00:00Z,107.4500000000
2000-03-24T00:00:00Z,107.2500000000
2000-03-27T00:00:00Z,107.1300000000
2000-03-28T00:00:00Z,105.9000000000
2000-03-29T00:00:00Z,105.6000000000
2000-03-30T00:00:00Z,105.5300000000
2000-03-31T00:00:00Z,102.7300000000
2000-04-03T00:00:00Z,104.8200000000
2000-04-04T00:00:00Z,105.3300000000
2000-04-05T00:00:00Z,105.0000000000
2000-04-06T00:00:00Z,104.7800000000
2000-04-07T00:00:00Z,105.3300000000
2000-04-10T00:00:00Z,106.3700000000
2000-04-11T00:00:00Z,106.9500000000
2000-04-12T00:00:00Z,105.8600000000
2000-04-13T00:00:00Z,105.7600000000
2000-04-14T00:00:00Z,105.1200000000
2000-04-17T00:00:00Z,104.1900000000
2000-04-18T00:00:00Z,104.5900000000
2000-04-19T00:00:00Z,104.9400000000
2000-04-20T00:00:00Z,105.4500000000
2000-04-21T00:00:00Z,105.8800000000
2000-04-24T00:00:00Z,105.6600000000
2000-04-25T00:00:00Z,105.7100000000
2000-04-26T00:00:00Z,106.4600000000
2000-04-27T00:00:00Z,106.3600000000
2000-04-28T00:00:00Z,107.9800000000
2000-05-01T00:00:00Z,108.8900000000
2000-05-02T00:00:00Z,108.6300000000
2000-05-03T00:00:00Z,109.1400000000
2000-05-04T00:00:00Z,108.1700000000
2000-05-05T00:00:00Z,108.5300000000
2000-05-08T00:00:00Z,109.0300000000
2000-05-09T00:00:00Z,109.6100000000
2000-05-10T00:00:00Z,109.3300000000
2000-05-11T00:00:00Z,108.4700000000
2000-05-12T00:00:00Z,108.7400000000
2000-05-15T00:00:00Z,109.4800000000
2000-05-16T00:00:00Z,109.7500000000
2000-05-17T00:00:00Z,109.5300000000
2000-05-18T00:00:00Z,108.7000000000
2000-05-19T00:00:00Z,106.8900000000
2000-05-22T00:00:00Z,107.0200000000
2000-05-23T00:00:00Z,106.7200000000
2000-05-24T00:00:00Z,107.5800000000
2000-05-25T00:00:00Z,107.4800000000
2000-05-26T00:00:00Z,107.1800000000
2000-05-30T00:00:00Z,106.4400000000
2000-05-31T00:00:00Z,107.7400000000
2000-06-01T00:00:00Z,108.7400000000
2000-06-02T00:00:00Z,108.1500000000
2000-06-05T00:00:00Z,107.4400000000
2000-06-06T00:00:00Z,105.6400000000
2000-06-07T00:00:00Z,105.5000000000
2000-06-08T00:00:00Z,105.8600000000
2000-06-09T00:00:00Z,106.7800000000
2000-06-12T00:00:00Z,106.6500000000
2000-06-13T00:00:00Z,106.7900000000
2000-06-14T00:00:00Z,106.8900000000
2000-06-15T00:00:00Z,106.5200000000
2000-06-16T00:00:00Z,106.2200000000
2000-06-19T00:00:00Z,105.7400000000
2000-06-20T00:00:00Z,105.4200000000
2000-06-21T00:00:00Z,105.5000000000
2000-06-22T00:00:00Z,104.4000000000
2000-06-23T00:00:00Z,104.5900000000
2000-06-26T00:00:00Z,105.6600000000
2000-06-27T00:00:00Z,105.5300000000
2000-06-28T00:00:00Z,105.5100000000
2000-06-29T00:00:00Z,105.0900000000
2000-06-30T00:00:00Z,106.1400000000
2000-07-03T00:00:00Z,105.6400000000
2000-07-05T00:00:00Z,106.9100000000
2000-07-06T00:00:00Z,107.3700000000
2000-07-07T00:00:00Z,107.8100000000
2000-07-10T00:00:00Z,107.1000000000
2000-07-11T00:00:00Z,106.9300000000
2000-07-12T00:00:00Z,108.3600000000
2000-07-13T00:00:00Z,108.2700000000
2000-07-14T00:00:00Z,107.8800000000
2000-07-17T00:00:00Z,108.5300000000
2000-07-18T00:00:00Z,108.3000000000
2000-07-19T00:00:00Z,108.2000000000
2000-07-20T00:00:00Z,107.8900000000
2000-07-21T00:00:00Z,109.0800000000
2000-07-24T00:00:00Z,108.9200000000
2000-07-25T00:00:00Z,109.3000000000
2000-07-26T00:00:00Z,109.2800000000
2000-07-27T00:00:00Z,109.1500000000
2000-07-28T00:00:00Z,109.6300000000
2000-07-31T00:00:00Z,109.6800000000
2000-08-01T00:00:00Z,109.4700000000
2000-08-02T00:00:00Z,108.7700000000
2000-08-03T00:00:00Z,108.3600000000
2000-08-04T00:00:00Z,108.5400000000
2000-08-07T00:00:00Z,108.9900000000
2000-08-08T00:00:00Z,108.6400000000
2000-08-09T00:00:00Z,107.9900000000
2000-08-10T00:00:00Z,108.7000000000
2000-08-11T00:00:00Z,108.6800000000
2000-08-14T00:00:00Z,109.5200000000
2000-08-15T00:00:00Z,109.0000000000
2000-08-16T00:00:00Z,108.5500000000
2000-08-17T00:00:00Z,108.4800000000
2000-08-18T00:00:00Z,108.4300000000
2000-08-21T00:00:00Z,108.5300000000
2000-08-22T00:00:00Z,108.3400000000
2000-08-23T00:00:00Z,107.0200000000
2000-08-24T00:00:00Z,106.8900000000
2000-08-25T00:00:00Z,107.1700000000
2000-08-28T00:00:00Z,106.4500000000
2000-08-29T00:00:00Z,106.2000000000
2000-08-30T00:00:00Z,106.4700000000
2000-08-31T00:00:00Z,106.6600000000
2000-09-01T00:00:00Z,105.7800000000
2000-09-05T00:00:00Z,105.8800000000
2000-09-06T00:00:00Z,106.0800000000
2000-09-07T00:00:00Z,105.1000000000
2000-09-08T00:00:00Z,106.0300000000
2000-09-11T00:00:00Z,105.9700000000
2000-09-12T00:00:00Z,106.9300000000
2000-09-13T00:00:00Z,107.1100000000
2000-09-14T00:00:00Z,107.2500000000
2000-09-15T00:00:00Z,107.3300000000
2000-09-18T00:00:00Z,106.8700000000
2000-09-19T00:00:00Z,107.0200000000
2000-09-20T00:00:00Z,106.7700000000
2000-09-21T00:00:00Z,106.5000000000
2000-09-22T00:00:00Z,107.9400000000
2000-09-25T00:00:00Z,107.6300000000
2000-09-26T00:00:00Z,107.6300000000
2000-09-27T00:00:00Z,107.4400000000
2000-09-28T00:00:00Z,107.5900000000
2000-09-29T00:00:00Z,107.9000000000
2000-10-02T00:00:00Z,108.8100000000
2000-10-03T00:00:00Z,108.6600000000
2000-10-04T00:00:00Z,109.2900000000
2000-10-05T00:00:00Z,109.3000000000
2000-10-06T00:00:00Z,108.8100000000
2000-10-10T00:00:00Z,107.9000000000
2000-10-11T00:00:00Z,107.6300000000
2000-10-12T00:00:00Z,107.5800000000
2000-10-13T00:00:00Z,107.6700000000
2000-10-16T00:00:00Z,108.3000000000
2000-10-17T00:00:00Z,108.1500000000
2000-10-18T00:00:00Z,107.7800000000
2000-10-19T00:00:00Z,108.5500000000
2000-10-20T00:00:00Z,109.0400000000
2000-10-23T00:00:00Z,108.4500000000
2000-10-24T00:00:00Z,108.0800000000
2000-10-25T00:00:00Z,108.0500000000
2000-10-26T00:00:00Z,108.3600000000
2000-10-27T00:00:00Z,108.7500000000
2000-10-30T00:00:00Z,108.9900000000
2000-10-31T00:00:00Z,109.1500000000
2000-11-01T00:00:00Z,108.4800000000
2000-11-02T00:00:00Z,108.3900000000
2000-11-03T00:00:00Z,107.5800000000
2000-11-06T00:00:00Z,107.3400000000
2000-11-07T00:00:00Z,107.3000000000
2000-11-08T00:00:00Z,107.5700000000
2000-11-09T00:00:00Z,107.4100000000
2000-11-10T00:00:00Z,107.8300000000
2000-11-13T00:00:00Z,107.7000000000
2000-11-14T00:00:00Z,108.1500000000
2000-11-15T00:00:00Z,108.7500000000
2000-11-16T00:00:00Z,109.0800000000
2000-11-17T00:00:00Z,108.8600000000
2000-11-20T00:00:00Z,109.7900000000
2000-11-21T00:00:00Z,110.2900000000
2000-11-22T00:00:00Z,110.1600000000
2000-11-24T00:00:00Z,111.3800000000
2000-11-27T00:00:00Z,110.7000000000
2000-11-28T00:00:00Z,110.2300000000
2000-11-29T00:00:00Z,111.2800000000
2000-11-30T00:00:00Z,110.9300000000
2000-12-01T00:00:00Z,111.1500000000
2000-12-04T00:00:00Z,111.0700000000
2000-12-05T00:00:00Z,111.0000000000
2000-12-06T00:00:00Z,110.4200000000
2000-12-07T00:00:00Z,110.7000000000
2000-12-08T00:00:00Z,111.2900000000
2000-12-11T00:00:00Z,110.7700000000
2000-12-12T00:00:00Z,111.5000000000
2000-12-13T00:00:00Z,112.4000000000
2000-12-14T00:00:00Z,112.4200000000
2000-12-15T00:00:00Z,112.5500000000
2000-12-18T00:00:00Z,112.0600000000
2000-12-19T00:00:00Z,112.5500000000
2000-12-20T00:00:00Z,112.5800000000
2000-12-21T00:00:00Z,112.1800000000
2000-12-22T00:00:00Z,112.7500000000
2000-12-26T00:00:00Z,113.6200000000
2000-12-27T00:00:00Z,114.2000000000
2000-12-28T00:00:00Z,114.6200000000
2000-12-29T00:00:00Z,114.3500000000
2001-01-02T00:00:00Z,114.7300000000
2001-01-03T00:00:00Z,114.2600000000
2001-01-04T00:00:00Z,115.4700000000
2001-01-05T00:00:00Z,116.1900000000
2001-01-08T00:00:00Z,115.9700000000
2001-01-09T00:00:00Z,116.6400000000
2001-01-10T00:00:00Z,116.2600000000
2001-01-11T00:00:00Z,117.5600000000
2001-01-12T00:00:00Z,117.7600000000
2001-01-16T00:00:00Z,117.2800000000
2001-01-17T00:00:00Z,118.3500000000
2001-01-18T00:00:00Z,117.7800000000
2001-01-19T00:00:00Z,117.2300000000
2001-01-22T00:00:00Z,116.6200000000
2001-01-23T00:00:00Z,116.9500000000
2001-01-24T00:00:00Z,118.1800000000
2001-01-25T00:00:00Z,116.9100000000
2001-01-26T00:00:00Z,117.1600000000
2001-01-29T00:00:00Z,116.6700000000
2001-01-30T00:00:00Z,115.7500000000
2001-01-31T00:00:00Z,116.3900000000
2001-02-01T00:00:00Z,115.3300000000
2001-02-02T00:00:00Z,115.6500000000
2001-02-05T00:00:00Z,114.9900000000
2001-02-06T00:00:00Z,114.8800000000
2001-02-07T00:00:00Z,116.2100000000
2001-02-08T00:00:00Z,116.3000000000
2001-02-09T00:00:00Z,117.5700000000
2001-02-12T00:00:00Z,117.6200000000
2001-02-13T00:00:00Z,117.3000000000
2001-02-14T00:00:00Z,116.6500000000
2001-02-15T00:00:00Z,115.6700000000
2001-02-16T00:00:00Z,115.4600000000
2001-02-20T00:00:00Z,115.5700000000
2001-02-21T00:00:00Z,116.4500000000
2001-02-22T00:00:00Z,116.5300000000
2001-02-23T00:00:00Z,116.1500000000
2001-02-26T00:00:00Z,116.6300000000
2001-02-27T00:00:00Z,116.2000000000
2001-02-28T00:00:00Z,117.2800000000
2001-03-01T00:00:00Z,117.3300000000
2001-03-02T00:00:00Z,119.0600000000
2001-03-05T00:00:00Z,119.0800000000
2001-03-06T00:00:00Z,118.8700000000
2001-03-07T00:00:00Z,119.8600000000
2001-03-08T00:00:00Z,119.5100000000
2001-03-09T00:00:00Z,119.7100000000
2001-03-12T00:00:00Z,120.6300000000
2001-03-13T00:00:00Z,120.2000000000
2001-03-14T00:00:00Z,120.9700000000
2001-03-15T00:00:00Z,122.2300000000
2001-03-16T00:00:00Z,122.8500000000
2001-03-19T00:00:00Z,122.5700000000
2001-03-20T00:00:00Z,122.7300000000
2001-03-21T00:00:00Z,123.6200000000
2001-03-22T00:00:00Z,123.8400000000
2001-03-23T00:00:00Z,122.6400000000
2001-03-26T00:00:00Z,122.8100000000
2001-03-27T00:00:00Z,122.9900000000
2001-03-28T00:00:00Z,122.6200000000
2001-03-29T00:00:00Z,123.4500000000
2001-03-30T00:00:00Z,125.5400000000
2001-04-02T00:00:00Z,126.7500000000
2001-04-03T00:00:00Z,125.4100000000
2001-04-04T00:00:00Z,125.3800000000
2001-04-05T00:00:00Z,124.3300000000
2001-04-06T00:00:00Z,124.0300000000
2001-04-09T00:00:00Z,124.8500000000
2001-04-10T00:00:00Z,124.4800000000
2001-04-11T00:00:00Z,124.8200000000
2001-04-12T00:00:00Z,123.5100000000
2001-04-13T00:00:00Z,124.1500000000
2001-04-16T00:00:00Z,124.6400000000
2001-04-17T00:00:00Z,123.6700000000
2001-04-18T00:00:00Z,122.3500000000
2001-04-19T00:00:00Z,121.8700000000
2001-04-20T00:00:00Z,122.5200000000
2001-04-23T00:00:00Z,121.6800000000
2001-04-24T00:00:00Z,122.0800000000
2001-04-25T00:00:00Z,122.2100000000
2001-04-26T00:00:00Z,123.1300000000
2001-04-27T00:00:00Z,123.7600000000
2001-04-30T00:00:00Z,123.5700000000
2001-05-01T00:00:00Z,121.9200000000
2001-05-02T00:00:00Z,121.7200000000
2001-05-03T00:00:00Z,121.1900000000
2001-05-04T00:00:00Z,121.0500000000
2001-05-07T00:00:00Z,121.3400000000
2001-05-08T00:00:00Z,121.6600000000
2001-05-09T00:00:00Z,122.2500000000
2001-05-10T00:00:00Z,122.7100000000
2001-05-11T00:00:00Z,122.5000000000
2001-05-14T00:00:00Z,123.1200000000
2001-05-15T00:00:00Z,123.2600000000
2001-05-16T00:00:00Z,123.5900000000
2001-05-17T00:00:00Z,122.6800000000
2001-05-18T00:00:00Z,123.6700000000
2001-05-21T00:00:00Z,122.9100000000
2001-05-22T00:00:00Z,122.7900000000
2001-05-23T00:00:00Z,120.3900000000
2001-05-24T00:00:00Z,120.1500000000
2001-05-25T00:00:00Z,120.7500000000
2001-05-29T00:00:00Z,120.1000000000
2001-05-30T00:00:00Z,120.2700000000
2001-05-31T00:00:00Z,118.8800000000
2001-06-01T00:00:00Z,119.1300000000
2001-06-04T00:00:00Z,119.5000000000
2001-06-05T00:00:00Z,120.2700000000
2001-06-06T00:00:00Z,120.3500000000
2001-06-07T00:00:00Z,119.9100000000
2001-06-08T00:00:00Z,120.6000000000
2001-06-11T00:00:00Z,122.0200000000
2001-06-12T00:00:00Z,121.7400000000
2001-06-13T00:00:00Z,121.8900000000
2001-06-14T00:00:00Z,121.4200000000
2001-06-15T00:00:00Z,122.9700000000
2001-06-18T00:00:00Z,123.2000000000
2001-06-19T00:00:00Z,122.9700000000
2001-06-20T00:00:00Z,123.3000000000
2001-06-21T00:00:00Z,124.4000000000
2001-06-22T00:00:00Z,124.2500000000
2001-06-25T00:00:00Z,124.0200000000
2001-06-26T00:00:00Z,123.8200000000
2001-06-27T00:00:00Z,124.2500000000
2001-06-28T00:00:00Z,124.6300000000
2001-06-29T00:00:00Z,124.7300000000
2001-07-02T00:00:00Z,124.2200000000
2001-07-03T00:00:00Z,124.4800000000
2001-07-05T00:00:00Z,125.7700000000
2001-07-06T00:00:00Z,125.8500000000
2001-07-09T00:00:00Z,125.4300000000
2001-07-10T00:00:00Z,125.5300000000
2001-07-11T00:00:00Z,124.0600000000
2001-07-12T00:00:00Z,124.1000000000
2001-07-13T00:00:00Z,124.7500000000
2001-07-16T00:00:00Z,125.4400000000
2001-07-17T00:00:00Z,124.8900000000
2001-07-18T00:00:00Z,124.3500000000
2001-07-19T00:00:00Z,123.6100000000
2001-07-20T00:00:00Z,122.8500000000
2001-07-23T00:00:00Z,124.1900000000
2001-07-24T00:00:00Z,124.0000000000
2001-07-25T00:00:00Z,123.6400000000
2001-07-26T00:00:00Z,123.8300000000
2001-07-27T00:00:00Z,123.2900000000
2001-07-30T00:00:00Z,125.1800000000
2001-07-31T00:00:00Z,125.0000000000
2001-08-01T00:00:00Z,124.8700000000
2001-08-02T00:00:00Z,123.7200000000
2001-08-03T00:00:00Z,123.4600000000
2001-08-06T00:00:00Z,123.8500000000
2001-08-07T00:00:00Z,123.8300000000
2001-08-08T00:00:00Z,123.2000000000
2001-08-09T00:00:00Z,123.0300000000
2001-08-10T00:00:00Z,121.9700000000
2001-08-13T00:00:00Z,122.4600000000
2001-08-14T00:00:00Z,121.6000000000
2001-08-15T00:00:00Z,119.9200000000
2001-08-16T00:00:00Z,120.1100000000
2001-08-17T00:00:00Z,120.3700000000
2001-08-20T00:00:00Z,120.7200000000
2001-08-21T00:00:00Z,119.9100000000
2001-08-22T00:00:00Z,119.9100000000
2001-08-23T00:00:00Z,119.8400000000
2001-08-24T00:00:00Z,120.1300000000
2001-08-27T00:00:00Z,120.1200000000
2001-08-28T00:00:00Z,120.4800000000
2001-08-29T00:00:00Z,119.7900000000
2001-08-30T00:00:00Z,119.4000000000
2001-08-31T00:00:00Z,118.7500000000
2001-09-04T00:00:00Z,119.4900000000
2001-09-05T00:00:00Z,120.7600000000
2001-09-06T00:00:00Z,120.9500000000
2001-09-07T00:00:00Z,120.0700000000
2001-09-10T00:00:00Z,121.0800000000
2001-09-12T00:00:00Z,119.5300000000
2001-09-13T00:00:00Z,118.8100000000
2001-09-14T00:00:00Z,117.3800000000
2001-09-17T00:00:00Z,117.5900000000
2001-09-18T00:00:00Z,117.3200000000
2001-09-19T00:00:00Z,117.3000000000
2001-09-20T00:00:00Z,115.8900000000
2001-09-21T00:00:00Z,116.7300000000
2001-09-24T00:00:00Z,117.5200000000
2001-09-25T00:00:00Z,117.7800000000
2001-09-26T00:00:00Z,117.8900000000
2001-09-27T00:00:00Z,119.6900000000
2001-09-28T00:00:00Z,119.2300000000
2001-10-01T00:00:00Z,120.2700000000
2001-10-02T00:00:00Z,120.7800000000
2001-10-03T00:00:00Z,120.6700000000
2001-10-04T00:00:00Z,120.6300000000
2001-10-05T00:00:00Z,120.3700000000
2001-10-09T00:00:00Z,120.2000000000
2001-10-10T00:00:00Z,120.4300000000
2001-10-11T00:00:00Z,121.5700000000
2001-10-12T00:00:00Z,120.9300000000
2001-10-15T00:00:00Z,120.9400000000
2001-10-16T00:00:00Z,121.2700000000
2001-10-17T00:00:00Z,121.0500000000
2001-10-18T00:00:00Z,121.1800000000
2001-10-19T00:00:00Z,121.1500000000
2001-10-22T00:00:00Z,122.4500000000
2001-10-23T00:00:00Z,122.8300000000
2001-10-24T00:00:00Z,122.8600000000
2001-10-25T00:00:00Z,122.7200000000
2001-10-26T00:00:00Z,122.9900000000
2001-10-29T00:00:00Z,122.0800000000
2001-10-30T00:00:00Z,122.0700000000
2001-10-31T00:00:00Z,122.5400000000
2001-11-01T00:00:00Z,121.8700000000
2001-11-02T00:00:00Z,121.6800000000
2001-11-05T00:00:00Z,121.7200000000
2001-11-06T00:00:00Z,121.1500000000
2001-11-07T00:00:00Z,121.0500000000
2001-11-08T00:00:00Z,119.9800000000
2001-11-09T00:00:00Z,120.2500000000
2001-11-13T00:00:00Z,121.4500000000
2001-11-14T00:00:00Z,121.6700000000
2001-11-15T00:00:00Z,122.4000000000
2001-11-16T00:00:00Z,122.6700000000
2001-11-19T00:00:00Z,123.2700000000
2001-11-20T00:00:00Z,122.6200000000
2001-11-21T00:00:00Z,123.1900000000
2001-11-23T00:00:00Z,124.4400000000
2001-11-26T00:00:00Z,124.2000000000
2001-11-27T00:00:00Z,124.1700000000
2001-11-28T00:00:00Z,123.2900000000
2001-11-29T00:00:00Z,123.8200000000
2001-11-30T00:00:00Z,123.2200000000
2001-12-03T00:00:00Z,123.9000000000
2001-12-04T00:00:00Z,124.2800000000
2001-12-05T00:00:00Z,124.4000000000
2001-12-06T00:00:00Z,124.8300000000
2001-12-07T00:00:00Z,125.6600000000
2001-12-10T00:00:00Z,126.2700000000
2001-12-11T00:00:00Z,126.2300000000
2001-12-12T00:00:00Z,126.5200000000
2001-12-13T00:00:00Z,126.3200000000
2001-12-14T00:00:00Z,127.2400000000
2001-12-17T00:00:00Z,127.5400000000
2001-12-18T00:00:00Z,127.9700000000
2001-12-19T00:00:00Z,128.2000000000
2001-12-20T00:00:00Z,128.5500000000
2001-12-21T00:00:00Z,129.4800000000
2001-12-24T00:00:00Z,129.9000000000
2001-12-26T00:00:00Z,130.7900000000
2001-12-27T00:00:00Z,131.4700000000
2001-12-28T00:00:00Z,131.3000000000
2001-12-31T00:00:00Z,131.0400000000
2002-01-02T00:00:00Z,132.0200000000
2002-01-03T00:00:00Z,131.7600000000
2002-01-04T00:00:00Z,131.0200000000
2002-01-07T00:00:00Z,130.9300000000
2002-01-08T00:00:00Z,132.5300000000
2002-01-09T00:00:00Z,132.6200000000
2002-01-10T00:00:00Z,132.6100000000
2002-01-11T00:00:00Z,132.1700000000
2002-01-14T00:00:00Z,131.8300000000
2002-01-15T00:00:00Z,131.1400000000
2002-01-16T00:00:00Z,131.7700000000
2002-01-17T00:00:00Z,132.1300000000
2002-01-18T00:00:00Z,132.6400000000
2002-01-22T00:00:00Z,133.9800000000
2002-01-23T00:00:00Z,134.2500000000
2002-01-24T00:00:00Z,134.6400000000
2002-01-25T00:00:00Z,134.4700000000
2002-01-28T00:00:00Z,133.4300000000
2002-01-29T00:00:00Z,133.5100000000
2002-01-30T00:00:00Z,132.8400000000
2002-01-31T00:00:00Z,134.0600000000
2002-02-01T00:00:00Z,133.7700000000
2002-02-04T00:00:00Z,132.7100000000
2002-02-05T00:00:00Z,133.9000000000
2002-02-06T00:00:00Z,133.7200000000
2002-02-07T00:00:00Z,133.4900000000
2002-02-08T00:00:00Z,134.7700000000
2002-02-11T00:00:00Z,133.6200000000
2002-02-12T00:00:00Z,132.8200000000
2002-02-13T00:00:00Z,133.2300000000
2002-02-14T00:00:00Z,132.2600000000
2002-02-15T00:00:00Z,132.7600000000
2002-02-19T00:00:00Z,133.4500000000
2002-02-20T00:00:00Z,133.7600000000
2002-02-21T00:00:00Z,134.2700000000
2002-02-22T00:00:00Z,133.8500000000
2002-02-25T00:00:00Z,133.8900000000
2002-02-26T00:00:00Z,134.3500000000
2002-02-27T00:00:00Z,134.6300000000
2002-02-28T00:00:00Z,133.9600000000
2002-03-01T00:00:00Z,133.3500000000
2002-03-04T00:00:00Z,132.2000000000
2002-03-05T00:00:00Z,132.3100000000
2002-03-06T00:00:00Z,130.8500000000
2002-03-07T00:00:00Z,127.0700000000
2002-03-08T00:00:00Z,128.2100000000
2002-03-11T00:00:00Z,128.0800000000
2002-03-12T00:00:00Z,128.6700000000
2002-03-13T00:00:00Z,129.4300000000
2002-03-14T00:00:00Z,128.9400000000
2002-03-15T00:00:00Z,129.1000000000
2002-03-18T00:00:00Z,131.2700000000
2002-03-19T00:00:00Z,132.3000000000
2002-03-20T00:00:00Z,131.6000000000
2002-03-21T00:00:00Z,131.8600000000
2002-03-22T00:00:00Z,132.8800000000
2002-03-25T00:00:00Z,133.4600000000
2002-03-26T00:00:00Z,132.7800000000
2002-03-27T00:00:00Z,132.6100000000
2002-03-28T00:00:00Z,132.6100000000
2002-03-29T00:00:00Z,132.7000000000
2002-04-01T00:00:00Z,133.3200000000
2002-04-02T00:00:00Z,133.4000000000
2002-04-03T00:00:00Z,132.6500000000
2002-04-04T00:00:00Z,132.3000000000
2002-04-05T00:00:00Z,131.7300000000
2002-04-08T00:00:00Z,131.2700000000
2002-04-09T00:00:00Z,131.0300000000
2002-04-10T00:00:00Z,130.7500000000
2002-04-11T00:00:00Z,131.5500000000
2002-04-12T00:00:00Z,132.0900000000
2002-04-15T00:00:00Z,131.9500000000
2002-04-16T00:00:00Z,131.1900000000
2002-04-17T00:00:00Z,130.7000000000
2002-04-18T00:00:00Z,129.8400000000
2002-04-19T00:00:00Z,130.5000000000
2002-04-22T00:00:00Z,129.9000000000
2002-04-23T00:00:00Z,129.8900000000
2002-04-24T00:00:00Z,129.7600000000
2002-04-25T00:00:00Z,128.4000000000
2002-04-26T00:00:00Z,128.1800000000
2002-04-29T00:00:00Z,128.1300000000
2002-04-30T00:00:00Z,128.4500000000
2002-05-01T00:00:00Z,127.4500000000
2002-05-02T00:00:00Z,128.0200000000
2002-05-03T00:00:00Z,127.2100000000
2002-05-06T00:00:00Z,127.2700000000
2002-05-07T00:00:00Z,127.8000000000
2002-05-08T00:00:00Z,128.6400000000
2002-05-09T00:00:00Z,128.3600000000
2002-05-10T00:00:00Z,127.8900000000
2002-05-13T00:00:00Z,127.6900000000
2002-05-14T00:00:00Z,128.6600000000
2002-05-15T00:00:00Z,127.9200000000
2002-05-16T00:00:00Z,128.1900000000
2002-05-17T00:00:00Z,126.0300000000
2002-05-20T00:00:00Z,125.6400000000
2002-05-21T00:00:00Z,123.8300000000
2002-05-22T00:00:00Z,124.1600000000
2002-05-23T00:00:00Z,124.8400000000
2002-05-24T00:00:00Z,124.7100000000
2002-05-28T00:00:00Z,124.3800000000
2002-05-29T00:00:00Z,124.3500000000
2002-05-30T00:00:00Z,123.0800000000
2002-05-31T00:00:00Z,124.1300000000
2002-06-03T00:00:00Z,123.6900000000
2002-06-04T00:00:00Z,123.9500000000
2002-06-05T00:00:00Z,124.4000000000
2002-06-06T00:00:00Z,124.3400000000
2002-06-07T00:00:00Z,124.4900000000
2002-06-10T00:00:00Z,124.6000000000
2002-06-11T00:00:00Z,125.5600000000
2002-06-12T00:00:00Z,125.6400000000
2002-06-13T00:00:00Z,125.1200000000
2002-06-14T00:00:00Z,124.2500000000
2002-06-17T00:00:00Z,124.3700000000
2002-06-18T00:00:00Z,124.5600000000
2002-06-19T00:00:00Z,124.0400000000
2002-06-20T00:00:00Z,123.3300000000
2002-06-21T00:00:00Z,121.2300000000
2002-06-24T00:00:00Z,121.2800000000
2002-06-25T00:00:00Z,121.9000000000
2002-06-26T00:00:00Z,119.8300000000
2002-06-27T00:00:00Z,119.3800000000
2002-06-28T00:00:00Z,119.8500000000
2002-07-01T00:00:00Z,120.0400000000
2002-07-02T00:00:00Z,120.1300000000
2002-07-03T00:00:00Z,119.7700000000
2002-07-05T00:00:00Z,120.1900000000
2002-07-08T00:00:00Z,118.6600000000
2002-07-09T00:00:00Z,117.8500000000
2002-07-10T00:00:00Z,117.9400000000
2002-07-11T00:00:00Z,116.6200000000
2002-07-12T00:00:00Z,116.7300000000
2002-07-15T00:00:00Z,116.0600000000
2002-07-16T00:00:00Z,115.7100000000
2002-07-17T00:00:00Z,116.2400000000
2002-07-18T00:00:00Z,117.0200000000
2002-07-19T00:00:00Z,115.7300000000
2002-07-22T00:00:00Z,116.2200000000
2002-07-23T00:00:00Z,117.3500000000
2002-07-24T00:00:00Z,116.3300000000
2002-07-25T00:00:00Z,116.8700000000
2002-07-26T00:00:00Z,118.7800000000
2002-07-29T00:00:00Z,119.8700000000
2002-07-30T00:00:00Z,119.9000000000
2002-07-31T00:00:00Z,119.7700000000
2002-08-01T00:00:00Z,119.1000000000
2002-08-02T00:00:00Z,118.9800000000
2002-08-05T00:00:00Z,119.2600000000
2002-08-06T00:00:00Z,121.1400000000
2002-08-07T00:00:00Z,120.3700000000
2002-08-08T00:00:00Z,121.0400000000
2002-08-09T00:00:00Z,120.1500000000
2002-08-12T00:00:00Z,118.8500000000
2002-08-13T00:00:00Z,119.0800000000
2002-08-14T00:00:00Z,116.5300000000
2002-08-15T00:00:00Z,117.2800000000
2002-08-16T00:00:00Z,117.5100000000
2002-08-19T00:00:00Z,118.5300000000
2002-08-20T00:00:00Z,118.8400000000
2002-08-21T00:00:00Z,118.5400000000
2002-08-22T00:00:00Z,119.8500000000
2002-08-23T00:00:00Z,119.5300000000
2002-08-26T00:00:00Z,119.5400000000
2002-08-27T00:00:00Z,118.3100000000
2002-08-28T00:00:00Z,118.3100000000
2002-08-29T00:00:00Z,118.3400000000
2002-08-30T00:00:00Z,118.7600000000
2002-09-03T00:00:00Z,117.1200000000
2002-09-04T00:00:00Z,118.0100000000
2002-09-05T00:00:00Z,118.3400000000
2002-09-06T00:00:00Z,118.4800000000
2002-09-09T00:00:00Z,118.8500000000
2002-09-10T00:00:00Z,119.7800000000
2002-09-11T00:00:00Z,120.6400000000
2002-09-12T00:00:00Z,120.6800000000
2002-09-13T00:00:00Z,121.5000000000
2002-09-16T00:00:00Z,122.1700000000
2002-09-17T00:00:00Z,122.6400000000
2002-09-18T00:00:00Z,121.4900000000
2002-09-19T00:00:00Z,121.4800000000
2002-09-20T00:00:00Z,123.1600000000
2002-09-23T00:00:00Z,123.9300000000
2002-09-24T00:00:00Z,123.3800000000
2002-09-25T00:00:00Z,122.7200000000
2002-09-26T00:00:00Z,122.5900000000
2002-09-27T00:00:00Z,122.8600000000
2002-09-30T00:00:00Z,121.7400000000
2002-10-01T00:00:00Z,122.7300000000
2002-10-02T00:00:00Z,123.2100000000
2002-10-03T00:00:00Z,123.0400000000
2002-10-04T00:00:00Z,123.0200000000
2002-10-07T00:00:00Z,124.4400000000
2002-10-08T00:00:00Z,124.2600000000
2002-10-09T00:00:00Z,123.5500000000
2002-10-10T00:00:00Z,123.6400000000
2002-10-11T00:00:00Z,124.0400000000
2002-10-15T00:00:00Z,124.6600000000
2002-10-16T00:00:00Z,124.3000000000
2002-10-17T00:00:00Z,124.8000000000
2002-10-18T00:00:00Z,125.5200000000
2002-10-21T00:00:00Z,124.7100000000
2002-10-22T00:00:00Z,125.0900000000
2002-10-23T00:00:00Z,124.1700000000
2002-10-24T00:00:00Z,124.7700000000
2002-10-25T00:00:00Z,124.1400000000
2002-10-28T00:00:00Z,123.6400000000
2002-10-29T00:00:00Z,122.5500000000
2002-10-30T00:00:00Z,122.9100000000
2002-10-31T00:00:00Z,122.7800000000
2002-11-01T00:00:00Z,122.1600000000
2002-11-04T00:00:00Z,122.4600000000
2002-11-05T00:00:00Z,121.8400000000
2002-11-06T00:00:00Z,122.2200000000
2002-11-07T00:00:00Z,121.2600000000
2002-11-08T00:00:00Z,119.7200000000
2002-11-12T00:00:00Z,119.5700000000
2002-11-13T00:00:00Z,120.2800000000
2002-11-14T00:00:00Z,120.4500000000
2002-11-15T00:00:00Z,120.3700000000
2002-11-18T00:00:00Z,121.1500000000
2002-11-19T00:00:00Z,121.6500000000
2002-11-20T00:00:00Z,122.5200000000
2002-11-21T00:00:00Z,122.9200000000
2002-11-22T00:00:00Z,122.8400000000
2002-11-25T00:00:00Z,122.3200000000
2002-11-26T00:00:00Z,121.8900000000
2002-11-27T00:00:00Z,122.2100000000
2002-11-29T00:00:00Z,122.7200000000
2002-12-02T00:00:00Z,124.6100000000
2002-12-03T00:00:00Z,124.4200000000
2002-12-04T00:00:00Z,124.8400000000
2002-12-05T00:00:00Z,124.9900000000
2002-12-06T00:00:00Z,123.6900000000
2002-12-09T00:00:00Z,123.3600000000
2002-12-10T00:00:00Z,123.6600000000
2002-12-11T00:00:00Z,123.4600000000
2002-12-12T00:00:00Z,122.7500000000
2002-12-13T00:00:00Z,120.7100000000
2002-12-16T00:00:00Z,121.2800000000
2002-12-17T00:00:00Z,121.2700000000
2002-12-18T00:00:00Z,121.1200000000
2002-12-19T00:00:00Z,120.8600000000
2002-12-20T00:00:00Z,120.5200000000
2002-12-23T00:00:00Z,120.7700000000
2002-12-24T00:00:00Z,120.2700000000
2002-12-26T00:00:00Z,120.1200000000
2002-12-27T00:00:00Z,119.9200000000
2002-12-30T00:00:00Z,118.3800000000
2002-12-31T00:00:00Z,118.7500000000
2003-01-02T00:00:00Z,119.8600000000
2003-01-03T00:00:00Z,119.8500000000
2003-01-06T00:00:00Z,119.0600000000
2003-01-07T00:00:00Z,120.1800000000
2003-01-08T00:00:00Z,119.3500000000
2003-01-09T00:00:00Z,119.5700000000
2003-01-10T00:00:00Z,119.4400000000
2003-01-13T00:00:00Z,119.0300000000
2003-01-14T00:00:00Z,117.9600000000
2003-01-15T00:00:00Z,117.9100000000
2003-01-16T00:00:00Z,118.0200000000
2003-01-17T00:00:00Z,117.8800000000
2003-01-21T00:00:00Z,118.5700000000
2003-01-22T00:00:00Z,118.1500000000
2003-01-23T00:00:00Z,117.8300000000
2003-01-24T00:00:00Z,117.8000000000
2003-01-27T00:00:00Z,118.6400000000
2003-01-28T00:00:00Z,118.6700000000
2003-01-29T00:00:00Z,118.1300000000
2003-01-30T00:00:00Z,119.2200000000
2003-01-31T00:00:00Z,119.9600000000
2003-02-03T00:00:00Z,120.4700000000
2003-02-04T00:00:00Z,119.7500000000
2003-02-05T00:00:00Z,119.7800000000
2003-02-06T00:00:00Z,119.9300000000
2003-02-07T00:00:00Z,120.4000000000
2003-02-10T00:00:00Z,121.2500000000
2003-02-11T00:00:00Z,121.1900000000
2003-02-12T00:00:00Z,121.3000000000
2003-02-13T00:00:00Z,120.4900000000
2003-02-14T00:00:00Z,120.4100000000
2003-02-18T00:00:00Z,118.9300000000
2003-02-19T00:00:00Z,118.6500000000
2003-02-20T00:00:00Z,118.1800000000
2003-02-21T00:00:00Z,118.7800000000
2003-02-24T00:00:00Z,117.7800000000
2003-02-25T00:00:00Z,117.1400000000
2003-02-26T00:00:00Z,117.1900000000
2003-02-27T00:00:00Z,117.5800000000
2003-02-28T00:00:00Z,118.2200000000
2003-03-03T00:00:00Z,117.9300000000
2003-03-04T00:00:00Z,117.9600000000
2003-03-05T00:00:00Z,117.3200000000
2003-03-06T00:00:00Z,117.2200000000
2003-03-07T00:00:00Z,116.4700000000
2003-03-10T00:00:00Z,116.5500000000
2003-03-11T00:00:00Z,117.0700000000
2003-03-12T00:00:00Z,117.1800000000
2003-03-13T00:00:00Z,118.3100000000
2003-03-14T00:00:00Z,118.5900000000
2003-03-17T00:00:00Z,118.4500000000
2003-03-18T00:00:00Z,118.9000000000
2003-03-19T00:00:00Z,120.1300000000
2003-03-20T00:00:00Z,120.0500000000
2003-03-21T00:00:00Z,121.4200000000
2003-03-24T00:00:00Z,120.6900000000
2003-03-25T00:00:00Z,120.0300000000
2003-03-26T00:00:00Z,120.1300000000
2003-03-27T00:00:00Z,119.7800000000
2003-03-28T00:00:00Z,120.1800000000
2003-03-31T00:00:00Z,118.0700000000
2003-04-01T00:00:00Z,118.2500000000
2003-04-02T00:00:00Z,119.1700000000
2003-04-03T00:00:00Z,119.5500000000
2003-04-04T00:00:00Z,120.0500000000
2003-04-07T00:00:00Z,120.4100000000
2003-04-08T00:00:00Z,119.9100000000
2003-04-09T00:00:00Z,120.5500000000
2003-04-10T00:00:00Z,119.5800000000
2003-04-11T00:00:00Z,120.4700000000
2003-04-14T00:00:00Z,120.3000000000
2003-04-15T00:00:00Z,120.2000000000
2003-04-16T00:00:00Z,120.0400000000
2003-04-17T00:00:00Z,119.3000000000
2003-04-18T00:00:00Z,119.7200000000
2003-04-21T00:00:00Z,120.5500000000
2003-04-22T00:00:00Z,119.6800000000
2003-04-23T00:00:00Z,120.3300000000
2003-04-24T00:00:00Z,119.8300000000
2003-04-25T00:00:00Z,120.2500000000
2003-04-28T00:00:00Z,120.3400000000
2003-04-29T00:00:00Z,120.1400000000
2003-04-30T00:00:00Z,119.0700000000
2003-05-01T00:00:00Z,118.5600000000
2003-05-02T00:00:00Z,119.1000000000
2003-05-05T00:00:00Z,118.6400000000
2003-05-06T00:00:00Z,117.9400000000
2003-05-07T00:00:00Z,116.5100000000
2003-05-08T00:00:00Z,116.6500000000
2003-05-09T00:00:00Z,117.2000000000
2003-05-12T00:00:00Z,116.9400000000
2003-05-13T00:00:00Z,116.5600000000
2003-05-14T00:00:00Z,116.1600000000
2003-05-15T00:00:00Z,115.9400000000
2003-05-16T00:00:00Z,116.0100000000
2003-05-19T00:00:00Z,116.5800000000
2003-05-20T00:00:00Z,116.7700000000
2003-05-21T00:00:00Z,117.2300000000
2003-05-22T00:00:00Z,117.2500000000
2003-05-23T00:00:00Z,116.8900000000
2003-05-27T00:00:00Z,117.1200000000
2003-05-28T00:00:00Z,118.7300000000
2003-05-29T00:00:00Z,118.4500000000
2003-05-30T00:00:00Z,119.5000000000
2003-06-02T00:00:00Z,118.5200000000
2003-06-03T00:00:00Z,119.2700000000
2003-06-04T00:00:00Z,118.6000000000
2003-06-05T00:00:00Z,117.6100000000
2003-06-06T00:00:00Z,118.8300000000
2003-06-09T00:00:00Z,118.1100000000
2003-06-10T00:00:00Z,117.6800000000
2003-06-11T00:00:00Z,117.6900000000
2003-06-12T00:00:00Z,117.6600000000
2003-06-13T00:00:00Z,117.4600000000
2003-06-16T00:00:00Z,117.7900000000
2003-06-17T00:00:00Z,118.2000000000
2003-06-18T00:00:00Z,118.4000000000
2003-06-19T00:00:00Z,118.7400000000
2003-06-20T00:00:00Z,118.3900000000
2003-06-23T00:00:00Z,117.5500000000
2003-06-24T00:00:00Z,117.9600000000
2003-06-25T00:00:00Z,117.5400000000
2003-06-26T00:00:00Z,119.3200000000
2003-06-27T00:00:00Z,119.7200000000
2003-06-30T00:00:00Z,119.8700000000
2003-07-01T00:00:00Z,119.4500000000
2003-07-02T00:00:00Z,118.6300000000
2003-07-03T00:00:00Z,118.2400000000
2003-07-07T00:00:00Z,118.0800000000
2003-07-08T00:00:00Z,118.5800000000
2003-07-09T00:00:00Z,117.8500000000
2003-07-10T00:00:00Z,117.6900000000
2003-07-11T00:00:00Z,117.8000000000
2003-07-14T00:00:00Z,117.5400000000
2003-07-15T00:00:00Z,117.2400000000
2003-07-16T00:00:00Z,118.2400000000
2003-07-17T00:00:00Z,118.8700000000
2003-07-18T00:00:00Z,118.4000000000
2003-07-21T00:00:00Z,118.3500000000
2003-07-22T00:00:00Z,119.3400000000
2003-07-23T00:00:00Z,118.7700000000
2003-07-24T00:00:00Z,119.2500000000
2003-07-25T00:00:00Z,118.8200000000
2003-07-28T00:00:00Z,119.4200000000
2003-07-29T00:00:00Z,119.7800000000
2003-07-30T00:00:00Z,120.5500000000
2003-07-31T00:00:00Z,120.4200000000
2003-08-01T00:00:00Z,120.0000000000
2003-08-04T00:00:00Z,120.4700000000
2003-08-05T00:00:00Z,119.9500000000
2003-08-06T00:00:00Z,120.3300000000
2003-08-07T00:00:00Z,118.9100000000
2003-08-08T00:00:00Z,119.0200000000
2003-08-11T00:00:00Z,118.3600000000
2003-08-12T00:00:00Z,118.5300000000
2003-08-13T00:00:00Z,119.0700000000
2003-08-14T00:00:00Z,119.1400000000
2003-08-15T00:00:00Z,119.2400000000
2003-08-18T00:00:00Z,119.4300000000
2003-08-19T00:00:00Z,119.2600000000
2003-08-20T00:00:00Z,118.2300000000
2003-08-21T00:00:00Z,117.5800000000
2003-08-22T00:00:00Z,117.5800000000
2003-08-25T00:00:00Z,117.4300000000
2003-08-26T00:00:00Z,117.4900000000
2003-08-27T00:00:00Z,117.7400000000
2003-08-28T00:00:00Z,117.4400000000
2003-08-29T00:00:00Z,116.7100000000
2003-09-02T00:00:00Z,116.1500000000
2003-09-03T00:00:00Z,116.0400000000
2003-09-04T00:00:00Z,116.7700000000
2003-09-05T00:00:00Z,117.0600000000
2003-09-08T00:00:00Z,116.4800000000
2003-09-09T00:00:00Z,116.3300000000
2003-09-10T00:00:00Z,117.1300000000
2003-09-11T00:00:00Z,117.0700000000
2003-09-12T00:00:00Z,117.3800000000
2003-09-15T00:00:00Z,117.4100000000
2003-09-16T00:00:00Z,116.2700000000
2003-09-17T00:00:00Z,115.9900000000
2003-09-18T00:00:00Z,115.2700000000
2003-09-19T00:00:00Z,113.9900000000
2003-09-22T00:00:00Z,111.9500000000
2003-09-23T00:00:00Z,111.6500000000
2003-09-24T00:00:00Z,111.7000000000
2003-09-25T00:00:00Z,111.8600000000
2003-09-26T00:00:00Z,111.8000000000
2003-09-29T00:00:00Z,111.0700000000
2003-09-30T00:00:00Z,111.4300000000
2003-10-01T00:00:00Z,110.6100000000
2003-10-02T00:00:00Z,110.5900000000
2003-10-03T00:00:00Z,110.9000000000
2003-10-06T00:00:00Z,110.8100000000
2003-10-07T00:00:00Z,109.8100000000
2003-10-08T00:00:00Z,109.5500000000
2003-10-09T00:00:00Z,109.3400000000
2003-10-10T00:00:00Z,108.5700000000
2003-10-14T00:00:00Z,109.2900000000
2003-10-15T00:00:00Z,109.5600000000
2003-10-16T00:00:00Z,109.3600000000
2003-10-17T00:00:00Z,109.5700000000
2003-10-20T00:00:00Z,110.2200000000
2003-10-21T00:00:00Z,109.6900000000
2003-10-22T00:00:00Z,108.9500000000
2003-10-23T00:00:00Z,109.5900000000
2003-10-24T00:00:00Z,109.2300000000
2003-10-27T00:00:00Z,108.3800000000
2003-10-28T00:00:00Z,108.3300000000
2003-10-29T00:00:00Z,108.1800000000
2003-10-30T00:00:00Z,108.2700000000
2003-10-31T00:00:00Z,110.1000000000
2003-11-03T00:00:00Z,111.2000000000
2003-11-04T00:00:00Z,109.6000000000
2003-11-05T00:00:00Z,109.9100000000
2003-11-06T00:00:00Z,110.1500000000
2003-11-07T00:00:00Z,109.2900000000
2003-11-10T00:00:00Z,107.9800000000
2003-11-12T00:00:00Z,108.5500000000
2003-11-13T00:00:00Z,108.3300000000
2003-11-14T00:00:00Z,108.4300000000
2003-11-17T00:00:00Z,108.9800000000
2003-11-18T00:00:00Z,108.1100000000
2003-11-19T00:00:00Z,109.0600000000
2003-11-20T00:00:00Z,108.9900000000
2003-11-21T00:00:00Z,108.8700000000
2003-11-24T00:00:00Z,109.3900000000
2003-11-25T00:00:00Z,109.7200000000
2003-11-26T00:00:00Z,109.1100000000
2003-11-28T00:00:00Z,109.5300000000
2003-12-01T00:00:00Z,109.6100000000
2003-12-02T00:00:00Z,108.8200000000
2003-12-03T00:00:00Z,108.1700000000
2003-12-04T00:00:00Z,108.1900000000
2003-12-05T00:00:00Z,107.7800000000
2003-12-08T00:00:00Z,107.2300000000
2003-12-09T00:00:00Z,107.3000000000
2003-12-10T00:00:00Z,108.4000000000
2003-12-11T00:00:00Z,108.2300000000
2003-12-12T00:00:00Z,107.7300000000
2003-12-15T00:00:00Z,107.5200000000
2003-12-16T00:00:00Z,107.6000000000
2003-12-17T00:00:00Z,107.4200000000
2003-12-18T00:00:00Z,107.9200000000
2003-12-19T00:00:00Z,107.9400000000
2003-12-22T00:00:00Z,107.4000000000
2003-12-23T00:00:00Z,107.4400000000
2003-12-24T00:00:00Z,107.2900000000
2003-12-26T00:00:00Z,107.1800000000
2003-12-29T00:00:00Z,106.9300000000
2003-12-30T00:00:00Z,107.0000000000
2003-12-31T00:00:00Z,107.1300000000
2004-01-02T00:00:00Z,106.9500000000
2004-01-05T00:00:00Z,106.1000000000
2004-01-06T00:00:00Z,106.2000000000
2004-01-07T00:00:00Z,106.1900000000
2004-01-08T00:00:00Z,106.1700000000
2004-01-09T00:00:00Z,106.5400000000
2004-01-12T00:00:00Z,106.4800000000
2004-01-13T00:00:00Z,106.2500000000
2004-01-14T00:00:00Z,106.0600000000
2004-01-15T00:00:00Z,106.1000000000
2004-01-16T00:00:00Z,106.8700000000
2004-01-20T00:00:00Z,107.1700000000
2004-01-21T00:00:00Z,106.8400000000
2004-01-22T00:00:00Z,106.0800000000
2004-01-23T00:00:00Z,106.2100000000
2004-01-26T00:00:00Z,106.1500000000
2004-01-27T00:00:00Z,105.5600000000
2004-01-28T00:00:00Z,105.5200000000
2004-01-29T00:00:00Z,106.0900000000
2004-01-30T00:00:00Z,105.8400000000
2004-02-02T00:00:00Z,105.5900000000
2004-02-03T00:00:00Z,105.3600000000
2004-02-04T00:00:00Z,105.5300000000
2004-02-05T00:00:00Z,105.5200000000
2004-02-06T00:00:00Z,105.5700000000
2004-02-09T00:00:00Z,105.6800000000
2004-02-10T00:00:00Z,105.5500000000
2004-02-11T00:00:00Z,105.3700000000
2004-02-12T00:00:00Z,105.4200000000
2004-02-13T00:00:00Z,105.6000000000
2004-02-17T00:00:00Z,105.8000000000
2004-02-18T00:00:00Z,106.3700000000
2004-02-19T00:00:00Z,107.0900000000
2004-02-20T00:00:00Z,108.8300000000
2004-02-23T00:00:00Z,108.2200000000
2004-02-24T00:00:00Z,108.1100000000
2004-02-25T00:00:00Z,108.9900000000
2004-02-26T00:00:00Z,109.5900000000
2004-02-27T00:00:00Z,109.2600000000
2004-03-01T00:00:00Z,108.9300000000
2004-03-02T00:00:00Z,110.2700000000
2004-03-03T00:00:00Z,110.2500000000
2004-03-04T00:00:00Z,110.7400000000
2004-03-05T00:00:00Z,111.4200000000
2004-03-08T00:00:00Z,112.1200000000
2004-03-09T00:00:00Z,111.2000000000
2004-03-10T00:00:00Z,111.0400000000
2004-03-11T00:00:00Z,110.8900000000
2004-03-12T00:00:00Z,110.8200000000
2004-03-15T00:00:00Z,110.4800000000
2004-03-16T00:00:00Z,108.9500000000
2004-03-17T00:00:00Z,108.1800000000
2004-03-18T00:00:00Z,106.6000000000
2004-03-19T00:00:00Z,106.9700000000
2004-03-22T00:00:00Z,106.8400000000
2004-03-23T00:00:00Z,106.6300000000
2004-03-24T00:00:00Z,106.2300000000
2004-03-25T00:00:00Z,106.0600000000
2004-03-26T00:00:00Z,105.9300000000
2004-03-29T00:00:00Z,105.5200000000
2004-03-30T00:00:00Z,105.6100000000
2004-03-31T00:00:00Z,104.1800000000
2004-04-01T00:00:00Z,103.7000000000
2004-04-02T00:00:00Z,104.5500000000
2004-04-05T00:00:00Z,105.3600000000
2004-04-06T00:00:00Z,105.9000000000
2004-04-07T00:00:00Z,105.2000000000
2004-04-08T00:00:00Z,106.1000000000
2004-04-09T00:00:00Z,106.4500000000
2004-04-12T00:00:00Z,105.5000000000
2004-04-13T00:00:00Z,106.9600000000
2004-04-14T00:00:00Z,108.5300000000
2004-04-15T00:00:00Z,108.5800000000
2004-04-16T00:00:00Z,107.6900000000
2004-04-19T00:00:00Z,108.5000000000
2004-04-20T00:00:00Z,108.4300000000
2004-04-21T00:00:00Z,109.5500000000
2004-04-22T00:00:00Z,109.8500000000
2004-04-23T00:00:00Z,109.3800000000
2004-04-26T00:00:00Z,108.5500000000
2004-04-27T00:00:00Z,109.4800000000
2004-04-28T00:00:00Z,109.8500000000
2004-04-29T00:00:00Z,109.9600000000
2004-04-30T00:00:00Z,110.3700000000
2004-05-03T00:00:00Z,110.3400000000
2004-05-04T00:00:00Z,110.0200000000
2004-05-05T00:00:00Z,108.5000000000
2004-05-06T00:00:00Z,109.5800000000
2004-05-07T00:00:00Z,112.3000000000
2004-05-10T00:00:00Z,114.0300000000
2004-05-11T00:00:00Z,113.6700000000
2004-05-12T00:00:00Z,113.2100000000
2004-05-13T00:00:00Z,114.2500000000
2004-05-14T00:00:00Z,114.3000000000
2004-05-17T00:00:00Z,114.1000000000
2004-05-18T00:00:00Z,114.0600000000
2004-05-19T00:00:00Z,112.7700000000
2004-05-20T00:00:00Z,113.1800000000
2004-05-21T00:00:00Z,112.0900000000
2004-05-24T00:00:00Z,112.6600000000
2004-05-25T00:00:00Z,112.2100000000
2004-05-26T00:00:00Z,111.7000000000
2004-05-27T00:00:00Z,110.7700000000
2004-05-28T00:00:00Z,110.1800000000
2004-06-01T00:00:00Z,110.4500000000
2004-06-02T00:00:00Z,110.2800000000
2004-06-03T00:00:00Z,111.1400000000
2004-06-04T00:00:00Z,111.2700000000
2004-06-07T00:00:00Z,109.6100000000
2004-06-08T00:00:00Z,109.7700000000
2004-06-09T00:00:00Z,109.7400000000
2004-06-10T00:00:00Z,109.3300000000
2004-06-11T00:00:00Z,110.0900000000
2004-06-14T00:00:00Z,111.1500000000
2004-06-15T00:00:00Z,109.5900000000
2004-06-16T00:00:00Z,110.1500000000
2004-06-17T00:00:00Z,109.6300000000
2004-06-18T00:00:00Z,108.6500000000
2004-06-21T00:00:00Z,108.5700000000
2004-06-22T00:00:00Z,109.0000000000
2004-06-23T00:00:00Z,108.6400000000
2004-06-24T00:00:00Z,107.1000000000
2004-06-25T00:00:00Z,107.8200000000
2004-06-28T00:00:00Z,107.9500000000
2004-06-29T00:00:00Z,108.1800000000
2004-06-30T00:00:00Z,109.4300000000
2004-07-01T00:00:00Z,108.2400000000
2004-07-02T00:00:00Z,108.6000000000
2004-07-06T00:00:00Z,109.2400000000
2004-07-07T00:00:00Z,108.3800000000
2004-07-08T00:00:00Z,108.7600000000
2004-07-09T00:00:00Z,108.2100000000
2004-07-12T00:00:00Z,108.2400000000
2004-07-13T00:00:00Z,109.3700000000
2004-07-14T00:00:00Z,109.1300000000
2004-07-15T00:00:00Z,109.5200000000
2004-07-16T00:00:00Z,108.7700000000
2004-07-19T00:00:00Z,108.2800000000
2004-07-20T00:00:00Z,108.3800000000
2004-07-21T00:00:00Z,110.1000000000
2004-07-22T00:00:00Z,109.6800000000
2004-07-23T00:00:00Z,110.1100000000
2004-07-26T00:00:00Z,110.0800000000
2004-07-27T00:00:00Z,111.0900000000
2004-07-28T00:00:00Z,111.7800000000
2004-07-29T00:00:00Z,111.8800000000
2004-07-30T00:00:00Z,111.3900000000
2004-08-02T00:00:00Z,111.0800000000
2004-08-03T00:00:00Z,110.6000000000
2004-08-04T00:00:00Z,111.2900000000
2004-08-05T00:00:00Z,111.5300000000
2004-08-06T00:00:00Z,110.0500000000
2004-08-09T00:00:00Z,110.5700000000
2004-08-10T00:00:00Z,110.7900000000
2004-08-11T00:00:00Z,110.7800000000
2004-08-12T00:00:00Z,111.1400000000
2004-08-13T00:00:00Z,110.6700000000
2004-08-16T00:00:00Z,110.6400000000
2004-08-17T00:00:00Z,110.0700000000
2004-08-18T00:00:00Z,109.7100000000
2004-08-19T00:00:00Z,109.3400000000
2004-08-20T00:00:00Z,109.3200000000
2004-08-23T00:00:00Z,109.4700000000
2004-08-24T00:00:00Z,109.6300000000
2004-08-25T00:00:00Z,110.3800000000
2004-08-26T00:00:00Z,109.7300000000
2004-08-27T00:00:00Z,109.5100000000
2004-08-30T00:00:00Z,109.8400000000
2004-08-31T00:00:00Z,109.0000000000
2004-09-01T00:00:00Z,109.6200000000
2004-09-02T00:00:00Z,109.5200000000
2004-09-03T00:00:00Z,110.4700000000
2004-09-07T00:00:00Z,109.3200000000
2004-09-08T00:00:00Z,109.2200000000
2004-09-09T00:00:00Z,109.6900000000
2004-09-10T00:00:00Z,109.3300000000
2004-09-13T00:00:00Z,110.1300000000
2004-09-14T00:00:00Z,109.4000000000
2004-09-15T00:00:00Z,110.3400000000
2004-09-16T00:00:00Z,109.7500000000
2004-09-17T00:00:00Z,109.9700000000
2004-09-20T00:00:00Z,109.8700000000
2004-09-21T00:00:00Z,109.9400000000
2004-09-22T00:00:00Z,110.5300000000
2004-09-23T00:00:00Z,110.3900000000
2004-09-24T00:00:00Z,110.7200000000
2004-09-27T00:00:00Z,111.1300000000
2004-09-28T00:00:00Z,111.4800000000
2004-09-29T00:00:00Z,110.9000000000
2004-09-30T00:00:00Z,110.2000000000
2004-10-01T00:00:00Z,110.4500000000
2004-10-04T00:00:00Z,111.1300000000
2004-10-05T00:00:00Z,111.2100000000
2004-10-06T00:00:00Z,111.3400000000
2004-10-07T00:00:00Z,111.1500000000
2004-10-08T00:00:00Z,109.4400000000
2004-10-12T00:00:00Z,109.7900000000
2004-10-13T00:00:00Z,109.7800000000
2004-10-14T00:00:00Z,109.6000000000
2004-10-15T00:00:00Z,109.1400000000
2004-10-18T00:00:00Z,109.2300000000
2004-10-19T00:00:00Z,108.3600000000
2004-10-20T00:00:00Z,108.1600000000
2004-10-21T00:00:00Z,107.4300000000
2004-10-22T00:00:00Z,107.4200000000
2004-10-25T00:00:00Z,106.6100000000
2004-10-26T00:00:00Z,106.6300000000
2004-10-27T00:00:00Z,106.6700000000
2004-10-28T00:00:00Z,106.0900000000
2004-10-29T00:00:00Z,106.0400000000
2004-11-01T00:00:00Z,106.4100000000
2004-11-02T00:00:00Z,106.2900000000
2004-11-03T00:00:00Z,106.2000000000
2004-11-04T00:00:00Z,106.0200000000
2004-11-05T00:00:00Z,105.6000000000
2004-11-08T00:00:00Z,105.5700000000
2004-11-09T00:00:00Z,105.5700000000
2004-11-10T00:00:00Z,106.9100000000
2004-11-12T00:00:00Z,105.5300000000
2004-11-15T00:00:00Z,105.5300000000
2004-11-16T00:00:00Z,105.3500000000
2004-11-17T00:00:00Z,104.1800000000
2004-11-18T00:00:00Z,104.2300000000
2004-11-19T00:00:00Z,102.8000000000
2004-11-22T00:00:00Z,103.2000000000
2004-11-23T00:00:00Z,103.4200000000
2004-11-24T00:00:00Z,102.9400000000
2004-11-26T00:00:00Z,102.5800000000
2004-11-29T00:00:00Z,102.6100000000
2004-11-30T00:00:00Z,103.0400000000
2004-12-01T00:00:00Z,102.7800000000
2004-12-02T00:00:00Z,103.1100000000
2004-12-03T00:00:00Z,102.5600000000
2004-12-06T00:00:00Z,102.6800000000
2004-12-07T00:00:00Z,102.7400000000
2004-12-08T00:00:00Z,104.7400000000
2004-12-09T00:00:00Z,104.9300000000
2004-12-10T00:00:00Z,105.4500000000
2004-12-13T00:00:00Z,104.6700000000
2004-12-14T00:00:00Z,105.5900000000
2004-12-15T00:00:00Z,104.0200000000
2004-12-16T00:00:00Z,104.3600000000
2004-12-17T00:00:00Z,104.2800000000
2004-12-20T00:00:00Z,104.0100000000
2004-12-21T00:00:00Z,104.3300000000
2004-12-22T00:00:00Z,103.9500000000
2004-12-23T00:00:00Z,103.7100000000
2004-12-24T00:00:00Z,103.6500000000
2004-12-27T00:00:00Z,102.9700000000
2004-12-28T00:00:00Z,103.1300000000
2004-12-29T00:00:00Z,104.1900000000
2004-12-30T00:00:00Z,103.1100000000
2004-12-31T00:00:00Z,102.6800000000
2005-01-03T00:00:00Z,102.8300000000
2005-01-04T00:00:00Z,104.2700000000
2005-01-05T00:00:00Z,103.9500000000
2005-01-06T00:00:00Z,104.8700000000
2005-01-07T00:00:00Z,104.9300000000
2005-01-10T00:00:00Z,104.3200000000
2005-01-11T00:00:00Z,103.4200000000
2005-01-12T00:00:00Z,102.2600000000
2005-01-13T00:00:00Z,102.5500000000
2005-01-14T00:00:00Z,102.5000000000
2005-01-18T00:00:00Z,102.3600000000
2005-01-19T00:00:00Z,102.5200000000
2005-01-20T00:00:00Z,103.3100000000
2005-01-21T00:00:00Z,102.8500000000
2005-01-24T00:00:00Z,102.6700000000
2005-01-25T00:00:00Z,104.1600000000
2005-01-26T00:00:00Z,102.9000000000
2005-01-27T00:00:00Z,103.1500000000
2005-01-28T00:00:00Z,103.4500000000
2005-01-31T00:00:00Z,103.5500000000
2005-02-01T00:00:00Z,103.9300000000
2005-02-02T00:00:00Z,104.0500000000
2005-02-03T00:00:00Z,104.5500000000
2005-02-04T00:00:00Z,103.7000000000
2005-02-07T00:00:00Z,104.6800000000
2005-02-08T00:00:00Z,105.6500000000
2005-02-09T00:00:00Z,105.8400000000
2005-02-10T00:00:00Z,105.6900000000
2005-02-11T00:00:00Z,105.7500000000
2005-02-14T00:00:00Z,104.9400000000
2005-02-15T00:00:00Z,104.4700000000
2005-02-16T00:00:00Z,105.6200000000
2005-02-17T00:00:00Z,105.4000000000
2005-02-18T00:00:00Z,105.6900000000
2005-02-22T00:00:00Z,104.1500000000
2005-02-23T00:00:00Z,104.9600000000
2005-02-24T00:00:00Z,105.4100000000
2005-02-25T00:00:00Z,105.2100000000
2005-02-28T00:00:00Z,104.2500000000
2005-03-01T00:00:00Z,104.3700000000
2005-03-02T00:00:00Z,104.7100000000
2005-03-03T00:00:00Z,105.0200000000
2005-03-04T00:00:00Z,104.4600000000
2005-03-07T00:00:00Z,105.2200000000
2005-03-08T00:00:00Z,104.5100000000
2005-03-09T00:00:00Z,103.8700000000
2005-03-10T00:00:00Z,104.1500000000
2005-03-11T00:00:00Z,103.9300000000
2005-03-14T00:00:00Z,105.0100000000
2005-03-15T00:00:00Z,104.5400000000
2005-03-16T00:00:00Z,104.1000000000
2005-03-17T00:00:00Z,104.5700000000
2005-03-18T00:00:00Z,104.7000000000
2005-03-21T00:00:00Z,105.1000000000
2005-03-22T00:00:00Z,104.9900000000
2005-03-23T00:00:00Z,105.7600000000
2005-03-24T00:00:00Z,106.2600000000
2005-03-25T00:00:00Z,106.3200000000
2005-03-28T00:00:00Z,107.2200000000
2005-03-29T00:00:00Z,107.4900000000
2005-03-30T00:00:00Z,107.3300000000
2005-03-31T00:00:00Z,107.2200000000
2005-04-01T00:00:00Z,107.5700000000
2005-04-04T00:00:00Z,108.2800000000
2005-04-05T00:00:00Z,108.4300000000
2005-04-06T00:00:00Z,108.6700000000
2005-04-07T00:00:00Z,108.4400000000
2005-04-08T00:00:00Z,108.2600000000
2005-04-11T00:00:00Z,107.7900000000
2005-04-12T00:00:00Z,108.2600000000
2005-04-13T00:00:00Z,107.3200000000
2005-04-14T00:00:00Z,108.1800000000
2005-04-15T00:00:00Z,107.6500000000
2005-04-18T00:00:00Z,107.3900000000
2005-04-19T00:00:00Z,107.0200000000
2005-04-20T00:00:00Z,106.8200000000
2005-04-21T00:00:00Z,106.8500000000
2005-04-22T00:00:00Z,105.8500000000
2005-04-25T00:00:00Z,105.6700000000
2005-04-26T00:00:00Z,106.0300000000
2005-04-27T00:00:00Z,105.9800000000
2005-04-28T00:00:00Z,105.9700000000
2005-04-29T00:00:00Z,104.6400000000
2005-05-02T00:00:00Z,105.0700000000
2005-05-03T00:00:00Z,105.1600000000
2005-05-04T00:00:00Z,104.7700000000
2005-05-05T00:00:00Z,104.4100000000
2005-05-06T00:00:00Z,104.9300000000
2005-05-09T00:00:00Z,105.5400000000
2005-05-10T00:00:00Z,105.5300000000
2005-05-11T00:00:00Z,105.7400000000
2005-05-12T00:00:00Z,106.6800000000
2005-05-13T00:00:00Z,107.1400000000
2005-05-16T00:00:00Z,107.0200000000
2005-05-17T00:00:00Z,107.1500000000
2005-05-18T00:00:00Z,107.0500000000
2005-05-19T00:00:00Z,107.4300000000
2005-05-20T00:00:00Z,108.1700000000
2005-05-23T00:00:00Z,107.7200000000
2005-05-24T00:00:00Z,107.4600000000
2005-05-25T00:00:00Z,107.7300000000
2005-05-26T00:00:00Z,107.9500000000
2005-05-27T00:00:00Z,107.8800000000
2005-05-31T00:00:00Z,107.9700000000
2005-06-01T00:00:00Z,108.4200000000
2005-06-02T00:00:00Z,108.3100000000
2005-06-03T00:00:00Z,107.8400000000
2005-06-06T00:00:00Z,106.8600000000
2005-06-07T00:00:00Z,106.6400000000
2005-06-08T00:00:00Z,106.8900000000
2005-06-09T00:00:00Z,107.5200000000
2005-06-10T00:00:00Z,108.4500000000
2005-06-13T00:00:00Z,109.5800000000
2005-06-14T00:00:00Z,109.3800000000
2005-06-15T00:00:00Z,109.3400000000
2005-06-16T00:00:00Z,109.0800000000
2005-06-17T00:00:00Z,108.8300000000
2005-06-20T00:00:00Z,109.4200000000
2005-06-21T00:00:00Z,108.5200000000
2005-06-22T00:00:00Z,108.8900000000
2005-06-23T00:00:00Z,108.7900000000
2005-06-24T00:00:00Z,109.2200000000
2005-06-27T00:00:00Z,109.3900000000
2005-06-28T00:00:00Z,109.8900000000
2005-06-29T00:00:00Z,110.2700000000
2005-06-30T00:00:00Z,110.9100000000
2005-07-01T00:00:00Z,111.6800000000
2005-07-05T00:00:00Z,111.6100000000
2005-07-06T00:00:00Z,112.0700000000
2005-07-07T00:00:00Z,112.0800000000
2005-07-08T00:00:00Z,112.1700000000
2005-07-11T00:00:00Z,111.7600000000
2005-07-12T00:00:00Z,110.9400000000
2005-07-13T00:00:00Z,112.0800000000
2005-07-14T00:00:00Z,112.1400000000
2005-07-15T00:00:00Z,112.3200000000
2005-07-18T00:00:00Z,111.6200000000
2005-07-19T00:00:00Z,112.9500000000
2005-07-20T00:00:00Z,113.4200000000
2005-07-21T00:00:00Z,110.4700000000
2005-07-22T00:00:00Z,110.9800000000
2005-07-25T00:00:00Z,111.5900000000
2005-07-26T00:00:00Z,112.3000000000
2005-07-27T00:00:00Z,112.3000000000
2005-07-28T00:00:00Z,112.3400000000
2005-07-29T00:00:00Z,112.2500000000
2005-08-01T00:00:00Z,112.1200000000
2005-08-02T00:00:00Z,111.2800000000
2005-08-03T00:00:00Z,111.0500000000
2005-08-04T00:00:00Z,111.1700000000
2005-08-05T00:00:00Z,112.0900000000
2005-08-08T00:00:00Z,111.8700000000
2005-08-09T00:00:00Z,112.0700000000
2005-08-10T00:00:00Z,110.6700000000
2005-08-11T00:00:00Z,109.9200000000
2005-08-12T00:00:00Z,109.5500000000
2005-08-15T00:00:00Z,109.4000000000
2005-08-16T00:00:00Z,109.3700000000
2005-08-17T00:00:00Z,109.6300000000
2005-08-18T00:00:00Z,110.5400000000
2005-08-19T00:00:00Z,110.6800000000
2005-08-22T00:00:00Z,109.7500000000
2005-08-23T00:00:00Z,109.8300000000
2005-08-24T00:00:00Z,110.3500000000
2005-08-25T00:00:00Z,109.9000000000
2005-08-26T00:00:00Z,109.8500000000
2005-08-29T00:00:00Z,110.5300000000
2005-08-30T00:00:00Z,111.4900000000
2005-08-31T00:00:00Z,110.8400000000
2005-09-01T00:00:00Z,110.1600000000
2005-09-02T00:00:00Z,109.6600000000
2005-09-06T00:00:00Z,109.6700000000
2005-09-07T00:00:00Z,110.0600000000
2005-09-08T00:00:00Z,110.4900000000
2005-09-09T00:00:00Z,109.6900000000
2005-09-12T00:00:00Z,109.9100000000
2005-09-13T00:00:00Z,110.8500000000
2005-09-14T00:00:00Z,110.2700000000
2005-09-15T00:00:00Z,110.4800000000
2005-09-16T00:00:00Z,111.3800000000
2005-09-19T00:00:00Z,111.3000000000
2005-09-20T00:00:00Z,111.5400000000
2005-09-21T00:00:00Z,111.3300000000
2005-09-22T00:00:00Z,111.6300000000
2005-09-23T00:00:00Z,112.1700000000
2005-09-26T00:00:00Z,112.4100000000
2005-09-27T00:00:00Z,113.3200000000
2005-09-28T00:00:00Z,113.2700000000
2005-09-29T00:00:00Z,113.1400000000
2005-09-30T00:00:00Z,113.2900000000
2005-10-03T00:00:00Z,114.1700000000
2005-10-04T00:00:00Z,114.3300000000
2005-10-05T00:00:00Z,113.7200000000
2005-10-06T00:00:00Z,113.5400000000
2005-10-07T00:00:00Z,113.8200000000
2005-10-11T00:00:00Z,114.2100000000
2005-10-12T00:00:00Z,114.3600000000
2005-10-13T00:00:00Z,114.9700000000
2005-10-14T00:00:00Z,114.0300000000
2005-10-17T00:00:00Z,114.8600000000
2005-10-18T00:00:00Z,115.7100000000
2005-10-19T00:00:00Z,115.4700000000
2005-10-20T00:00:00Z,115.4800000000
2005-10-21T00:00:00Z,115.9300000000
2005-10-24T00:00:00Z,115.1800000000
2005-10-25T00:00:00Z,114.7800000000
2005-10-26T00:00:00Z,115.8100000000
2005-10-27T00:00:00Z,115.1400000000
2005-10-28T00:00:00Z,115.5200000000
2005-10-31T00:00:00Z,116.3600000000
2005-11-01T00:00:00Z,116.6300000000
2005-11-02T00:00:00Z,116.7600000000
2005-11-03T00:00:00Z,117.2100000000
2005-11-04T00:00:00Z,118.2000000000
2005-11-07T00:00:00Z,117.5700000000
2005-11-08T00:00:00Z,117.1000000000
2005-11-09T00:00:00Z,117.5100000000
2005-11-10T00:00:00Z,118.0500000000
2005-11-14T00:00:00Z,118.8800000000
2005-11-15T00:00:00Z,118.9300000000
2005-11-16T00:00:00Z,119.1700000000
2005-11-17T00:00:00Z,118.8100000000
2005-11-18T00:00:00Z,119.2100000000
2005-11-21T00:00:00Z,119.0300000000
2005-11-22T00:00:00Z,119.2200000000
2005-11-23T00:00:00Z,118.7600000000
2005-11-25T00:00:00Z,119.6500000000
2005-11-28T00:00:00Z,119.2500000000
2005-11-29T00:00:00Z,119.4800000000
2005-11-30T00:00:00Z,119.6600000000
2005-12-01T00:00:00Z,120.6200000000
2005-12-02T00:00:00Z,120.7700000000
2005-12-05T00:00:00Z,120.8300000000
2005-12-06T00:00:00Z,120.8200000000
2005-12-07T00:00:00Z,120.9300000000
2005-12-08T00:00:00Z,120.2700000000
2005-12-09T00:00:00Z,120.5400000000
2005-12-12T00:00:00Z,119.9000000000
2005-12-13T00:00:00Z,120.1100000000
2005-12-14T00:00:00Z,116.8100000000
2005-12-15T00:00:00Z,116.5500000000
2005-12-16T00:00:00Z,115.7800000000
2005-12-19T00:00:00Z,116.0100000000
2005-12-20T00:00:00Z,117.0100000000
2005-12-21T00:00:00Z,117.4000000000
2005-12-22T00:00:00Z,116.5500000000
2005-12-23T00:00:00Z,116.3800000000
2005-12-27T00:00:00Z,117.0700000000
2005-12-28T00:00:00Z,117.6200000000
2005-12-29T00:00:00Z,117.8600000000
2005-12-30T00:00:00Z,117.8800000000
2006-01-03T00:00:00Z,116.3400000000
2006-01-04T00:00:00Z,116.3100000000
2006-01-05T00:00:00Z,115.9600000000
2006-01-06T00:00:00Z,114.4500000000
2006-01-09T00:00:00Z,114.6600000000
2006-01-10T00:00:00Z,114.6400000000
2006-01-11T00:00:00Z,113.9600000000
2006-01-12T00:00:00Z,114.3100000000
2006-01-13T00:00:00Z,114.4300000000
2006-01-17T00:00:00Z,115.8300000000
2006-01-18T00:00:00Z,115.3500000000
2006-01-19T00:00:00Z,115.0700000000
2006-01-20T00:00:00Z,115.4200000000
2006-01-23T00:00:00Z,114.6700000000
2006-01-24T00:00:00Z,114.5400000000
2006-01-25T00:00:00Z,115.7300000000
2006-01-26T00:00:00Z,116.2700000000
2006-01-27T00:00:00Z,117.1600000000
2006-01-30T00:00:00Z,117.5500000000
2006-01-31T00:00:00Z,116.8800000000
2006-02-01T00:00:00Z,117.8500000000
2006-02-02T00:00:00Z,118.2600000000
2006-02-03T00:00:00Z,118.9500000000
2006-02-06T00:00:00Z,118.9400000000
2006-02-07T00:00:00Z,118.0100000000
2006-02-08T00:00:00Z,118.6900000000
2006-02-09T00:00:00Z,118.6600000000
2006-02-10T00:00:00Z,117.6400000000
2006-02-13T00:00:00Z,117.6300000000
2006-02-14T00:00:00Z,117.4300000000
2006-02-15T00:00:00Z,117.9300000000
2006-02-16T00:00:00Z,117.9100000000
2006-02-17T00:00:00Z,118.4300000000
2006-02-21T00:00:00Z,118.8500000000
2006-02-22T00:00:00Z,118.5100000000
2006-02-23T00:00:00Z,117.0000000000
2006-02-24T00:00:00Z,116.8700000000
2006-02-27T00:00:00Z,115.9700000000
2006-02-28T00:00:00Z,115.8200000000
2006-03-01T00:00:00Z,116.1800000000
2006-03-02T00:00:00Z,116.0700000000
2006-03-03T00:00:00Z,116.4600000000
2006-03-06T00:00:00Z,117.4600000000
2006-03-07T00:00:00Z,117.7600000000
2006-03-08T00:00:00Z,117.9000000000
2006-03-09T00:00:00Z,117.9600000000
2006-03-10T00:00:00Z,119.0700000000
2006-03-13T00:00:00Z,119.0100000000
2006-03-14T00:00:00Z,117.3600000000
2006-03-15T00:00:00Z,117.3000000000
2006-03-16T00:00:00Z,117.1300000000
2006-03-17T00:00:00Z,115.8900000000
2006-03-20T00:00:00Z,116.2500000000
2006-03-21T00:00:00Z,117.2300000000
2006-03-22T00:00:00Z,116.7200000000
2006-03-23T00:00:00Z,117.6000000000
2006-03-24T00:00:00Z,117.5000000000
2006-03-27T00:00:00Z,116.6200000000
2006-03-28T00:00:00Z,117.2300000000
2006-03-29T00:00:00Z,117.8000000000
2006-03-30T00:00:00Z,117.4100000000
2006-03-31T00:00:00Z,117.4800000000
2006-04-03T00:00:00Z,117.8200000000
2006-04-04T00:00:00Z,117.4400000000
2006-04-05T00:00:00Z,117.5900000000
2006-04-06T00:00:00Z,117.7200000000
2006-04-07T00:00:00Z,118.3100000000
2006-04-10T00:00:00Z,118.6600000000
2006-04-11T00:00:00Z,118.6100000000
2006-04-12T00:00:00Z,118.4700000000
2006-04-13T00:00:00Z,118.4200000000
2006-04-14T00:00:00Z,118.6500000000
2006-04-17T00:00:00Z,117.6800000000
2006-04-18T00:00:00Z,117.7500000000
2006-04-19T00:00:00Z,117.5800000000
2006-04-20T00:00:00Z,117.4900000000
2006-04-21T00:00:00Z,116.9100000000
2006-04-24T00:00:00Z,114.9300000000
2006-04-25T00:00:00Z,114.8300000000
2006-04-26T00:00:00Z,114.7200000000
2006-04-27T00:00:00Z,114.0200000000
2006-04-28T00:00:00Z,113.7900000000
2006-05-01T00:00:00Z,113.0600000000
2006-05-02T00:00:00Z,113.2600000000
2006-05-03T00:00:00Z,113.4400000000
2006-05-04T00:00:00Z,113.4600000000
2006-05-05T00:00:00Z,112.4500000000
2006-05-08T00:00:00Z,111.5500000000
2006-05-09T00:00:00Z,111.3100000000
2006-05-10T00:00:00Z,110.5500000000
2006-05-11T00:00:00Z,110.2600000000
2006-05-12T00:00:00Z,110.4900000000
2006-05-15T00:00:00Z,110.2100000000
2006-05-16T00:00:00Z,110.0700000000
2006-05-17T00:00:00Z,110.6000000000
2006-05-18T00:00:00Z,110.8900000000
2006-05-19T00:00:00Z,111.7600000000
2006-05-22T00:00:00Z,111.6200000000
2006-05-23T00:00:00Z,111.3500000000
2006-05-24T00:00:00Z,112.8000000000
2006-05-25T00:00:00Z,111.9200000000
2006-05-26T00:00:00Z,112.5800000000
2006-05-30T00:00:00Z,112.1800000000
2006-05-31T00:00:00Z,112.2600000000
2006-06-01T00:00:00Z,112.4300000000
2006-06-02T00:00:00Z,111.6600000000
2006-06-05T00:00:00Z,111.7000000000
2006-06-06T00:00:00Z,113.2600000000
2006-06-07T00:00:00Z,113.3500000000
2006-06-08T00:00:00Z,114.2200000000
2006-06-09T00:00:00Z,113.8900000000
2006-06-12T00:00:00Z,114.1700000000
2006-06-13T00:00:00Z,115.0600000000
2006-06-14T00:00:00Z,114.8500000000
2006-06-15T00:00:00Z,115.0600000000
2006-06-16T00:00:00Z,115.1200000000
2006-06-19T00:00:00Z,115.2600000000
2006-06-20T00:00:00Z,115.0200000000
2006-06-21T00:00:00Z,114.7600000000
2006-06-22T00:00:00Z,115.9400000000
2006-06-23T00:00:00Z,116.2600000000
2006-06-26T00:00:00Z,116.3800000000
2006-06-27T00:00:00Z,116.2600000000
2006-06-28T00:00:00Z,116.4200000000
2006-06-29T00:00:00Z,116.1700000000
2006-06-30T00:00:00Z,114.5100000000
2006-07-03T00:00:00Z,114.9200000000
2006-07-05T00:00:00Z,115.6500000000
2006-07-06T00:00:00Z,115.1800000000
2006-07-07T00:00:00Z,113.9800000000
2006-07-10T00:00:00Z,113.9700000000
2006-07-11T00:00:00Z,114.1500000000
2006-07-12T00:00:00Z,115.4100000000
2006-07-13T00:00:00Z,115.4500000000
2006-07-14T00:00:00Z,116.3300000000
2006-07-17T00:00:00Z,117.0800000000
2006-07-18T00:00:00Z,117.4400000000
2006-07-19T00:00:00Z,117.0800000000
2006-07-20T00:00:00Z,116.8300000000
2006-07-21T00:00:00Z,116.3400000000
2006-07-24T00:00:00Z,116.6500000000
2006-07-25T00:00:00Z,117.3000000000
2006-07-26T00:00:00Z,116.8500000000
2006-07-27T00:00:00Z,115.5500000000
2006-07-28T00:00:00Z,114.7400000000
2006-07-31T00:00:00Z,114.4400000000
2006-08-01T00:00:00Z,114.9600000000
2006-08-02T00:00:00Z,114.5400000000
2006-08-03T00:00:00Z,115.2700000000
2006-08-04T00:00:00Z,114.2100000000
2006-08-07T00:00:00Z,114.8500000000
2006-08-08T00:00:00Z,115.0100000000
2006-08-09T00:00:00Z,115.1400000000
2006-08-10T00:00:00Z,115.5900000000
2006-08-11T00:00:00Z,116.1800000000
2006-08-14T00:00:00Z,116.5300000000
2006-08-15T00:00:00Z,115.9600000000
2006-08-16T00:00:00Z,115.7100000000
2006-08-17T00:00:00Z,115.4400000000
2006-08-18T00:00:00Z,115.7900000000
2006-08-21T00:00:00Z,115.8600000000
2006-08-22T00:00:00Z,116.6100000000
2006-08-23T00:00:00Z,116.4300000000
2006-08-24T00:00:00Z,116.3800000000
2006-08-25T00:00:00Z,117.3100000000
2006-08-28T00:00:00Z,117.1500000000
2006-08-29T00:00:00Z,116.9200000000
2006-08-30T00:00:00Z,117.0700000000
2006-08-31T00:00:00Z,117.3500000000
2006-09-01T00:00:00Z,117.2100000000
2006-09-05T00:00:00Z,116.0400000000
2006-09-06T00:00:00Z,116.7300000000
2006-09-07T00:00:00Z,116.3000000000
2006-09-08T00:00:00Z,116.8900000000
2006-09-11T00:00:00Z,117.5700000000
2006-09-12T00:00:00Z,117.8200000000
2006-09-13T00:00:00Z,117.4700000000
2006-09-14T00:00:00Z,117.4700000000
2006-09-15T00:00:00Z,117.7200000000
2006-09-18T00:00:00Z,118.0200000000
2006-09-19T00:00:00Z,117.6000000000
2006-09-20T00:00:00Z,117.2900000000
2006-09-21T00:00:00Z,116.7600000000
2006-09-22T00:00:00Z,116.4500000000
2006-09-25T00:00:00Z,116.4300000000
2006-09-26T00:00:00Z,117.1600000000
2006-09-27T00:00:00Z,117.5300000000
2006-09-28T00:00:00Z,117.8400000000
2006-09-29T00:00:00Z,117.9900000000
2006-10-02T00:00:00Z,117.6600000000
2006-10-03T00:00:00Z,117.8400000000
2006-10-04T00:00:00Z,118.0200000000
2006-10-05T00:00:00Z,117.6900000000
2006-10-06T00:00:00Z,118.8900000000
2006-10-10T00:00:00Z,119.6800000000
2006-10-11T00:00:00Z,119.4900000000
2006-10-12T00:00:00Z,119.5300000000
2006-10-13T00:00:00Z,119.8100000000
2006-10-16T00:00:00Z,119.2500000000
2006-10-17T00:00:00Z,118.6300000000
2006-10-18T00:00:00Z,119.0900000000
2006-10-19T00:00:00Z,118.3500000000
2006-10-20T00:00:00Z,118.7300000000
2006-10-23T00:00:00Z,119.3200000000
2006-10-24T00:00:00Z,119.2500000000
2006-10-25T00:00:00Z,119.1300000000
2006-10-26T00:00:00Z,118.6200000000
2006-10-27T00:00:00Z,117.6100000000
2006-10-30T00:00:00Z,117.3800000000
2006-10-31T00:00:00Z,116.8200000000
2006-11-01T00:00:00Z,117.0100000000
2006-11-02T00:00:00Z,117.1200000000
2006-11-03T00:00:00Z,118.0600000000
2006-11-06T00:00:00Z,118.4000000000
2006-11-07T00:00:00Z,117.4400000000
2006-11-08T00:00:00Z,117.7400000000
2006-11-09T00:00:00Z,117.9200000000
2006-11-10T00:00:00Z,117.4700000000
2006-11-13T00:00:00Z,118.1400000000
2006-11-14T00:00:00Z,117.7200000000
2006-11-15T00:00:00Z,118.0600000000
2006-11-16T00:00:00Z,118.1200000000
2006-11-17T00:00:00Z,117.7300000000
2006-11-20T00:00:00Z,118.1600000000
2006-11-21T00:00:00Z,118.0000000000
2006-11-22T00:00:00Z,116.6100000000
2006-11-24T00:00:00Z,115.9300000000
2006-11-27T00:00:00Z,116.1200000000
2006-11-28T00:00:00Z,116.1400000000
2006-11-29T00:00:00Z,116.2900000000
2006-11-30T00:00:00Z,115.5500000000
2006-12-01T00:00:00Z,115.3300000000
2006-12-04T00:00:00Z,115.3700000000
2006-12-05T00:00:00Z,114.9800000000
2006-12-06T00:00:00Z,115.0700000000
2006-12-07T00:00:00Z,115.1300000000
2006-12-08T00:00:00Z,116.2300000000
2006-12-11T00:00:00Z,117.0200000000
2006-12-12T00:00:00Z,117.1500000000
2006-12-13T00:00:00Z,117.4300000000
2006-12-14T00:00:00Z,117.6100000000
2006-12-15T00:00:00Z,117.8400000000
2006-12-18T00:00:00Z,118.1400000000
2006-12-19T00:00:00Z,117.9300000000
2006-12-20T00:00:00Z,118.3900000000
2006-12-21T00:00:00Z,118.2600000000
2006-12-22T00:00:00Z,118.9000000000
2006-12-26T00:00:00Z,118.9300000000
2006-12-27T00:00:00Z,118.7600000000
2006-12-28T00:00:00Z,118.9500000000
2006-12-29T00:00:00Z,119.0200000000
2007-01-02T00:00:00Z,118.8300000000
2007-01-03T00:00:00Z,119.5800000000
2007-01-04T00:00:00Z,119.2800000000
2007-01-05T00:00:00Z,118.7700000000
2007-01-08T00:00:00Z,118.4900000000
2007-01-09T00:00:00Z,119.4500000000
2007-01-10T00:00:00Z,119.5200000000
2007-01-11T00:00:00Z,120.4900000000
2007-01-12T00:00:00Z,120.3600000000
2007-01-16T00:00:00Z,120.6400000000
2007-01-17T00:00:00Z,120.5400000000
2007-01-18T00:00:00Z,121.3200000000
2007-01-19T00:00:00Z,121.2200000000
2007-01-22T00:00:00Z,121.5600000000
2007-01-23T00:00:00Z,121.5400000000
2007-01-24T00:00:00Z,120.7700000000
2007-01-25T00:00:00Z,120.9700000000
2007-01-26T00:00:00Z,121.5300000000
2007-01-29T00:00:00Z,121.8100000000
2007-01-30T00:00:00Z,121.7000000000
2007-01-31T00:00:00Z,121.0200000000
2007-02-01T00:00:00Z,120.6700000000
2007-02-02T00:00:00Z,121.0200000000
2007-02-05T00:00:00Z,120.3400000000
2007-02-06T00:00:00Z,120.3500000000
2007-02-07T00:00:00Z,120.6500000000
2007-02-08T00:00:00Z,121.1900000000
2007-02-09T00:00:00Z,121.5900000000
2007-02-12T00:00:00Z,121.7700000000
2007-02-13T00:00:00Z,121.2400000000
2007-02-14T00:00:00Z,120.8000000000
2007-02-15T00:00:00Z,119.4900000000
2007-02-16T00:00:00Z,119.2300000000
2007-02-20T00:00:00Z,120.1000000000
2007-02-21T00:00:00Z,120.9900000000
2007-02-22T00:00:00Z,121.3000000000
2007-02-23T00:00:00Z,121.1000000000
2007-02-26T00:00:00Z,120.7600000000
2007-02-27T00:00:00Z,118.6700000000
2007-02-28T00:00:00Z,118.3300000000
2007-03-01T00:00:00Z,117.5300000000
2007-03-02T00:00:00Z,116.8200000000
2007-03-05T00:00:00Z,116.0100000000
2007-03-06T00:00:00Z,116.5000000000
2007-03-07T00:00:00Z,116.4100000000
2007-03-08T00:00:00Z,117.3500000000
2007-03-09T00:00:00Z,118.1500000000
2007-03-12T00:00:00Z,117.5100000000
2007-03-13T00:00:00Z,116.9600000000
2007-03-14T00:00:00Z,116.3300000000
2007-03-15T00:00:00Z,117.2600000000
2007-03-16T00:00:00Z,116.7700000000
2007-03-19T00:00:00Z,117.5800000000
2007-03-20T00:00:00Z,117.3200000000
2007-03-21T00:00:00Z,117.8300000000
2007-03-22T00:00:00Z,117.7900000000
2007-03-23T00:00:00Z,117.8200000000
2007-03-26T00:00:00Z,117.8400000000
2007-03-27T00:00:00Z,117.8000000000
2007-03-28T00:00:00Z,116.8300000000
2007-03-29T00:00:00Z,117.7500000000
2007-03-30T00:00:00Z,117.5600000000
2007-04-02T00:00:00Z,117.6900000000
2007-04-03T00:00:00Z,118.8300000000
2007-04-04T00:00:00Z,118.7200000000
2007-04-05T00:00:00Z,118.6600000000
2007-04-06T00:00:00Z,119.3300000000
2007-04-09T00:00:00Z,119.2800000000
2007-04-10T00:00:00Z,119.0700000000
2007-04-11T00:00:00Z,119.3600000000
2007-04-12T00:00:00Z,118.9900000000
2007-04-13T00:00:00Z,119.2700000000
2007-04-16T00:00:00Z,119.8400000000
2007-04-17T00:00:00Z,118.9600000000
2007-04-18T00:00:00Z,118.2700000000
2007-04-19T00:00:00Z,118.3600000000
2007-04-20T00:00:00Z,118.8100000000
2007-04-23T00:00:00Z,118.4700000000
2007-04-24T00:00:00Z,118.5200000000
2007-04-25T00:00:00Z,118.6200000000
2007-04-26T00:00:00Z,119.5000000000
2007-04-27T00:00:00Z,119.5900000000
2007-04-30T00:00:00Z,119.4400000000
2007-05-01T00:00:00Z,119.7700000000
2007-05-02T00:00:00Z,120.0500000000
2007-05-03T00:00:00Z,120.3300000000
2007-05-04T00:00:00Z,120.1600000000
2007-05-07T00:00:00Z,119.9600000000
2007-05-08T00:00:00Z,119.8900000000
2007-05-09T00:00:00Z,119.8000000000
2007-05-10T00:00:00Z,120.3700000000
2007-05-11T00:00:00Z,120.1900000000
2007-05-14T00:00:00Z,120.3700000000
2007-05-15T00:00:00Z,120.2200000000
2007-05-16T00:00:00Z,120.7400000000
2007-05-17T00:00:00Z,121.3000000000
2007-05-18T00:00:00Z,121.0900000000
2007-05-21T00:00:00Z,121.5700000000
2007-05-22T00:00:00Z,121.4700000000
2007-05-23T00:00:00Z,121.5200000000
2007-05-24T00:00:00Z,121.4600000000
2007-05-25T00:00:00Z,121.7200000000
2007-05-29T00:00:00Z,121.7900000000
2007-05-30T00:00:00Z,121.4800000000
2007-05-31T00:00:00Z,121.7600000000
2007-06-01T00:00:00Z,122.1000000000
2007-06-04T00:00:00Z,121.7200000000
2007-06-05T00:00:00Z,121.4900000000
2007-06-06T00:00:00Z,121.0800000000
2007-06-07T00:00:00Z,121.3400000000
2007-06-08T00:00:00Z,121.6200000000
2007-06-11T00:00:00Z,121.7800000000
2007-06-12T00:00:00Z,121.7600000000
2007-06-13T00:00:00Z,122.3700000000
2007-06-14T00:00:00Z,122.9700000000
2007-06-15T00:00:00Z,123.5500000000
2007-06-18T00:00:00Z,123.6700000000
2007-06-19T00:00:00Z,123.3900000000
2007-06-20T00:00:00Z,123.6000000000
2007-06-21T00:00:00Z,123.6800000000
2007-06-22T00:00:00Z,124.0900000000
2007-06-25T00:00:00Z,123.8400000000
2007-06-26T00:00:00Z,123.4900000000
2007-06-27T00:00:00Z,122.5200000000
2007-06-28T00:00:00Z,123.0100000000
2007-06-29T00:00:00Z,123.3900000000
2007-07-02T00:00:00Z,122.3200000000
2007-07-03T00:00:00Z,122.4000000000
2007-07-05T00:00:00Z,122.8200000000
2007-07-06T00:00:00Z,123.2700000000
2007-07-09T00:00:00Z,123.3400000000
2007-07-10T00:00:00Z,122.1900000000
2007-07-11T00:00:00Z,122.1300000000
2007-07-12T00:00:00Z,122.5000000000
2007-07-13T00:00:00Z,121.9900000000
2007-07-16T00:00:00Z,121.9000000000
2007-07-17T00:00:00Z,122.3600000000
2007-07-18T00:00:00Z,121.8300000000
2007-07-19T00:00:00Z,122.0600000000
2007-07-20T00:00:00Z,121.1500000000
2007-07-23T00:00:00Z,121.3100000000
2007-07-24T00:00:00Z,120.5700000000
2007-07-25T00:00:00Z,120.3300000000
2007-07-26T00:00:00Z,119.1400000000
2007-07-27T00:00:00Z,118.5600000000
2007-07-30T00:00:00Z,118.4100000000
2007-07-31T00:00:00Z,119.1300000000
2007-08-01T00:00:00Z,118.7100000000
2007-08-02T00:00:00Z,119.3500000000
2007-08-03T00:00:00Z,118.4300000000
2007-08-06T00:00:00Z,118.0400000000
2007-08-07T00:00:00Z,118.4800000000
2007-08-08T00:00:00Z,119.7600000000
2007-08-09T00:00:00Z,118.6900000000
2007-08-10T00:00:00Z,118.0000000000
2007-08-13T00:00:00Z,118.4700000000
2007-08-14T00:00:00Z,118.2100000000
2007-08-15T00:00:00Z,117.1900000000
2007-08-16T00:00:00Z,114.0300000000
2007-08-17T00:00:00Z,113.8100000000
2007-08-20T00:00:00Z,114.4900000000
2007-08-21T00:00:00Z,114.4200000000
2007-08-22T00:00:00Z,114.9500000000
2007-08-23T00:00:00Z,115.8100000000
2007-08-24T00:00:00Z,116.1200000000
2007-08-27T00:00:00Z,116.0500000000
2007-08-28T00:00:00Z,114.7000000000
2007-08-29T00:00:00Z,115.5200000000
2007-08-30T00:00:00Z,115.8100000000
2007-08-31T00:00:00Z,115.8300000000
2007-09-03T00:00:00Z,115.8300000000
2007-09-04T00:00:00Z,116.2100000000
2007-09-05T00:00:00Z,115.1500000000
2007-09-06T00:00:00Z,115.3300000000
2007-09-07T00:00:00Z,113.5700000000
2007-09-10T00:00:00Z,113.4300000000
2007-09-11T00:00:00Z,113.9700000000
2007-09-12T00:00:00Z,114.2400000000
2007-09-13T00:00:00Z,115.3700000000
2007-09-14T00:00:00Z,115.3100000000
2007-09-17T00:00:00Z,114.9300000000
2007-09-18T00:00:00Z,115.7500000000
2007-09-19T00:00:00Z,116.2100000000
2007-09-20T00:00:00Z,114.1800000000
2007-09-21T00:00:00Z,115.6000000000
2007-09-24T00:00:00Z,114.9200000000
2007-09-25T00:00:00Z,114.4800000000
2007-09-26T00:00:00Z,115.6600000000
2007-09-27T00:00:00Z,115.7600000000
2007-09-28T00:00:00Z,114.9700000000
2007-10-01T00:00:00Z,115.9100000000
2007-10-02T00:00:00Z,115.8300000000
2007-10-03T00:00:00Z,116.7400000000
2007-10-04T00:00:00Z,116.5900000000
2007-10-05T00:00:00Z,116.8300000000
2007-10-08T00:00:00Z,116.8300000000
2007-10-09T00:00:00Z,116.9800000000
2007-10-10T00:00:00Z,117.1700000000
2007-10-11T00:00:00Z,117.7100000000
2007-10-12T00:00:00Z,117.5000000000
2007-10-15T00:00:00Z,117.3700000000
2007-10-16T00:00:00Z,116.6100000000
2007-10-17T00:00:00Z,116.6200000000
2007-10-18T00:00:00Z,115.6400000000
2007-10-19T00:00:00Z,115.1500000000
2007-10-22T00:00:00Z,114.0700000000
2007-10-23T00:00:00Z,114.6500000000
2007-10-24T00:00:00Z,113.9400000000
2007-10-25T00:00:00Z,114.0900000000
2007-10-26T00:00:00Z,114.0100000000
2007-10-29T00:00:00Z,114.6900000000
2007-10-30T00:00:00Z,114.7200000000
2007-10-31T00:00:00Z,115.2700000000
2007-11-01T00:00:00Z,114.8700000000
2007-11-02T00:00:00Z,114.7400000000
2007-11-05T00:00:00Z,114.5400000000
2007-11-06T00:00:00Z,114.5100000000
2007-11-07T00:00:00Z,113.2900000000
2007-11-08T00:00:00Z,112.6600000000
2007-11-09T00:00:00Z,110.9000000000
2007-11-13T00:00:00Z,110.3100000000
2007-11-14T00:00:00Z,111.3800000000
2007-11-15T00:00:00Z,110.7800000000
2007-11-16T00:00:00Z,111.0500000000
2007-11-19T00:00:00Z,110.0500000000
2007-11-20T00:00:00Z,110.0500000000
2007-11-21T00:00:00Z,108.5400000000
2007-11-22T00:00:00Z,108.5400000000
2007-11-23T00:00:00Z,108.1700000000
2007-11-26T00:00:00Z,108.1700000000
2007-11-27T00:00:00Z,108.6400000000
2007-11-28T00:00:00Z,110.3800000000
2007-11-29T00:00:00Z,109.9400000000
2007-11-30T00:00:00Z,111.0200000000
2007-12-03T00:00:00Z,110.4400000000
2007-12-04T00:00:00Z,109.6800000000
2007-12-05T00:00:00Z,110.8500000000
2007-12-06T00:00:00Z,111.0500000000
2007-12-07T00:00:00Z,111.7200000000
2007-12-10T00:00:00Z,111.6000000000
2007-12-11T00:00:00Z,111.7700000000
2007-12-12T00:00:00Z,112.3600000000
2007-12-13T00:00:00Z,112.2600000000
2007-12-14T00:00:00Z,113.3500000000
2007-12-17T00:00:00Z,113.2000000000
2007-12-18T00:00:00Z,113.1700000000
2007-12-19T00:00:00Z,113.4400000000
2007-12-20T00:00:00Z,112.9700000000
2007-12-21T00:00:00Z,113.9500000000
2007-12-24T00:00:00Z,114.4500000000
2007-12-26T00:00:00Z,114.0800000000
2007-12-27T00:00:00Z,114.0000000000
2007-12-28T00:00:00Z,112.9300000000
2007-12-31T00:00:00Z,111.7100000000
2008-01-02T00:00:00Z,109.7000000000
2008-01-03T00:00:00Z,109.5800000000
2008-01-04T00:00:00Z,108.3800000000
2008-01-07T00:00:00Z,109.1000000000
2008-01-08T00:00:00Z,109.2900000000
2008-01-09T00:00:00Z,109.4000000000
2008-01-10T00:00:00Z,109.3800000000
2008-01-11T00:00:00Z,109.1100000000
2008-01-14T00:00:00Z,108.1800000000
2008-01-15T00:00:00Z,107.0700000000
2008-01-16T00:00:00Z,107.2700000000
2008-01-17T00:00:00Z,107.0100000000
2008-01-18T00:00:00Z,106.8200000000
2008-01-22T00:00:00Z,106.7600000000
2008-01-23T00:00:00Z,105.4200000000
2008-01-24T00:00:00Z,106.6800000000
2008-01-25T00:00:00Z,107.3100000000
2008-01-28T00:00:00Z,106.6500000000
2008-01-29T00:00:00Z,107.0800000000
2008-01-30T00:00:00Z,107.2500000000
2008-01-31T00:00:00Z,106.7400000000
2008-02-01T00:00:00Z,106.3000000000
2008-02-04T00:00:00Z,106.7300000000
2008-02-05T00:00:00Z,106.9400000000
2008-02-06T00:00:00Z,106.7500000000
2008-02-07T00:00:00Z,106.8200000000
2008-02-08T00:00:00Z,107.3400000000
2008-02-11T00:00:00Z,106.6400000000
2008-02-12T00:00:00Z,107.4200000000
2008-02-13T00:00:00Z,108.1500000000
2008-02-14T00:00:00Z,107.9700000000
2008-02-15T00:00:00Z,107.6700000000
2008-02-19T00:00:00Z,107.5000000000
2008-02-20T00:00:00Z,107.9700000000
2008-02-21T00:00:00Z,107.6000000000
2008-02-22T00:00:00Z,106.9800000000
2008-02-25T00:00:00Z,107.8800000000
2008-02-26T00:00:00Z,107.7300000000
2008-02-27T00:00:00Z,106.3800000000
2008-02-28T00:00:00Z,105.6400000000
2008-02-29T00:00:00Z,104.1900000000
2008-03-03T00:00:00Z,103.5700000000
2008-03-04T00:00:00Z,102.6700000000
2008-03-05T00:00:00Z,103.9900000000
2008-03-06T00:00:00Z,103.1000000000
2008-03-07T00:00:00Z,102.6900000000
2008-03-10T00:00:00Z,101.8000000000
2008-03-11T00:00:00Z,102.8700000000
2008-03-12T00:00:00Z,102.3800000000
2008-03-13T00:00:00Z,100.5800000000
2008-03-14T00:00:00Z,100.2000000000
2008-03-17T00:00:00Z,96.8800000000
2008-03-18T00:00:00Z,98.2300000000
2008-03-19T00:00:00Z,99.3400000000
2008-03-20T00:00:00Z,98.7900000000
2008-03-21T00:00:00Z,99.4000000000
2008-03-24T00:00:00Z,100.7700000000
2008-03-25T00:00:00Z,100.0700000000
2008-03-26T00:00:00Z,99.1200000000
2008-03-27T00:00:00Z,99.8700000000
2008-03-28T00:00:00Z,99.7100000000
2008-03-31T00:00:00Z,99.8500000000
2008-04-01T00:00:00Z,101.7700000000
2008-04-02T00:00:00Z,102.7700000000
2008-04-03T00:00:00Z,102.2100000000
2008-04-04T00:00:00Z,101.7500000000
2008-04-07T00:00:00Z,102.6200000000
2008-04-08T00:00:00Z,102.5500000000
2008-04-09T00:00:00Z,101.8300000000
2008-04-10T00:00:00Z,101.7100000000
2008-04-11T00:00:00Z,101.0900000000
2008-04-14T00:00:00Z,100.8700000000
2008-04-15T00:00:00Z,101.3300000000
2008-04-16T00:00:00Z,101.4000000000
2008-04-17T00:00:00Z,102.2200000000
2008-04-18T00:00:00Z,104.5600000000
2008-04-21T00:00:00Z,103.3800000000
2008-04-22T00:00:00Z,102.7000000000
2008-04-23T00:00:00Z,103.5500000000
2008-04-24T00:00:00Z,104.2000000000
2008-04-25T00:00:00Z,104.1700000000
2008-04-28T00:00:00Z,104.3000000000
2008-04-29T00:00:00Z,103.4000000000
2008-04-30T00:00:00Z,104.5300000000
2008-05-01T00:00:00Z,104.0400000000
2008-05-02T00:00:00Z,105.3300000000
2008-05-05T00:00:00Z,105.1200000000
2008-05-06T00:00:00Z,104.5400000000
2008-05-07T00:00:00Z,105.2800000000
2008-05-08T00:00:00Z,103.8700000000
2008-05-09T00:00:00Z,103.0100000000
2008-05-12T00:00:00Z,103.8300000000
2008-05-13T00:00:00Z,104.4100000000
2008-05-14T00:00:00Z,105.2000000000
2008-05-15T00:00:00Z,104.6100000000
2008-05-16T00:00:00Z,103.8600000000
2008-05-19T00:00:00Z,104.5500000000
2008-05-20T00:00:00Z,103.6600000000
2008-05-21T00:00:00Z,103.3400000000
2008-05-22T00:00:00Z,104.0300000000
2008-05-23T00:00:00Z,103.2200000000
2008-05-27T00:00:00Z,103.9800000000
2008-05-28T00:00:00Z,104.6900000000
2008-05-29T00:00:00Z,105.5200000000
2008-05-30T00:00:00Z,105.4600000000
2008-06-02T00:00:00Z,104.4100000000
2008-06-03T00:00:00Z,105.2900000000
2008-06-04T00:00:00Z,104.9900000000
2008-06-05T00:00:00Z,106.0000000000
2008-06-06T00:00:00Z,105.3300000000
2008-06-09T00:00:00Z,106.0600000000
2008-06-10T00:00:00Z,107.1900000000
2008-06-11T00:00:00Z,106.7700000000
2008-06-12T00:00:00Z,107.9400000000
2008-06-13T00:00:00Z,107.9200000000
2008-06-16T00:00:00Z,108.1900000000
2008-06-17T00:00:00Z,108.0300000000
2008-06-18T00:00:00Z,108.0500000000
2008-06-19T00:00:00Z,107.9500000000
2008-06-20T00:00:00Z,107.4200000000
2008-06-23T00:00:00Z,107.8900000000
2008-06-24T00:00:00Z,107.7600000000
2008-06-25T00:00:00Z,108.2900000000
2008-06-26T00:00:00Z,107.2900000000
2008-06-27T00:00:00Z,106.2800000000
2008-06-30T00:00:00Z,106.1700000000
2008-07-01T00:00:00Z,105.7300000000
2008-07-02T00:00:00Z,105.8700000000
2008-07-03T00:00:00Z,106.7900000000
2008-07-07T00:00:00Z,107.5500000000
2008-07-08T00:00:00Z,107.3500000000
2008-07-09T00:00:00Z,107.1200000000
2008-07-10T00:00:00Z,107.0300000000
2008-07-11T00:00:00Z,106.1400000000
2008-07-14T00:00:00Z,106.1800000000
2008-07-15T00:00:00Z,104.7800000000
2008-07-16T00:00:00Z,104.6400000000
2008-07-17T00:00:00Z,105.8200000000
2008-07-18T00:00:00Z,106.7500000000
2008-07-21T00:00:00Z,106.7400000000
2008-07-22T00:00:00Z,107.1100000000
2008-07-23T00:00:00Z,107.6800000000
2008-07-24T00:00:00Z,107.6200000000
2008-07-25T00:00:00Z,107.8900000000
2008-07-28T00:00:00Z,107.4900000000
2008-07-29T00:00:00Z,108.1900000000
2008-07-30T00:00:00Z,108.1700000000
2008-07-31T00:00:00Z,108.1000000000
2008-08-01T00:00:00Z,107.5900000000
2008-08-04T00:00:00Z,108.2300000000
2008-08-05T00:00:00Z,108.2000000000
2008-08-06T00:00:00Z,109.3900000000
2008-08-07T00:00:00Z,109.4400000000
2008-08-08T00:00:00Z,110.0900000000
2008-08-11T00:00:00Z,110.0800000000
2008-08-12T00:00:00Z,109.7800000000
2008-08-13T00:00:00Z,108.7100000000
2008-08-14T00:00:00Z,109.7500000000
2008-08-15T00:00:00Z,110.4800000000
2008-08-18T00:00:00Z,110.0700000000
2008-08-19T00:00:00Z,109.6800000000
2008-08-20T00:00:00Z,109.9800000000
2008-08-21T00:00:00Z,108.3500000000
2008-08-22T00:00:00Z,109.8800000000
2008-08-25T00:00:00Z,109.1100000000
2008-08-26T00:00:00Z,109.8300000000
2008-08-27T00:00:00Z,109.7200000000
2008-08-28T00:00:00Z,109.5600000000
2008-08-29T00:00:00Z,108.6900000000
2008-09-02T00:00:00Z,108.8500000000
2008-09-03T00:00:00Z,108.1800000000
2008-09-04T00:00:00Z,107.7600000000
2008-09-05T00:00:00Z,106.9600000000
2008-09-08T00:00:00Z,107.9100000000
2008-09-09T00:00:00Z,107.1000000000
2008-09-10T00:00:00Z,107.8600000000
2008-09-11T00:00:00Z,106.6600000000
2008-09-12T00:00:00Z,107.5100000000
2008-09-15T00:00:00Z,105.6700000000
2008-09-16T00:00:00Z,105.1100000000
2008-09-17T00:00:00Z,104.7100000000
2008-09-18T00:00:00Z,104.8500000000
2008-09-19T00:00:00Z,107.1800000000
2008-09-22T00:00:00Z,106.3500000000
2008-09-23T00:00:00Z,105.8000000000
2008-09-24T00:00:00Z,106.0300000000
2008-09-25T00:00:00Z,106.4800000000
2008-09-26T00:00:00Z,106.0600000000
2008-09-29T00:00:00Z,105.1000000000
2008-09-30T00:00:00Z,105.9400000000
2008-10-01T00:00:00Z,106.0600000000
2008-10-02T00:00:00Z,105.3000000000
2008-10-03T00:00:00Z,105.7600000000
2008-10-06T00:00:00Z,101.2600000000
2008-10-07T00:00:00Z,102.3000000000
2008-10-08T00:00:00Z,99.7300000000
2008-10-09T00:00:00Z,100.6700000000
2008-10-10T00:00:00Z,99.4400000000
2008-10-14T00:00:00Z,102.1700000000
2008-10-15T00:00:00Z,101.4700000000
2008-10-16T00:00:00Z,100.4600000000
2008-10-17T00:00:00Z,101.4000000000
2008-10-20T00:00:00Z,101.7400000000
2008-10-21T00:00:00Z,100.4300000000
2008-10-22T00:00:00Z,98.6300000000
2008-10-23T00:00:00Z,97.6000000000
2008-10-24T00:00:00Z,92.6400000000
2008-10-27T00:00:00Z,93.2800000000
2008-10-28T00:00:00Z,95.6800000000
2008-10-29T00:00:00Z,97.4800000000
2008-10-30T00:00:00Z,97.4700000000
2008-10-31T00:00:00Z,98.2800000000
2008-11-03T00:00:00Z,98.9500000000
2008-11-04T00:00:00Z,100.4800000000
2008-11-05T00:00:00Z,98.9500000000
2008-11-06T00:00:00Z,98.0400000000
2008-11-07T00:00:00Z,98.1500000000
2008-11-10T00:00:00Z,97.9600000000
2008-11-12T00:00:00Z,95.5400000000
2008-11-13T00:00:00Z,95.9500000000
2008-11-14T00:00:00Z,96.6600000000
2008-11-17T00:00:00Z,97.0300000000
2008-11-18T00:00:00Z,97.3800000000
2008-11-19T00:00:00Z,96.7500000000
2008-11-20T00:00:00Z,94.9800000000
2008-11-21T00:00:00Z,95.4200000000
2008-11-24T00:00:00Z,96.6900000000
2008-11-25T00:00:00Z,95.5300000000
2008-11-26T00:00:00Z,95.4600000000
2008-11-28T00:00:00Z,95.4600000000
2008-12-01T00:00:00Z,93.7100000000
2008-12-02T00:00:00Z,93.6400000000
2008-12-03T00:00:00Z,93.2500000000
2008-12-04T00:00:00Z,92.7800000000
2008-12-05T00:00:00Z,92.1800000000
2008-12-08T00:00:00Z,92.7700000000
2008-12-09T00:00:00Z,92.4400000000
2008-12-10T00:00:00Z,92.9400000000
2008-12-11T00:00:00Z,91.9600000000
2008-12-12T00:00:00Z,91.2600000000
2008-12-15T00:00:00Z,90.6800000000
2008-12-16T00:00:00Z,89.9800000000
2008-12-17T00:00:00Z,87.8400000000
2008-12-18T00:00:00Z,89.8100000000
2008-12-19T00:00:00Z,89.4800000000
2008-12-22T00:00:00Z,90.0700000000
2008-12-23T00:00:00Z,90.5700000000
2008-12-24T00:00:00Z,90.6800000000
2008-12-26T00:00:00Z,90.6500000000
2008-12-29T00:00:00Z,90.2000000000
2008-12-30T00:00:00Z,90.3700000000
2008-12-31T00:00:00Z,90.7900000000
2009-01-02T00:00:00Z,91.1200000000
2009-01-05T00:00:00Z,93.2000000000
2009-01-06T00:00:00Z,94.2000000000
2009-01-07T00:00:00Z,92.7000000000
2009-01-08T00:00:00Z,91.1500000000
2009-01-09T00:00:00Z,90.2500000000
2009-01-12T00:00:00Z,88.9200000000
2009-01-13T00:00:00Z,89.6500000000
2009-01-14T00:00:00Z,89.2800000000
2009-01-15T00:00:00Z,89.5900000000
2009-01-16T00:00:00Z,90.2900000000
2009-01-20T00:00:00Z,90.1900000000
2009-01-21T00:00:00Z,87.8000000000
2009-01-22T00:00:00Z,88.6400000000
2009-01-23T00:00:00Z,88.7200000000
2009-01-26T00:00:00Z,89.2500000000
2009-01-27T00:00:00Z,88.9900000000
2009-01-28T00:00:00Z,88.8700000000
2009-01-29T00:00:00Z,89.7700000000
2009-01-30T00:00:00Z,89.8300000000
2009-02-02T00:00:00Z,89.8600000000
2009-02-03T00:00:00Z,89.0900000000
2009-02-04T00:00:00Z,89.5300000000
2009-02-05T00:00:00Z,91.0100000000
2009-02-06T00:00:00Z,91.9500000000
2009-02-09T00:00:00Z,91.4700000000
2009-02-10T00:00:00Z,90.6500000000
2009-02-11T00:00:00Z,90.6600000000
2009-02-12T00:00:00Z,90.5500000000
2009-02-13T00:00:00Z,91.8400000000
2009-02-17T00:00:00Z,92.1700000000
2009-02-18T00:00:00Z,93.8100000000
2009-02-19T00:00:00Z,94.0900000000
2009-02-20T00:00:00Z,93.8700000000
2009-02-23T00:00:00Z,94.6300000000
2009-02-24T00:00:00Z,96.6000000000
2009-02-25T00:00:00Z,97.3300000000
2009-02-26T00:00:00Z,98.5500000000
2009-02-27T00:00:00Z,97.7400000000
2009-03-02T00:00:00Z,97.1700000000
2009-03-03T00:00:00Z,98.1600000000
2009-03-04T00:00:00Z,99.3400000000
2009-03-05T00:00:00Z,98.3200000000
2009-03-06T00:00:00Z,97.8800000000
2009-03-09T00:00:00Z,98.8700000000
2009-03-10T00:00:00Z,98.3900000000
2009-03-11T00:00:00Z,97.7400000000
2009-03-12T00:00:00Z,97.8600000000
2009-03-13T00:00:00Z,98.0400000000
2009-03-16T00:00:00Z,98.1700000000
2009-03-17T00:00:00Z,98.8500000000
2009-03-18T00:00:00Z,98.0800000000
2009-03-19T00:00:00Z,93.8500000000
2009-03-20T00:00:00Z,96.1800000000
2009-03-23T00:00:00Z,97.3000000000
2009-03-24T00:00:00Z,97.8600000000
2009-03-25T00:00:00Z,97.7000000000
2009-03-26T00:00:00Z,98.4700000000
2009-03-27T00:00:00Z,97.9900000000
2009-03-30T00:00:00Z,97.4400000000
2009-03-31T00:00:00Z,99.1500000000
2009-04-01T00:00:00Z,98.9300000000
2009-04-02T00:00:00Z,99.4800000000
2009-04-03T00:00:00Z,99.9400000000
2009-04-06T00:00:00Z,100.6500000000
2009-04-07T00:00:00Z,100.7100000000
2009-04-08T00:00:00Z,99.9500000000
2009-04-09T00:00:00Z,100.4300000000
2009-04-10T00:00:00Z,100.3000000000
2009-04-13T00:00:00Z,100.1200000000
2009-04-14T00:00:00Z,99.0800000000
2009-04-15T00:00:00Z,99.3700000000
2009-04-16T00:00:00Z,99.2900000000
2009-04-17T00:00:00Z,99.2100000000
2009-04-20T00:00:00Z,98.2900000000
2009-04-21T00:00:00Z,98.6000000000
2009-04-22T00:00:00Z,98.1400000000
2009-04-23T00:00:00Z,97.8800000000
2009-04-24T00:00:00Z,97.0800000000
2009-04-27T00:00:00Z,96.5700000000
2009-04-28T00:00:00Z,96.4900000000
2009-04-29T00:00:00Z,96.9700000000
2009-04-30T00:00:00Z,98.7600000000
2009-05-01T00:00:00Z,99.2400000000
2009-05-04T00:00:00Z,99.1200000000
2009-05-05T00:00:00Z,98.7600000000
2009-05-06T00:00:00Z,98.6000000000
2009-05-07T00:00:00Z,99.0000000000
2009-05-08T00:00:00Z,99.0100000000
2009-05-11T00:00:00Z,97.4500000000
2009-05-12T00:00:00Z,96.5900000000
2009-05-13T00:00:00Z,95.7500000000
2009-05-14T00:00:00Z,95.6200000000
2009-05-15T00:00:00Z,94.8900000000
2009-05-18T00:00:00Z,96.0500000000
2009-05-19T00:00:00Z,96.1000000000
2009-05-20T00:00:00Z,95.1600000000
2009-05-21T00:00:00Z,94.9700000000
2009-05-22T00:00:00Z,94.4500000000
2009-05-26T00:00:00Z,94.8100000000
2009-05-27T00:00:00Z,95.0100000000
2009-05-28T00:00:00Z,96.7600000000
2009-05-29T00:00:00Z,95.5500000000
2009-06-01T00:00:00Z,96.5300000000
2009-06-02T00:00:00Z,95.7200000000
2009-06-03T00:00:00Z,95.7200000000
2009-06-04T00:00:00Z,96.3700000000
2009-06-05T00:00:00Z,98.1800000000
2009-06-08T00:00:00Z,98.5600000000
2009-06-09T00:00:00Z,97.6000000000
2009-06-10T00:00:00Z,98.1300000000
2009-06-11T00:00:00Z,97.8300000000
2009-06-12T00:00:00Z,98.1700000000
2009-06-15T00:00:00Z,98.0300000000
2009-06-16T00:00:00Z,96.2600000000
2009-06-17T00:00:00Z,95.6500000000
2009-06-18T00:00:00Z,96.3600000000
2009-06-19T00:00:00Z,96.1500000000
2009-06-22T00:00:00Z,95.9000000000
2009-06-23T00:00:00Z,95.3200000000
2009-06-24T00:00:00Z,95.3800000000
2009-06-25T00:00:00Z,96.2100000000
2009-06-26T00:00:00Z,95.1900000000
2009-06-29T00:00:00Z,95.8400000000
2009-06-30T00:00:00Z,96.4200000000
2009-07-01T00:00:00Z,96.4100000000
2009-07-02T00:00:00Z,95.9000000000
2009-07-03T00:00:00Z,95.9500000000
2009-07-06T00:00:00Z,95.0000000000
2009-07-07T00:00:00Z,95.1100000000
2009-07-08T00:00:00Z,92.9000000000
2009-07-09T00:00:00Z,92.7900000000
2009-07-10T00:00:00Z,92.3300000000
2009-07-13T00:00:00Z,92.7400000000
2009-07-14T00:00:00Z,93.0300000000
2009-07-15T00:00:00Z,94.0900000000
2009-07-16T00:00:00Z,93.5900000000
2009-07-17T00:00:00Z,94.0800000000
2009-07-20T00:00:00Z,94.5200000000
2009-07-21T00:00:00Z,93.3600000000
2009-07-22T00:00:00Z,93.7700000000
2009-07-23T00:00:00Z,94.7500000000
2009-07-24T00:00:00Z,94.8600000000
2009-07-27T00:00:00Z,95.3200000000
2009-07-28T00:00:00Z,94.6000000000
2009-07-29T00:00:00Z,95.1300000000
2009-07-30T00:00:00Z,95.6700000000
2009-07-31T00:00:00Z,94.5400000000
2009-08-03T00:00:00Z,95.2300000000
2009-08-04T00:00:00Z,95.4100000000
2009-08-05T00:00:00Z,94.9800000000
2009-08-06T00:00:00Z,95.5600000000
2009-08-07T00:00:00Z,97.6500000000
2009-08-10T00:00:00Z,97.2300000000
2009-08-11T00:00:00Z,95.9400000000
2009-08-12T00:00:00Z,96.1600000000
2009-08-13T00:00:00Z,95.4600000000
2009-08-14T00:00:00Z,94.6400000000
2009-08-17T00:00:00Z,94.3300000000
2009-08-18T00:00:00Z,94.7200000000
2009-08-19T00:00:00Z,93.8700000000
2009-08-20T00:00:00Z,94.1200000000
2009-08-21T00:00:00Z,94.6000000000
2009-08-24T00:00:00Z,94.4700000000
2009-08-25T00:00:00Z,94.2800000000
2009-08-26T00:00:00Z,94.2500000000
2009-08-27T00:00:00Z,93.5700000000
2009-08-28T00:00:00Z,93.5500000000
2009-08-31T00:00:00Z,92.8200000000
2009-09-01T00:00:00Z,93.0900000000
2009-09-02T00:00:00Z,92.4300000000
2009-09-03T00:00:00Z,92.5400000000
2009-09-04T00:00:00Z,92.7500000000
2009-09-08T00:00:00Z,92.2100000000
2009-09-09T00:00:00Z,91.8500000000
2009-09-10T00:00:00Z,91.8600000000
2009-09-11T00:00:00Z,90.3000000000
2009-09-14T00:00:00Z,90.8500000000
2009-09-15T00:00:00Z,90.9500000000
2009-09-16T00:00:00Z,91.0000000000
2009-09-17T00:00:00Z,91.1500000000
2009-09-18T00:00:00Z,91.3100000000
2009-09-21T00:00:00Z,91.8700000000
2009-09-22T00:00:00Z,91.0800000000
2009-09-23T00:00:00Z,91.4500000000
2009-09-24T00:00:00Z,91.1600000000
2009-09-25T00:00:00Z,89.8300000000
2009-09-28T00:00:00Z,89.3400000000
2009-09-29T00:00:00Z,90.2600000000
2009-09-30T00:00:00Z,89.4900000000
2009-10-01T00:00:00Z,89.7300000000
2009-10-02T00:00:00Z,89.6200000000
2009-10-05T00:00:00Z,89.5600000000
2009-10-06T00:00:00Z,88.7700000000
2009-10-07T00:00:00Z,88.7600000000
2009-10-08T00:00:00Z,88.4400000000
2009-10-09T00:00:00Z,89.6900000000
2009-10-13T00:00:00Z,89.7100000000
2009-10-14T00:00:00Z,89.4400000000
2009-10-15T00:00:00Z,90.3900000000
2009-10-16T00:00:00Z,90.7300000000
2009-10-19T00:00:00Z,90.7200000000
2009-10-20T00:00:00Z,90.8300000000
2009-10-21T00:00:00Z,91.0400000000
2009-10-22T00:00:00Z,91.4200000000
2009-10-23T00:00:00Z,91.8800000000
2009-10-26T00:00:00Z,91.9600000000
2009-10-27T00:00:00Z,92.0400000000
2009-10-28T00:00:00Z,91.0700000000
2009-10-29T00:00:00Z,91.4100000000
2009-10-30T00:00:00Z,90.5000000000
2009-11-02T00:00:00Z,90.5600000000
2009-11-03T00:00:00Z,90.3000000000
2009-11-04T00:00:00Z,90.9600000000
2009-11-05T00:00:00Z,90.4500000000
2009-11-06T00:00:00Z,89.8600000000
2009-11-09T00:00:00Z,89.9200000000
2009-11-10T00:00:00Z,89.8200000000
2009-11-12T00:00:00Z,90.4000000000
2009-11-13T00:00:00Z,89.5500000000
2009-11-16T00:00:00Z,89.2800000000
2009-11-17T00:00:00Z,89.4100000000
2009-11-18T00:00:00Z,89.3600000000
2009-11-19T00:00:00Z,88.9500000000
2009-11-20T00:00:00Z,88.9000000000
2009-11-23T00:00:00Z,89.1400000000
2009-11-24T00:00:00Z,88.5800000000
2009-11-25T00:00:00Z,87.6500000000
2009-11-27T00:00:00Z,86.8700000000
2009-11-30T00:00:00Z,86.1200000000
2009-12-01T00:00:00Z,86.6200000000
2009-12-02T00:00:00Z,87.1300000000
2009-12-03T00:00:00Z,88.2000000000
2009-12-04T00:00:00Z,89.8700000000
2009-12-07T00:00:00Z,89.4400000000
2009-12-08T00:00:00Z,88.4100000000
2009-12-09T00:00:00Z,87.8300000000
2009-12-10T00:00:00Z,88.2000000000
2009-12-11T00:00:00Z,89.2300000000
2009-12-14T00:00:00Z,88.6500000000
2009-12-15T00:00:00Z,89.9100000000
2009-12-16T00:00:00Z,89.5200000000
2009-12-17T00:00:00Z,90.3500000000
2009-12-18T00:00:00Z,90.4700000000
2009-12-21T00:00:00Z,90.9500000000
2009-12-22T00:00:00Z,91.6700000000
2009-12-23T00:00:00Z,91.5200000000
2009-12-24T00:00:00Z,91.6900000000
2009-12-28T00:00:00Z,91.5700000000
2009-12-29T00:00:00Z,91.9500000000
2009-12-30T00:00:00Z,92.6600000000
2009-12-31T00:00:00Z,93.0800000000
2010-01-04T00:00:00Z,92.5500000000
2010-01-05T00:00:00Z,91.4800000000
2010-01-06T00:00:00Z,92.5300000000
2010-01-07T00:00:00Z,93.3100000000
2010-01-08T00:00:00Z,92.7000000000
2010-01-11T00:00:00Z,91.9000000000
2010-01-12T00:00:00Z,90.9500000000
2010-01-13T00:00:00Z,91.3800000000
2010-01-14T00:00:00Z,91.0300000000
2010-01-15T00:00:00Z,90.7900000000
2010-01-19T00:00:00Z,91.1300000000
2010-01-20T00:00:00Z,91.2300000000
2010-01-21T00:00:00Z,90.2500000000
2010-01-22T00:00:00Z,90.0700000000
2010-01-25T00:00:00Z,90.1200000000
2010-01-26T00:00:00Z,89.6300000000
2010-01-27T00:00:00Z,89.4100000000
2010-01-28T00:00:00Z,90.0800000000
2010-01-29T00:00:00Z,90.3800000000
2010-02-01T00:00:00Z,90.8000000000
2010-02-02T00:00:00Z,90.3900000000
2010-02-03T00:00:00Z,91.1100000000
2010-02-04T00:00:00Z,89.1100000000
2010-02-05T00:00:00Z,89.2500000000
2010-02-08T00:00:00Z,89.3200000000
2010-02-09T00:00:00Z,89.4500000000
2010-02-10T00:00:00Z,89.8800000000
2010-02-11T00:00:00Z,89.8200000000
2010-02-12T00:00:00Z,90.0000000000
2010-02-16T00:00:00Z,90.4600000000
2010-02-17T00:00:00Z,90.7900000000
2010-02-18T00:00:00Z,91.4300000000
2010-02-19T00:00:00Z,91.9400000000
2010-02-22T00:00:00Z,91.1100000000
2010-02-23T00:00:00Z,90.0400000000
2010-02-24T00:00:00Z,90.0600000000
2010-02-25T00:00:00Z,88.8500000000
2010-02-26T00:00:00Z,88.8400000000
2010-03-01T00:00:00Z,89.2800000000
2010-03-02T00:00:00Z,88.9500000000
2010-03-03T00:00:00Z,88.4300000000
2010-03-04T00:00:00Z,89.0200000000
2010-03-05T00:00:00Z,90.3200000000
2010-03-08T00:00:00Z,90.3000000000
2010-03-09T00:00:00Z,89.8900000000
2010-03-10T00:00:00Z,90.6200000000
2010-03-11T00:00:00Z,90.6000000000
2010-03-12T00:00:00Z,90.4600000000
2010-03-15T00:00:00Z,90.4500000000
2010-03-16T00:00:00Z,90.4300000000
2010-03-17T00:00:00Z,90.4200000000
2010-03-18T00:00:00Z,90.4600000000
2010-03-19T00:00:00Z,90.5000000000
2010-03-22T00:00:00Z,90.0200000000
2010-03-23T00:00:00Z,90.2400000000
2010-03-24T00:00:00Z,91.8900000000
2010-03-25T00:00:00Z,92.6900000000
2010-03-26T00:00:00Z,92.5600000000
2010-03-29T00:00:00Z,92.6500000000
2010-03-30T00:00:00Z,92.8900000000
2010-03-31T00:00:00Z,93.4000000000
2010-04-01T00:00:00Z,93.8300000000
2010-04-02T00:00:00Z,94.5100000000
2010-04-05T00:00:00Z,94.2800000000
2010-04-06T00:00:00Z,93.8100000000
2010-04-07T00:00:00Z,93.5900000000
2010-04-08T00:00:00Z,93.1600000000
2010-04-09T00:00:00Z,93.2800000000
2010-04-12T00:00:00Z,93.2100000000
2010-04-13T00:00:00Z,92.7800000000
2010-04-14T00:00:00Z,93.0100000000
2010-04-15T00:00:00Z,93.0400000000
2010-04-16T00:00:00Z,92.0300000000
2010-04-19T00:00:00Z,92.1800000000
2010-04-20T00:00:00Z,93.2800000000
2010-04-21T00:00:00Z,93.2400000000
2010-04-22T00:00:00Z,93.0100000000
2010-04-23T00:00:00Z,94.1800000000
2010-04-26T00:00:00Z,94.0600000000
2010-04-27T00:00:00Z,93.0100000000
2010-04-28T00:00:00Z,94.0700000000
2010-04-29T00:00:00Z,94.1600000000
2010-04-30T00:00:00Z,94.2400000000
2010-05-03T00:00:00Z,94.6800000000
2010-05-04T00:00:00Z,94.5800000000
2010-05-05T00:00:00Z,94.3000000000
2010-05-06T00:00:00Z,92.2200000000
2010-05-07T00:00:00Z,91.6700000000
2010-05-10T00:00:00Z,93.3900000000
2010-05-11T00:00:00Z,92.8300000000
2010-05-12T00:00:00Z,92.9300000000
2010-05-13T00:00:00Z,92.7000000000
2010-05-14T00:00:00Z,91.9400000000
2010-05-17T00:00:00Z,92.0800000000
2010-05-18T00:00:00Z,92.5200000000
2010-05-19T00:00:00Z,91.1600000000
2010-05-20T00:00:00Z,90.0700000000
2010-05-21T00:00:00Z,90.2100000000
2010-05-24T00:00:00Z,90.4900000000
2010-05-25T00:00:00Z,89.8900000000
2010-05-26T00:00:00Z,90.2800000000
2010-05-27T00:00:00Z,90.7100000000
2010-05-28T00:00:00Z,90.8100000000
2010-06-01T00:00:00Z,91.1600000000
2010-06-02T00:00:00Z,92.2100000000
2010-06-03T00:00:00Z,92.3300000000
2010-06-04T00:00:00Z,91.8300000000
2010-06-07T00:00:00Z,92.0000000000
2010-06-08T00:00:00Z,91.3000000000
2010-06-09T00:00:00Z,91.5400000000
2010-06-10T00:00:00Z,91.0400000000
2010-06-11T00:00:00Z,91.7200000000
2010-06-14T00:00:00Z,91.8000000000
2010-06-15T00:00:00Z,91.2500000000
2010-06-16T00:00:00Z,91.3900000000
2010-06-17T00:00:00Z,90.9200000000
2010-06-18T00:00:00Z,90.7900000000
2010-06-21T00:00:00Z,91.1800000000
2010-06-22T00:00:00Z,90.5900000000
2010-06-23T00:00:00Z,89.8200000000
2010-06-24T00:00:00Z,89.4000000000
2010-06-25T00:00:00Z,89.3500000000
2010-06-28T00:00:00Z,89.2300000000
2010-06-29T00:00:00Z,88.3900000000
2010-06-30T00:00:00Z,88.4900000000
2010-07-01T00:00:00Z,87.4200000000
2010-07-02T00:00:00Z,87.6900000000
2010-07-06T00:00:00Z,87.5500000000
2010-07-07T00:00:00Z,87.1600000000
2010-07-08T00:00:00Z,88.4400000000
2010-07-09T00:00:00Z,88.4800000000
2010-07-12T00:00:00Z,88.5300000000
2010-07-13T00:00:00Z,88.2400000000
2010-07-14T00:00:00Z,88.5900000000
2010-07-15T00:00:00Z,87.4100000000
2010-07-16T00:00:00Z,86.4000000000
2010-07-19T00:00:00Z,86.7700000000
2010-07-20T00:00:00Z,87.2200000000
2010-07-21T00:00:00Z,87.3000000000
2010-07-22T00:00:00Z,87.0000000000
2010-07-23T00:00:00Z,87.3100000000
2010-07-26T00:00:00Z,87.2000000000
2010-07-27T00:00:00Z,87.8800000000
2010-07-28T00:00:00Z,87.6200000000
2010-07-29T00:00:00Z,86.8700000000
2010-07-30T00:00:00Z,86.4300000000
2010-08-02T00:00:00Z,86.4200000000
2010-08-03T00:00:00Z,85.8800000000
2010-08-04T00:00:00Z,86.2600000000
2010-08-05T00:00:00Z,85.8300000000
2010-08-06T00:00:00Z,85.2500000000
2010-08-09T00:00:00Z,85.8800000000
2010-08-10T00:00:00Z,85.8800000000
2010-08-11T00:00:00Z,85.3600000000
2010-08-12T00:00:00Z,85.8300000000
2010-08-13T00:00:00Z,86.2000000000
2010-08-16T00:00:00Z,85.3300000000
2010-08-17T00:00:00Z,85.5100000000
2010-08-18T00:00:00Z,85.3100000000
2010-08-19T00:00:00Z,85.2700000000
2010-08-20T00:00:00Z,85.6300000000
2010-08-23T00:00:00Z,85.1600000000
2010-08-24T00:00:00Z,84.1600000000
2010-08-25T00:00:00Z,84.5600000000
2010-08-26T00:00:00Z,84.6100000000
2010-08-27T00:00:00Z,85.1000000000
2010-08-30T00:00:00Z,84.6700000000
2010-08-31T00:00:00Z,84.1000000000
2010-09-01T00:00:00Z,84.4800000000
2010-09-02T00:00:00Z,84.1500000000
2010-09-03T00:00:00Z,84.4500000000
2010-09-07T00:00:00Z,83.7500000000
2010-09-08T00:00:00Z,83.8500000000
2010-09-09T00:00:00Z,83.8300000000
2010-09-10T00:00:00Z,84.1300000000
2010-09-13T00:00:00Z,83.5300000000
2010-09-14T00:00:00Z,83.0500000000
2010-09-15T00:00:00Z,85.6300000000
2010-09-16T00:00:00Z,85.7200000000
2010-09-17T00:00:00Z,85.7700000000
2010-09-20T00:00:00Z,85.7400000000
2010-09-21T00:00:00Z,85.3600000000
2010-09-22T00:00:00Z,84.3700000000
2010-09-23T00:00:00Z,84.3200000000
2010-09-24T00:00:00Z,84.2400000000
2010-09-27T00:00:00Z,84.1700000000
2010-09-28T00:00:00Z,83.8200000000
2010-09-29T00:00:00Z,83.6100000000
2010-09-30T00:00:00Z,83.5300000000
2010-10-01T00:00:00Z,83.3000000000
2010-10-04T00:00:00Z,83.3300000000
2010-10-05T00:00:00Z,83.1700000000
2010-10-06T00:00:00Z,82.8000000000
2010-10-07T00:00:00Z,82.3500000000
2010-10-08T00:00:00Z,81.8600000000
2010-10-12T00:00:00Z,81.7400000000
2010-10-13T00:00:00Z,81.8100000000
2010-10-14T00:00:00Z,81.4400000000
2010-10-15T00:00:00Z,81.3200000000
2010-10-18T00:00:00Z,81.1600000000
2010-10-19T00:00:00Z,81.6000000000
2010-10-20T00:00:00Z,81.1400000000
2010-10-21T00:00:00Z,81.1600000000
2010-10-22T00:00:00Z,81.4800000000
2010-10-25T00:00:00Z,80.6100000000
2010-10-26T00:00:00Z,81.2800000000
2010-10-27T00:00:00Z,81.5500000000
2010-10-28T00:00:00Z,80.9900000000
2010-10-29T00:00:00Z,80.4800000000
2010-11-01T00:00:00Z,80.6600000000
2010-11-02T00:00:00Z,80.8000000000
2010-11-03T00:00:00Z,81.4100000000
2010-11-04T00:00:00Z,80.6100000000
2010-11-05T00:00:00Z,81.3500000000
2010-11-08T00:00:00Z,81.1400000000
2010-11-09T00:00:00Z,81.1500000000
2010-11-10T00:00:00Z,82.5300000000
2010-11-12T00:00:00Z,82.4400000000
2010-11-15T00:00:00Z,82.9000000000
2010-11-16T00:00:00Z,83.4100000000
2010-11-17T00:00:00Z,83.1500000000
2010-11-18T00:00:00Z,83.6400000000
2010-11-19T00:00:00Z,83.4900000000
2010-11-22T00:00:00Z,83.4600000000
2010-11-23T00:00:00Z,82.8600000000
2010-11-24T00:00:00Z,83.3800000000
2010-11-26T00:00:00Z,84.0800000000
2010-11-29T00:00:00Z,84.3400000000
2010-11-30T00:00:00Z,83.5600000000
2010-12-01T00:00:00Z,84.0000000000
2010-12-02T00:00:00Z,83.5300000000
2010-12-03T00:00:00Z,82.7300000000
2010-12-06T00:00:00Z,82.7000000000
2010-12-07T00:00:00Z,83.0400000000
2010-12-08T00:00:00Z,84.1600000000
2010-12-09T00:00:00Z,83.8500000000
2010-12-10T00:00:00Z,83.8700000000
2010-12-13T00:00:00Z,83.5700000000
2010-12-14T00:00:00Z,83.5200000000
2010-12-15T00:00:00Z,84.0400000000
2010-12-16T00:00:00Z,84.2300000000
2010-12-17T00:00:00Z,84.1500000000
2010-12-20T00:00:00Z,83.7200000000
2010-12-21T00:00:00Z,83.7600000000
2010-12-22T00:00:00Z,83.5600000000
2010-12-23T00:00:00Z,82.9700000000
2010-12-27T00:00:00Z,82.9100000000
2010-12-28T00:00:00Z,82.2100000000
2010-12-29T00:00:00Z,81.9000000000
2010-12-30T00:00:00Z,81.6700000000
2011-01-03T00:00:00Z,81.5600000000
2011-01-04T00:00:00Z,81.9600000000
2011-01-05T00:00:00Z,83.2200000000
2011-01-06T00:00:00Z,83.1500000000
2011-01-07T00:00:00Z,83.0400000000
2011-01-10T00:00:00Z,82.7800000000
2011-01-11T00:00:00Z,83.3600000000
2011-01-12T00:00:00Z,83.2900000000
2011-01-13T00:00:00Z,82.7200000000
2011-01-14T00:00:00Z,82.9900000000
2011-01-18T00:00:00Z,82.6600000000
2011-01-19T00:00:00Z,82.0300000000
2011-01-20T00:00:00Z,83.0200000000
2011-01-21T00:00:00Z,82.6300000000
2011-01-24T00:00:00Z,82.4400000000
2011-01-25T00:00:00Z,82.3500000000
2011-01-26T00:00:00Z,82.2700000000
2011-01-27T00:00:00Z,83.0300000000
2011-01-28T00:00:00Z,82.0300000000
2011-01-31T00:00:00Z,81.9700000000
2011-02-01T00:00:00Z,81.4800000000
2011-02-02T00:00:00Z,81.8200000000
2011-02-03T00:00:00Z,81.4800000000
2011-02-04T00:00:00Z,81.9900000000
2011-02-07T00:00:00Z,82.4000000000
2011-02-08T00:00:00Z,81.9200000000
2011-02-09T00:00:00Z,82.4700000000
2011-02-10T00:00:00Z,83.1100000000
2011-02-11T00:00:00Z,83.5200000000
2011-02-14T00:00:00Z,83.3200000000
2011-02-15T00:00:00Z,83.7900000000
2011-02-16T00:00:00Z,83.7300000000
2011-02-17T00:00:00Z,83.2500000000
2011-02-18T00:00:00Z,83.2200000000
2011-02-22T00:00:00Z,82.9400000000
2011-02-23T00:00:00Z,82.3900000000
2011-02-24T00:00:00Z,81.6700000000
2011-02-25T00:00:00Z,81.7600000000
2011-02-28T00:00:00Z,81.9400000000
2011-03-01T00:00:00Z,81.8600000000
2011-03-02T00:00:00Z,81.6200000000
2011-03-03T00:00:00Z,82.4100000000
2011-03-04T00:00:00Z,82.3500000000
2011-03-07T00:00:00Z,82.1200000000
2011-03-08T00:00:00Z,82.6900000000
2011-03-09T00:00:00Z,82.7800000000
2011-03-10T00:00:00Z,82.9800000000
2011-03-11T00:00:00Z,81.7700000000
2011-03-14T00:00:00Z,81.6500000000
2011-03-15T00:00:00Z,80.8200000000
2011-03-16T00:00:00Z,80.1700000000
2011-03-17T00:00:00Z,78.7400000000
2011-03-18T00:00:00Z,81.1400000000
2011-03-21T00:00:00Z,81.1100000000
2011-03-22T00:00:00Z,81.0000000000
2011-03-23T00:00:00Z,80.9400000000
2011-03-24T00:00:00Z,80.8200000000
2011-03-25T00:00:00Z,81.1200000000
2011-03-28T00:00:00Z,81.6700000000
2011-03-29T00:00:00Z,82.3800000000
2011-03-30T00:00:00Z,82.9800000000
2011-03-31T00:00:00Z,82.7600000000
2011-04-01T00:00:00Z,84.0500000000
2011-04-04T00:00:00Z,83.9800000000
2011-04-05T00:00:00Z,84.6500000000
2011-04-06T00:00:00Z,85.2600000000
2011-04-07T00:00:00Z,84.9800000000
2011-04-08T00:00:00Z,84.9900000000
2011-04-11T00:00:00Z,84.5800000000
2011-04-12T00:00:00Z,83.7900000000
2011-04-13T00:00:00Z,83.5900000000
2011-04-14T00:00:00Z,83.2300000000
2011-04-15T00:00:00Z,83.1300000000
2011-04-18T00:00:00Z,82.4300000000
2011-04-19T00:00:00Z,82.4100000000
2011-04-20T00:00:00Z,82.5800000000
2011-04-21T00:00:00Z,81.8100000000
2011-04-22T00:00:00Z,81.9200000000
2011-04-25T00:00:00Z,81.9300000000
2011-04-26T00:00:00Z,81.9300000000
2011-04-27T00:00:00Z,82.6000000000
2011-04-28T00:00:00Z,81.5700000000
2011-04-29T00:00:00Z,81.3100000000
2011-05-02T00:00:00Z,81.2300000000
2011-05-03T00:00:00Z,81.0200000000
2011-05-04T00:00:00Z,80.6900000000
2011-05-05T00:00:00Z,80.1200000000
2011-05-06T00:00:00Z,80.5100000000
2011-05-09T00:00:00Z,80.6600000000
2011-05-10T00:00:00Z,80.7500000000
2011-05-11T00:00:00Z,80.7800000000
2011-05-12T00:00:00Z,80.7500000000
2011-05-13T00:00:00Z,80.7600000000
2011-05-16T00:00:00Z,80.8200000000
2011-05-17T00:00:00Z,81.3900000000
2011-05-18T00:00:00Z,81.3700000000
2011-05-19T00:00:00Z,81.7800000000
2011-05-20T00:00:00Z,81.6400000000
2011-05-23T00:00:00Z,81.8100000000
2011-05-24T00:00:00Z,82.1200000000
2011-05-25T00:00:00Z,81.9600000000
2011-05-26T00:00:00Z,81.4400000000
2011-05-27T00:00:00Z,80.7500000000
2011-05-31T00:00:00Z,81.2900000000
2011-06-01T00:00:00Z,80.8200000000
2011-06-02T00:00:00Z,80.9800000000
2011-06-03T00:00:00Z,80.3800000000
2011-06-06T00:00:00Z,80.1900000000
2011-06-07T00:00:00Z,80.2100000000
2011-06-08T00:00:00Z,79.8700000000
2011-06-09T00:00:00Z,80.0700000000
2011-06-10T00:00:00Z,80.2600000000
2011-06-13T00:00:00Z,80.1600000000
2011-06-14T00:00:00Z,80.5000000000
2011-06-15T00:00:00Z,80.7100000000
2011-06-16T00:00:00Z,80.7000000000
2011-06-17T00:00:00Z,80.1000000000
2011-06-20T00:00:00Z,80.2600000000
2011-06-21T00:00:00Z,80.1500000000
2011-06-22T00:00:00Z,80.0600000000
2011-06-23T00:00:00Z,80.4500000000
2011-06-24T00:00:00Z,80.3200000000
2011-06-27T00:00:00Z,80.8900000000
2011-06-28T00:00:00Z,80.8500000000
2011-06-29T00:00:00Z,80.8000000000
2011-06-30T00:00:00Z,80.6400000000
2011-07-01T00:00:00Z,80.8100000000
2011-07-05T00:00:00Z,81.1400000000
2011-07-06T00:00:00Z,80.9000000000
2011-07-07T00:00:00Z,81.2600000000
2011-07-08T00:00:00Z,80.6400000000
2011-07-11T00:00:00Z,80.3700000000
2011-07-12T00:00:00Z,79.5300000000
2011-07-13T00:00:00Z,78.9900000000
2011-07-14T00:00:00Z,79.1100000000
2011-07-15T00:00:00Z,79.0300000000
2011-07-18T00:00:00Z,79.1000000000
2011-07-19T00:00:00Z,78.9100000000
2011-07-20T00:00:00Z,78.7600000000
2011-07-21T00:00:00Z,78.4700000000
2011-07-22T00:00:00Z,78.4400000000
2011-07-25T00:00:00Z,78.3100000000
2011-07-26T00:00:00Z,78.0400000000
2011-07-27T00:00:00Z,77.9900000000
2011-07-28T00:00:00Z,77.8700000000
2011-07-29T00:00:00Z,77.1800000000
2011-08-01T00:00:00Z,76.8700000000
2011-08-02T00:00:00Z,77.1300000000
2011-08-03T00:00:00Z,76.8700000000
2011-08-04T00:00:00Z,79.0100000000
2011-08-05T00:00:00Z,78.4800000000
2011-08-08T00:00:00Z,77.5300000000
2011-08-09T00:00:00Z,77.1600000000
2011-08-10T00:00:00Z,76.4100000000
2011-08-11T00:00:00Z,76.6800000000
2011-08-12T00:00:00Z,76.7900000000
2011-08-15T00:00:00Z,76.7300000000
2011-08-16T00:00:00Z,76.7600000000
2011-08-17T00:00:00Z,76.4600000000
2011-08-18T00:00:00Z,76.5200000000
2011-08-19T00:00:00Z,76.4600000000
2011-08-22T00:00:00Z,76.7700000000
2011-08-23T00:00:00Z,76.5900000000
2011-08-24T00:00:00Z,76.7800000000
2011-08-25T00:00:00Z,77.3800000000
2011-08-26T00:00:00Z,76.6200000000
2011-08-29T00:00:00Z,76.9600000000
2011-08-30T00:00:00Z,76.7500000000
2011-08-31T00:00:00Z,76.5000000000
2011-09-01T00:00:00Z,76.8100000000
2011-09-02T00:00:00Z,76.7900000000
2011-09-06T00:00:00Z,77.4800000000
2011-09-07T00:00:00Z,77.3900000000
2011-09-08T00:00:00Z,77.4300000000
2011-09-09T00:00:00Z,77.3100000000
2011-09-12T00:00:00Z,77.1500000000
2011-09-13T00:00:00Z,76.8800000000
2011-09-14T00:00:00Z,76.7100000000
2011-09-15T00:00:00Z,76.7000000000
2011-09-16T00:00:00Z,76.8900000000
2011-09-19T00:00:00Z,76.4800000000
2011-09-20T00:00:00Z,76.5200000000
2011-09-21T00:00:00Z,76.3800000000
2011-09-22T00:00:00Z,76.3100000000
2011-09-23T00:00:00Z,76.3000000000
2011-09-26T00:00:00Z,76.3500000000
2011-09-27T00:00:00Z,76.6000000000
2011-09-28T00:00:00Z,76.5100000000
2011-09-29T00:00:00Z,76.6800000000
2011-09-30T00:00:00Z,77.0400000000
2011-10-03T00:00:00Z,76.6600000000
2011-10-04T00:00:00Z,76.8600000000
2011-10-05T00:00:00Z,76.8600000000
2011-10-06T00:00:00Z,76.6400000000
2011-10-07T00:00:00Z,76.7700000000
2011-10-11T00:00:00Z,76.6600000000
2011-10-12T00:00:00Z,77.3000000000
2011-10-13T00:00:00Z,76.8800000000
2011-10-14T00:00:00Z,77.3600000000
2011-10-17T00:00:00Z,76.8000000000
2011-10-18T00:00:00Z,76.7500000000
2011-10-19T00:00:00Z,76.7900000000
2011-10-20T00:00:00Z,76.9100000000
2011-10-21T00:00:00Z,76.1000000000
2011-10-24T00:00:00Z,76.1000000000
2011-10-25T00:00:00Z,75.8800000000
2011-10-26T00:00:00Z,76.0500000000
2011-10-27T00:00:00Z,75.8000000000
2011-10-28T00:00:00Z,75.7200000000
2011-10-31T00:00:00Z,77.9700000000
2011-11-01T00:00:00Z,78.2800000000
2011-11-02T00:00:00Z,78.0400000000
2011-11-03T00:00:00Z,77.9600000000
2011-11-04T00:00:00Z,78.1700000000
2011-11-07T00:00:00Z,78.0600000000
2011-11-08T00:00:00Z,77.7900000000
2011-11-09T00:00:00Z,77.7700000000
2011-11-10T00:00:00Z,77.5800000000
2011-11-14T00:00:00Z,77.0200000000
2011-11-15T00:00:00Z,76.9900000000
2011-11-16T00:00:00Z,77.0200000000
2011-11-17T00:00:00Z,76.9800000000
2011-11-18T00:00:00Z,76.9300000000
2011-11-21T00:00:00Z,76.9700000000
2011-11-22T00:00:00Z,77.0700000000
2011-11-23T00:00:00Z,77.4100000000
2011-11-25T00:00:00Z,77.6600000000
2011-11-28T00:00:00Z,78.0500000000
2011-11-29T00:00:00Z,77.8600000000
2011-11-30T00:00:00Z,77.5800000000
2011-12-01T00:00:00Z,77.6000000000
2011-12-02T00:00:00Z,77.8800000000
2011-12-05T00:00:00Z,77.7700000000
2011-12-06T00:00:00Z,77.7300000000
2011-12-07T00:00:00Z,77.6900000000
2011-12-08T00:00:00Z,77.6700000000
2011-12-09T00:00:00Z,77.5800000000
2011-12-12T00:00:00Z,77.8700000000
2011-12-13T00:00:00Z,77.8600000000
2011-12-14T00:00:00Z,78.0800000000
2011-12-15T00:00:00Z,77.8700000000
2011-12-16T00:00:00Z,77.6500000000
2011-12-19T00:00:00Z,77.9600000000
2011-12-20T00:00:00Z,77.7600000000
2011-12-21T00:00:00Z,78.0000000000
2011-12-22T00:00:00Z,78.1300000000
2011-12-23T00:00:00Z,78.1300000000
2011-12-27T00:00:00Z,77.8300000000
2011-12-28T00:00:00Z,77.9800000000
2011-12-29T00:00:00Z,77.7100000000
2011-12-30T00:00:00Z,76.9800000000
2012-01-03T00:00:00Z,76.6700000000
2012-01-04T00:00:00Z,76.6800000000
2012-01-05T00:00:00Z,77.1800000000
2012-01-06T00:00:00Z,77.0600000000
2012-01-09T00:00:00Z,76.8800000000
2012-01-10T00:00:00Z,76.8400000000
2012-01-11T00:00:00Z,76.9000000000
2012-01-12T00:00:00Z,76.7600000000
2012-01-13T00:00:00Z,76.9000000000
2012-01-17T00:00:00Z,76.8000000000
2012-01-18T00:00:00Z,76.8100000000
2012-01-19T00:00:00Z,77.2300000000
2012-01-20T00:00:00Z,76.9700000000
2012-01-23T00:00:00Z,76.9200000000
2012-01-24T00:00:00Z,77.7800000000
2012-01-25T00:00:00Z,78.1300000000
2012-01-26T00:00:00Z,77.4700000000
2012-01-27T00:00:00Z,76.6800000000
2012-01-30T00:00:00Z,76.2800000000
2012-01-31T00:00:00Z,76.3400000000
2012-02-01T00:00:00Z,76.1100000000
2012-02-02T00:00:00Z,76.1300000000
2012-02-03T00:00:00Z,76.5400000000
2012-02-06T00:00:00Z,76.5400000000
2012-02-07T00:00:00Z,76.8800000000
2012-02-08T00:00:00Z,76.9000000000
2012-02-09T00:00:00Z,77.4200000000
2012-02-10T00:00:00Z,77.5700000000
2012-02-13T00:00:00Z,77.5200000000
2012-02-14T00:00:00Z,78.3900000000
2012-02-15T00:00:00Z,78.2200000000
2012-02-16T00:00:00Z,78.7700000000
2012-02-17T00:00:00Z,79.3300000000
2012-02-21T00:00:00Z,79.7300000000
2012-02-22T00:00:00Z,80.3000000000
2012-02-23T00:00:00Z,80.2100000000
2012-02-24T00:00:00Z,80.8800000000
2012-02-27T00:00:00Z,80.4200000000
2012-02-28T00:00:00Z,80.4400000000
2012-02-29T00:00:00Z,81.1000000000
2012-03-01T00:00:00Z,81.1600000000
2012-03-02T00:00:00Z,81.5600000000
2012-03-05T00:00:00Z,81.4300000000
2012-03-06T00:00:00Z,80.8600000000
2012-03-07T00:00:00Z,81.0600000000
2012-03-08T00:00:00Z,81.5000000000
2012-03-09T00:00:00Z,82.5900000000
2012-03-12T00:00:00Z,82.2100000000
2012-03-13T00:00:00Z,82.6600000000
2012-03-14T00:00:00Z,83.7800000000
2012-03-15T00:00:00Z,83.2800000000
2012-03-16T00:00:00Z,83.3400000000
2012-03-19T00:00:00Z,83.3100000000
2012-03-20T00:00:00Z,83.6200000000
2012-03-21T00:00:00Z,83.6200000000
2012-03-22T00:00:00Z,82.5000000000
2012-03-23T00:00:00Z,82.3500000000
2012-03-26T00:00:00Z,82.8400000000
2012-03-27T00:00:00Z,83.1500000000
2012-03-28T00:00:00Z,82.7400000000
2012-03-29T00:00:00Z,82.2800000000
2012-03-30T00:00:00Z,82.4100000000
2012-04-02T00:00:00Z,82.1600000000
2012-04-03T00:00:00Z,82.1800000000
2012-04-04T00:00:00Z,82.6200000000
2012-04-05T00:00:00Z,82.3300000000
2012-04-06T00:00:00Z,81.5600000000
2012-04-09T00:00:00Z,81.3600000000
2012-04-10T00:00:00Z,80.9400000000
2012-04-11T00:00:00Z,80.8800000000
2012-04-12T00:00:00Z,80.8700000000
2012-04-13T00:00:00Z,80.9900000000
2012-04-16T00:00:00Z,80.4600000000
2012-04-17T00:00:00Z,80.7200000000
2012-04-18T00:00:00Z,81.2900000000
2012-04-19T00:00:00Z,81.5700000000
2012-04-20T00:00:00Z,81.6000000000
2012-04-23T00:00:00Z,81.1600000000
2012-04-24T00:00:00Z,81.2100000000
2012-04-25T00:00:00Z,81.3300000000
2012-04-26T00:00:00Z,80.7800000000
2012-04-27T00:00:00Z,80.4800000000
2012-04-30T00:00:00Z,79.8100000000
2012-05-01T00:00:00Z,80.1700000000
2012-05-02T00:00:00Z,80.1900000000
2012-05-03T00:00:00Z,80.3600000000
2012-05-04T00:00:00Z,79.8400000000
2012-05-07T00:00:00Z,79.8800000000
2012-05-08T00:00:00Z,79.7900000000
2012-05-09T00:00:00Z,79.6400000000
2012-05-10T00:00:00Z,79.9100000000
2012-05-11T00:00:00Z,79.8600000000
2012-05-14T00:00:00Z,79.8300000000
2012-05-15T00:00:00Z,80.0900000000
2012-05-16T00:00:00Z,80.3200000000
2012-05-17T00:00:00Z,79.2600000000
2012-05-18T00:00:00Z,79.1400000000
2012-05-21T00:00:00Z,79.3100000000
2012-05-22T00:00:00Z,79.9800000000
2012-05-23T00:00:00Z,79.3300000000
2012-05-24T00:00:00Z,79.4700000000
2012-05-25T00:00:00Z,79.6400000000
2012-05-29T00:00:00Z,79.4400000000
2012-05-30T00:00:00Z,78.9300000000
2012-05-31T00:00:00Z,78.2900000000
2012-06-01T00:00:00Z,78.2100000000
2012-06-04T00:00:00Z,78.3000000000
2012-06-05T00:00:00Z,78.5700000000
2012-06-06T00:00:00Z,79.1100000000
2012-06-07T00:00:00Z,79.6700000000
2012-06-08T00:00:00Z,79.4700000000
2012-06-11T00:00:00Z,79.5000000000
2012-06-12T00:00:00Z,79.4400000000
2012-06-13T00:00:00Z,79.3500000000
2012-06-14T00:00:00Z,79.2900000000
2012-06-15T00:00:00Z,78.6500000000
2012-06-18T00:00:00Z,78.9500000000
2012-06-19T00:00:00Z,78.9200000000
2012-06-20T00:00:00Z,79.5400000000
2012-06-21T00:00:00Z,80.1800000000
2012-06-22T00:00:00Z,80.5200000000
2012-06-25T00:00:00Z,79.5000000000
2012-06-26T00:00:00Z,79.4600000000
2012-06-27T00:00:00Z,79.8300000000
2012-06-28T00:00:00Z,79.3500000000
2012-06-29T00:00:00Z,79.8100000000
2012-07-02T00:00:00Z,79.4200000000
2012-07-03T00:00:00Z,79.7700000000
2012-07-05T00:00:00Z,79.9500000000
2012-07-06T00:00:00Z,79.6100000000
2012-07-09T00:00:00Z,79.6600000000
2012-07-10T00:00:00Z,79.4400000000
2012-07-11T00:00:00Z,79.7000000000
2012-07-12T00:00:00Z,79.2900000000
2012-07-13T00:00:00Z,79.2000000000
2012-07-16T00:00:00Z,78.8000000000
2012-07-17T00:00:00Z,79.0400000000
2012-07-18T00:00:00Z,78.7900000000
2012-07-19T00:00:00Z,78.6000000000
2012-07-20T00:00:00Z,78.4900000000
2012-07-23T00:00:00Z,78.3800000000
2012-07-24T00:00:00Z,78.1900000000
2012-07-25T00:00:00Z,78.2100000000
2012-07-26T00:00:00Z,78.2400000000
2012-07-27T00:00:00Z,78.5500000000
2012-07-30T00:00:00Z,78.2000000000
2012-07-31T00:00:00Z,78.1000000000
2012-08-01T00:00:00Z,78.1900000000
2012-08-02T00:00:00Z,78.2200000000
2012-08-03T00:00:00Z,78.6000000000
2012-08-06T00:00:00Z,78.1700000000
2012-08-07T00:00:00Z,78.7100000000
2012-08-08T00:00:00Z,78.4400000000
2012-08-09T00:00:00Z,78.6400000000
2012-08-10T00:00:00Z,78.2400000000
2012-08-13T00:00:00Z,78.3400000000
2012-08-14T00:00:00Z,78.8200000000
2012-08-15T00:00:00Z,78.8900000000
2012-08-16T00:00:00Z,79.2500000000
2012-08-17T00:00:00Z,79.5000000000
2012-08-20T00:00:00Z,79.4100000000
2012-08-21T00:00:00Z,79.4300000000
2012-08-22T00:00:00Z,79.1900000000
2012-08-23T00:00:00Z,78.4600000000
2012-08-24T00:00:00Z,78.6500000000
2012-08-27T00:00:00Z,78.6700000000
2012-08-28T00:00:00Z,78.5000000000
2012-08-29T00:00:00Z,78.7200000000
2012-08-30T00:00:00Z,78.5500000000
2012-08-31T00:00:00Z,78.3000000000
2012-09-04T00:00:00Z,78.3500000000
2012-09-05T00:00:00Z,78.3400000000
2012-09-06T00:00:00Z,78.9600000000
2012-09-07T00:00:00Z,78.1400000000
2012-09-10T00:00:00Z,78.2400000000
2012-09-11T00:00:00Z,77.7800000000
2012-09-12T00:00:00Z,77.8600000000
2012-09-13T00:00:00Z,77.4100000000
2012-09-14T00:00:00Z,78.2200000000
2012-09-17T00:00:00Z,78.6800000000
2012-09-18T00:00:00Z,78.5900000000
2012-09-19T00:00:00Z,78.4000000000
2012-09-20T00:00:00Z,78.3000000000
2012-09-21T00:00:00Z,78.1700000000
2012-09-24T00:00:00Z,77.9000000000
2012-09-25T00:00:00Z,77.9100000000
2012-09-26T00:00:00Z,77.7800000000
2012-09-27T00:00:00Z,77.6200000000
2012-09-28T00:00:00Z,77.9200000000
2012-10-01T00:00:00Z,78.0000000000
2012-10-02T00:00:00Z,78.0100000000
2012-10-03T00:00:00Z,78.5700000000
2012-10-04T00:00:00Z,78.4400000000
2012-10-05T00:00:00Z,78.6600000000
2012-10-09T00:00:00Z,78.2300000000
2012-10-10T00:00:00Z,78.2600000000
2012-10-11T00:00:00Z,78.4400000000
2012-10-12T00:00:00Z,78.3100000000
2012-10-15T00:00:00Z,78.7600000000
2012-10-16T00:00:00Z,78.9200000000
2012-10-17T00:00:00Z,78.7400000000
2012-10-18T00:00:00Z,79.2400000000
2012-10-19T00:00:00Z,79.2600000000
2012-10-22T00:00:00Z,79.8400000000
2012-10-23T00:00:00Z,79.7900000000
2012-10-24T00:00:00Z,79.8200000000
2012-10-25T00:00:00Z,80.0400000000
2012-10-26T00:00:00Z,79.6300000000
2012-10-29T00:00:00Z,79.8100000000
2012-10-30T00:00:00Z,79.5800000000
2012-10-31T00:00:00Z,79.9400000000
2012-11-01T00:00:00Z,80.1400000000
2012-11-02T00:00:00Z,80.5300000000
2012-11-05T00:00:00Z,80.1700000000
2012-11-06T00:00:00Z,80.2800000000
2012-11-07T00:00:00Z,79.8500000000
2012-11-08T00:00:00Z,79.7400000000
2012-11-09T00:00:00Z,79.4600000000
2012-11-13T00:00:00Z,79.4200000000
2012-11-14T00:00:00Z,80.2000000000
2012-11-15T00:00:00Z,81.1600000000
2012-11-16T00:00:00Z,81.2800000000
2012-11-19T00:00:00Z,81.1800000000
2012-11-20T00:00:00Z,81.7200000000
2012-11-21T00:00:00Z,82.3600000000
2012-11-23T00:00:00Z,82.3400000000
2012-11-26T00:00:00Z,82.1100000000
2012-11-27T00:00:00Z,82.2300000000
2012-11-28T00:00:00Z,81.8400000000
2012-11-29T00:00:00Z,82.0600000000
2012-11-30T00:00:00Z,82.5400000000
2012-12-03T00:00:00Z,82.2400000000
2012-12-04T00:00:00Z,81.8600000000
2012-12-05T00:00:00Z,82.4000000000
2012-12-06T00:00:00Z,82.2900000000
2012-12-07T00:00:00Z,82.3700000000
2012-12-10T00:00:00Z,82.3700000000
2012-12-11T00:00:00Z,82.4200000000
2012-12-12T00:00:00Z,83.1000000000
2012-12-13T00:00:00Z,83.5400000000
2012-12-14T00:00:00Z,83.5200000000
2012-12-17T00:00:00Z,83.7000000000
2012-12-18T00:00:00Z,84.0000000000
2012-12-19T00:00:00Z,84.3200000000
2012-12-20T00:00:00Z,84.3300000000
2012-12-21T00:00:00Z,84.1000000000
2012-12-24T00:00:00Z,84.8100000000
2012-12-26T00:00:00Z,85.6200000000
2012-12-27T00:00:00Z,86.0600000000
2012-12-28T00:00:00Z,86.1200000000
2012-12-31T00:00:00Z,86.6400000000
2013-01-02T00:00:00Z,87.1000000000
2013-01-03T00:00:00Z,86.9200000000
2013-01-04T00:00:00Z,88.1400000000
2013-01-07T00:00:00Z,87.6800000000
2013-01-08T00:00:00Z,87.3100000000
2013-01-09T00:00:00Z,87.9000000000
2013-01-10T00:00:00Z,88.1600000000
2013-01-11T00:00:00Z,89.2200000000
2013-01-14T00:00:00Z,89.3400000000
2013-01-15T00:00:00Z,88.6500000000
2013-01-16T00:00:00Z,88.6400000000
2013-01-17T00:00:00Z,89.4100000000
2013-01-18T00:00:00Z,89.9000000000
2013-01-22T00:00:00Z,88.6200000000
2013-01-23T00:00:00Z,88.4400000000
2013-01-24T00:00:00Z,90.0400000000
2013-01-25T00:00:00Z,91.0400000000
2013-01-28T00:00:00Z,90.7300000000
2013-01-29T00:00:00Z,90.6500000000
2013-01-30T00:00:00Z,91.0500000000
2013-01-31T00:00:00Z,91.2800000000
2013-02-01T00:00:00Z,92.5400000000
2013-02-04T00:00:00Z,92.5700000000
2013-02-05T00:00:00Z,93.3400000000
2013-02-06T00:00:00Z,93.5600000000
2013-02-07T00:00:00Z,93.2400000000
2013-02-08T00:00:00Z,92.7200000000
2013-02-11T00:00:00Z,93.4400000000
2013-02-12T00:00:00Z,93.1400000000
2013-02-13T00:00:00Z,93.3900000000
2013-02-14T00:00:00Z,93.1000000000
2013-02-15T00:00:00Z,93.6400000000
2013-02-19T00:00:00Z,93.5400000000
2013-02-20T00:00:00Z,93.5300000000
2013-02-21T00:00:00Z,92.9600000000
2013-02-22T00:00:00Z,93.3500000000
2013-02-25T00:00:00Z,93.3500000000
2013-02-26T00:00:00Z,91.3800000000
2013-02-27T00:00:00Z,91.8800000000
2013-02-28T00:00:00Z,92.3600000000
2013-03-01T00:00:00Z,93.3800000000
2013-03-04T00:00:00Z,93.3200000000
2013-03-05T00:00:00Z,93.3900000000
2013-03-06T00:00:00Z,93.6400000000
2013-03-07T00:00:00Z,95.0000000000
2013-03-08T00:00:00Z,96.0000000000
2013-03-11T00:00:00Z,96.1200000000
2013-03-12T00:00:00Z,95.9600000000
2013-03-13T00:00:00Z,96.0000000000
2013-03-14T00:00:00Z,96.1600000000
2013-03-15T00:00:00Z,95.2600000000
2013-03-18T00:00:00Z,94.9200000000
2013-03-19T00:00:00Z,94.8500000000
2013-03-20T00:00:00Z,95.5100000000
2013-03-21T00:00:00Z,95.0600000000
2013-03-22T00:00:00Z,94.4800000000
2013-03-25T00:00:00Z,94.3400000000
2013-03-26T00:00:00Z,94.2200000000
2013-03-27T00:00:00Z,94.3800000000
2013-03-28T00:00:00Z,94.0200000000
2013-03-29T00:00:00Z,94.1600000000
2013-04-01T00:00:00Z,93.3000000000
2013-04-02T00:00:00Z,93.4300000000
2013-04-03T00:00:00Z,92.9600000000
2013-04-04T00:00:00Z,96.1200000000
2013-04-05T00:00:00Z,96.8600000000
2013-04-08T00:00:00Z,98.9000000000
2013-04-09T00:00:00Z,99.0200000000
2013-04-10T00:00:00Z,99.6100000000
2013-04-11T00:00:00Z,99.4200000000
2013-04-12T00:00:00Z,98.9800000000
2013-04-15T00:00:00Z,98.0000000000
2013-04-16T00:00:00Z,97.8600000000
2013-04-17T00:00:00Z,97.7400000000
2013-04-18T00:00:00Z,98.2200000000
2013-04-19T00:00:00Z,99.2800000000
2013-04-22T00:00:00Z,99.2900000000
2013-04-23T00:00:00Z,99.4300000000
2013-04-24T00:00:00Z,99.3900000000
2013-04-25T00:00:00Z,99.4200000000
2013-04-26T00:00:00Z,97.8400000000
2013-04-29T00:00:00Z,98.0900000000
2013-04-30T00:00:00Z,97.5200000000
2013-05-01T00:00:00Z,97.2800000000
2013-05-02T00:00:00Z,97.9600000000
2013-05-03T00:00:00Z,99.1000000000
2013-05-06T00:00:00Z,99.3500000000
2013-05-07T00:00:00Z,99.0000000000
2013-05-08T00:00:00Z,98.9000000000
2013-05-09T00:00:00Z,99.2900000000
2013-05-10T00:00:00Z,101.7400000000
2013-05-13T00:00:00Z,101.8400000000
2013-05-14T00:00:00Z,102.1800000000
2013-05-15T00:00:00Z,102.4400000000
2013-05-16T00:00:00Z,102.2200000000
2013-05-17T00:00:00Z,102.9800000000
2013-05-20T00:00:00Z,102.5400000000
2013-05-21T00:00:00Z,102.3600000000
2013-05-22T00:00:00Z,103.5200000000
2013-05-23T00:00:00Z,101.6600000000
2013-05-24T00:00:00Z,100.9800000000
2013-05-28T00:00:00Z,102.0700000000
2013-05-29T00:00:00Z,100.9100000000
2013-05-30T00:00:00Z,101.0600000000
2013-05-31T00:00:00Z,100.8300000000
2013-06-03T00:00:00Z,99.1800000000
2013-06-04T00:00:00Z,100.1500000000
2013-06-05T00:00:00Z,99.1600000000
2013-06-06T00:00:00Z,97.7600000000
2013-06-07T00:00:00Z,97.2000000000
2013-06-10T00:00:00Z,98.8800000000
2013-06-11T00:00:00Z,96.8200000000
2013-06-12T00:00:00Z,95.3600000000
2013-06-13T00:00:00Z,94.2900000000
2013-06-14T00:00:00Z,94.3400000000
2013-06-17T00:00:00Z,94.8700000000
2013-06-18T00:00:00Z,95.2000000000
2013-06-19T00:00:00Z,95.2200000000
2013-06-20T00:00:00Z,98.1800000000
2013-06-21T00:00:00Z,97.4800000000
2013-06-24T00:00:00Z,97.7000000000
2013-06-25T00:00:00Z,97.8700000000
2013-06-26T00:00:00Z,97.4300000000
2013-06-27T00:00:00Z,98.4000000000
2013-06-28T00:00:00Z,99.2100000000
2013-07-01T00:00:00Z,99.6200000000
2013-07-02T00:00:00Z,100.4300000000
2013-07-03T00:00:00Z,99.8200000000
2013-07-05T00:00:00Z,100.9400000000
2013-07-08T00:00:00Z,101.0700000000
2013-07-09T00:00:00Z,101.0800000000
2013-07-10T00:00:00Z,100.1000000000
2013-07-11T00:00:00Z,98.8000000000
2013-07-12T00:00:00Z,99.3900000000
2013-07-15T00:00:00Z,100.0400000000
2013-07-16T00:00:00Z,99.3700000000
2013-07-17T00:00:00Z,99.7000000000
2013-07-18T00:00:00Z,100.6000000000
2013-07-19T00:00:00Z,100.3000000000
2013-07-22T00:00:00Z,99.6000000000
2013-07-23T00:00:00Z,99.7600000000
2013-07-24T00:00:00Z,100.2100000000
2013-07-25T00:00:00Z,99.5600000000
2013-07-26T00:00:00Z,98.2400000000
2013-07-29T00:00:00Z,97.8000000000
2013-07-30T00:00:00Z,98.0200000000
2013-07-31T00:00:00Z,98.3500000000
2013-08-01T00:00:00Z,99.3000000000
2013-08-02T00:00:00Z,99.0400000000
2013-08-05T00:00:00Z,98.5400000000
2013-08-06T00:00:00Z,97.8500000000
2013-08-07T00:00:00Z,96.7200000000
2013-08-08T00:00:00Z,96.0300000000
2013-08-09T00:00:00Z,96.2400000000
2013-08-12T00:00:00Z,96.4400000000
2013-08-13T00:00:00Z,98.0600000000
2013-08-14T00:00:00Z,98.1500000000
2013-08-15T00:00:00Z,97.8100000000
2013-08-16T00:00:00Z,97.6000000000
2013-08-19T00:00:00Z,97.9400000000
2013-08-20T00:00:00Z,97.1200000000
2013-08-21T00:00:00Z,97.6600000000
2013-08-22T00:00:00Z,98.5300000000
2013-08-23T00:00:00Z,98.5700000000
2013-08-26T00:00:00Z,98.6400000000
2013-08-27T00:00:00Z,97.3000000000
2013-08-28T00:00:00Z,97.6500000000
2013-08-29T00:00:00Z,98.4600000000
2013-08-30T00:00:00Z,98.2200000000
2013-09-03T00:00:00Z,99.4300000000
2013-09-04T00:00:00Z,99.6100000000
2013-09-05T00:00:00Z,100.0800000000
2013-09-06T00:00:00Z,99.0400000000
2013-09-09T00:00:00Z,99.5500000000
2013-09-10T00:00:00Z,100.2200000000
2013-09-11T00:00:00Z,100.0800000000
2013-09-12T00:00:00Z,99.2400000000
2013-09-13T00:00:00Z,99.3800000000
2013-09-16T00:00:00Z,98.9800000000
2013-09-17T00:00:00Z,99.1600000000
2013-09-18T00:00:00Z,99.0400000000
2013-09-19T00:00:00Z,99.3300000000
2013-09-20T00:00:00Z,99.3800000000
2013-09-23T00:00:00Z,98.7600000000
2013-09-24T00:00:00Z,98.7600000000
2013-09-25T00:00:00Z,98.6200000000
2013-09-26T00:00:00Z,98.9500000000
2013-09-27T00:00:00Z,98.3000000000
2013-09-30T00:00:00Z,98.2900000000
2013-10-01T00:00:00Z,98.0500000000
2013-10-02T00:00:00Z,97.3600000000
2013-10-03T00:00:00Z,97.0800000000
2013-10-04T00:00:00Z,97.2000000000
2013-10-07T00:00:00Z,97.0200000000
2013-10-08T00:00:00Z,96.9400000000
2013-10-09T00:00:00Z,97.2300000000
2013-10-10T00:00:00Z,98.0900000000
2013-10-11T00:00:00Z,98.4200000000
2013-10-15T00:00:00Z,98.5800000000
2013-10-16T00:00:00Z,98.9000000000
2013-10-17T00:00:00Z,97.8500000000
2013-10-18T00:00:00Z,97.7700000000
2013-10-21T00:00:00Z,98.1400000000
2013-10-22T00:00:00Z,98.1800000000
2013-10-23T00:00:00Z,97.2800000000
2013-10-24T00:00:00Z,97.3600000000
2013-10-25T00:00:00Z,97.4600000000
2013-10-28T00:00:00Z,97.7000000000
2013-10-29T00:00:00Z,98.0900000000
2013-10-30T00:00:00Z,98.1400000000
2013-10-31T00:00:00Z,98.1000000000
2013-11-01T00:00:00Z,98.7800000000
2013-11-04T00:00:00Z,98.6200000000
2013-11-05T00:00:00Z,98.6000000000
2013-11-06T00:00:00Z,98.6000000000
2013-11-07T00:00:00Z,98.5600000000
2013-11-08T00:00:00Z,99.0300000000
2013-11-12T00:00:00Z,99.6500000000
2013-11-13T00:00:00Z,99.3100000000
2013-11-14T00:00:00Z,99.9300000000
2013-11-15T00:00:00Z,100.1700000000
2013-11-18T00:00:00Z,100.0400000000
2013-11-19T00:00:00Z,100.1400000000
2013-11-20T00:00:00Z,100.0200000000
2013-11-21T00:00:00Z,100.9500000000
2013-11-22T00:00:00Z,101.2900000000
2013-11-25T00:00:00Z,101.7000000000
2013-11-26T00:00:00Z,101.3800000000
2013-11-27T00:00:00Z,102.1800000000
2013-11-29T00:00:00Z,102.4500000000
2013-12-02T00:00:00Z,103.0400000000
2013-12-03T00:00:00Z,102.3600000000
2013-12-04T00:00:00Z,102.4800000000
2013-12-05T00:00:00Z,101.8200000000
2013-12-06T00:00:00Z,102.8800000000
2013-12-09T00:00:00Z,103.2200000000
2013-12-10T00:00:00Z,102.8000000000
2013-12-11T00:00:00Z,102.3800000000
2013-12-12T00:00:00Z,103.1100000000
2013-12-13T00:00:00Z,103.2800000000
2013-12-16T00:00:00Z,102.9100000000
2013-12-17T00:00:00Z,102.6300000000
2013-12-18T00:00:00Z,103.1800000000
2013-12-19T00:00:00Z,104.1600000000
2013-12-20T00:00:00Z,104.0700000000
2013-12-23T00:00:00Z,104.0600000000
2013-12-24T00:00:00Z,104.2600000000
2013-12-26T00:00:00Z,104.7200000000
2013-12-27T00:00:00Z,105.0500000000
2013-12-30T00:00:00Z,105.0000000000
2013-12-31T00:00:00Z,105.2500000000
2014-01-02T00:00:00Z,104.8400000000
2014-01-03T00:00:00Z,104.4600000000
2014-01-06T00:00:00Z,104.3800000000
2014-01-07T00:00:00Z,104.5400000000
2014-01-08T00:00:00Z,104.8700000000
2014-01-09T00:00:00Z,104.7400000000
2014-01-10T00:00:00Z,104.0600000000
2014-01-13T00:00:00Z,103.3100000000
2014-01-14T00:00:00Z,103.8000000000
2014-01-15T00:00:00Z,104.4200000000
2014-01-16T00:00:00Z,104.3200000000
2014-01-17T00:00:00Z,104.3200000000
2014-01-21T00:00:00Z,104.1400000000
2014-01-22T00:00:00Z,104.3600000000
2014-01-23T00:00:00Z,103.6500000000
2014-01-24T00:00:00Z,102.4100000000
2014-01-27T00:00:00Z,102.2600000000
2014-01-28T00:00:00Z,102.8000000000
2014-01-29T00:00:00Z,102.2000000000
2014-01-30T00:00:00Z,102.8300000000
2014-01-31T00:00:00Z,102.2800000000
2014-02-03T00:00:00Z,101.1100000000
2014-02-04T00:00:00Z,101.6200000000
2014-02-05T00:00:00Z,101.3800000000
2014-02-06T00:00:00Z,101.8400000000
2014-02-07T00:00:00Z,102.3200000000
2014-02-10T00:00:00Z,102.1400000000
2014-02-11T00:00:00Z,102.6300000000
2014-02-12T00:00:00Z,102.4800000000
2014-02-13T00:00:00Z,102.2000000000
2014-02-14T00:00:00Z,101.8200000000
2014-02-18T00:00:00Z,102.3100000000
2014-02-19T00:00:00Z,102.3000000000
2014-02-20T00:00:00Z,102.3200000000
2014-02-21T00:00:00Z,102.7100000000
2014-02-24T00:00:00Z,102.4400000000
2014-02-25T00:00:00Z,102.2000000000
2014-02-26T00:00:00Z,102.3600000000
2014-02-27T00:00:00Z,102.1200000000
2014-02-28T00:00:00Z,102.0800000000
2014-03-03T00:00:00Z,101.3600000000
2014-03-04T00:00:00Z,102.1800000000
2014-03-05T00:00:00Z,102.3200000000
2014-03-06T00:00:00Z,103.0300000000
2014-03-07T00:00:00Z,103.3800000000
2014-03-10T00:00:00Z,103.2300000000
2014-03-11T00:00:00Z,103.1800000000
2014-03-12T00:00:00Z,102.7400000000
2014-03-13T00:00:00Z,102.1200000000
2014-03-14T00:00:00Z,101.4600000000
2014-03-17T00:00:00Z,101.6200000000
2014-03-18T00:00:00Z,101.3700000000
2014-03-19T00:00:00Z,101.5400000000
2014-03-20T00:00:00Z,102.3900000000
2014-03-21T00:00:00Z,102.3800000000
2014-03-24T00:00:00Z,102.2100000000
2014-03-25T00:00:00Z,102.3200000000
2014-03-26T00:00:00Z,102.3000000000
2014-03-27T00:00:00Z,102.1000000000
2014-03-28T00:00:00Z,102.9200000000
2014-03-31T00:00:00Z,102.9800000000
2014-04-01T00:00:00Z,103.5200000000
2014-04-02T00:00:00Z,103.8200000000
2014-04-03T00:00:00Z,103.9400000000
2014-04-04T00:00:00Z,103.3900000000
2014-04-07T00:00:00Z,103.0400000000
2014-04-08T00:00:00Z,102.1200000000
2014-04-09T00:00:00Z,101.8500000000
2014-04-10T00:00:00Z,101.4300000000
2014-04-11T00:00:00Z,101.5600000000
2014-04-14T00:00:00Z,101.8100000000
2014-04-15T00:00:00Z,101.6000000000
2014-04-16T00:00:00Z,102.3000000000
2014-04-17T00:00:00Z,102.2200000000
2014-04-18T00:00:00Z,102.4300000000
2014-04-21T00:00:00Z,102.5600000000
2014-04-22T00:00:00Z,102.6000000000
2014-04-23T00:00:00Z,102.2600000000
2014-04-24T00:00:00Z,102.3400000000
2014-04-25T00:00:00Z,102.1200000000
2014-04-28T00:00:00Z,102.4600000000
2014-04-29T00:00:00Z,102.5700000000
2014-04-30T00:00:00Z,102.1400000000
2014-05-01T00:00:00Z,102.3000000000
2014-05-02T00:00:00Z,102.3400000000
2014-05-05T00:00:00Z,102.0600000000
2014-05-06T00:00:00Z,101.5700000000
2014-05-07T00:00:00Z,101.7200000000
2014-05-08T00:00:00Z,101.6600000000
2014-05-09T00:00:00Z,101.7400000000
2014-05-12T00:00:00Z,102.1000000000
2014-05-13T00:00:00Z,102.2000000000
2014-05-14T00:00:00Z,101.7500000000
2014-05-15T00:00:00Z,101.4400000000
2014-05-16T00:00:00Z,101.5000000000
2014-05-19T00:00:00Z,101.2600000000
2014-05-20T00:00:00Z,101.2600000000
2014-05-21T00:00:00Z,101.4400000000
2014-05-22T00:00:00Z,101.7600000000
2014-05-23T00:00:00Z,101.8800000000
2014-05-27T00:00:00Z,102.1400000000
2014-05-28T00:00:00Z,101.7800000000
2014-05-29T00:00:00Z,101.5800000000
2014-05-30T00:00:00Z,101.7700000000
2014-06-02T00:00:00Z,102.3000000000
2014-06-03T00:00:00Z,102.4200000000
2014-06-04T00:00:00Z,102.6900000000
2014-06-05T00:00:00Z,102.4400000000
2014-06-06T00:00:00Z,102.5000000000
2014-06-09T00:00:00Z,102.5200000000
2014-06-10T00:00:00Z,102.3700000000
2014-06-11T00:00:00Z,101.9400000000
2014-06-12T00:00:00Z,101.8300000000
2014-06-13T00:00:00Z,102.0600000000
2014-06-16T00:00:00Z,101.8200000000
2014-06-17T00:00:00Z,102.1800000000
2014-06-18T00:00:00Z,102.1600000000
2014-06-19T00:00:00Z,101.8400000000
2014-06-20T00:00:00Z,102.1400000000
2014-06-23T00:00:00Z,101.9000000000
2014-06-24T00:00:00Z,102.1300000000
2014-06-25T00:00:00Z,101.7500000000
2014-06-26T00:00:00Z,101.6600000000
2014-06-27T00:00:00Z,101.3900000000
2014-06-30T00:00:00Z,101.2800000000
2014-07-01T00:00:00Z,101.5100000000
2014-07-02T00:00:00Z,101.7600000000
2014-07-03T00:00:00Z,102.1900000000
2014-07-07T00:00:00Z,101.8400000000
2014-07-08T00:00:00Z,101.5300000000
2014-07-09T00:00:00Z,101.7000000000
2014-07-10T00:00:00Z,101.2600000000
2014-07-11T00:00:00Z,101.3300000000
2014-07-14T00:00:00Z,101.5800000000
2014-07-15T00:00:00Z,101.6200000000
2014-07-16T00:00:00Z,101.6900000000
2014-07-17T00:00:00Z,101.3000000000
2014-07-18T00:00:00Z,101.3700000000
2014-07-21T00:00:00Z,101.3400000000
2014-07-22T00:00:00Z,101.5400000000
2014-07-23T00:00:00Z,101.5000000000
2014-07-24T00:00:00Z,101.8200000000
2014-07-25T00:00:00Z,101.8100000000
2014-07-28T00:00:00Z,101.8200000000
2014-07-29T00:00:00Z,102.1200000000
2014-07-30T00:00:00Z,102.9000000000
2014-07-31T00:00:00Z,102.7500000000
2014-08-01T00:00:00Z,102.4500000000
2014-08-04T00:00:00Z,102.4700000000
2014-08-05T00:00:00Z,102.7700000000
2014-08-06T00:00:00Z,102.3400000000
2014-08-07T00:00:00Z,102.0600000000
2014-08-08T00:00:00Z,101.9100000000
2014-08-11T00:00:00Z,102.1400000000
2014-08-12T00:00:00Z,102.2200000000
2014-08-13T00:00:00Z,102.4800000000
2014-08-14T00:00:00Z,102.4400000000
2014-08-15T00:00:00Z,102.1900000000
2014-08-18T00:00:00Z,102.5400000000
2014-08-19T00:00:00Z,102.8600000000
2014-08-20T00:00:00Z,103.3600000000
2014-08-21T00:00:00Z,103.7800000000
2014-08-22T00:00:00Z,103.9700000000
2014-08-25T00:00:00Z,103.9600000000
2014-08-26T00:00:00Z,104.1200000000
2014-08-27T00:00:00Z,103.9800000000
2014-08-28T00:00:00Z,103.7800000000
2014-08-29T00:00:00Z,104.0000000000
2014-09-02T00:00:00Z,105.1000000000
2014-09-03T00:00:00Z,104.8800000000
2014-09-04T00:00:00Z,105.2200000000
2014-09-05T00:00:00Z,104.9400000000
2014-09-08T00:00:00Z,105.6500000000
2014-09-09T00:00:00Z,106.3200000000
2014-09-10T00:00:00Z,106.7600000000
2014-09-11T00:00:00Z,106.8700000000
2014-09-12T00:00:00Z,107.2400000000
2014-09-15T00:00:00Z,107.1800000000
2014-09-16T00:00:00Z,106.9100000000
2014-09-17T00:00:00Z,107.5800000000
2014-09-18T00:00:00Z,108.6900000000
2014-09-19T00:00:00Z,108.9600000000
2014-09-22T00:00:00Z,108.8800000000
2014-09-23T00:00:00Z,108.8200000000
2014-09-24T00:00:00Z,108.9200000000
2014-09-25T00:00:00Z,108.7000000000
2014-09-26T00:00:00Z,109.3200000000
2014-09-29T00:00:00Z,109.3400000000
2014-09-30T00:00:00Z,109.6600000000
2014-10-01T00:00:00Z,109.3000000000
2014-10-02T00:00:00Z,108.1000000000
2014-10-03T00:00:00Z,109.7000000000
2014-10-06T00:00:00Z,109.0800000000
2014-10-07T00:00:00Z,108.3000000000
2014-10-08T00:00:00Z,108.4100000000
2014-10-09T00:00:00Z,108.0000000000
2014-10-10T00:00:00Z,107.8300000000
2014-10-14T00:00:00Z,107.1500000000
2014-10-15T00:00:00Z,106.0600000000
2014-10-16T00:00:00Z,105.9800000000
2014-10-17T00:00:00Z,106.7200000000
2014-10-20T00:00:00Z,106.8700000000
2014-10-21T00:00:00Z,106.7000000000
2014-10-22T00:00:00Z,107.3200000000
2014-10-23T00:00:00Z,108.1600000000
2014-10-24T00:00:00Z,108.0600000000
2014-10-27T00:00:00Z,107.7100000000
2014-10-28T00:00:00Z,108.0000000000
2014-10-29T00:00:00Z,108.1000000000
2014-10-30T00:00:00Z,108.9400000000
2014-10-31T00:00:00Z,112.0900000000
2014-11-03T00:00:00Z,113.9200000000
2014-11-04T00:00:00Z,113.4400000000
2014-11-05T00:00:00Z,114.6200000000
2014-11-06T00:00:00Z,114.8700000000
2014-11-07T00:00:00Z,114.7300000000
2014-11-10T00:00:00Z,114.7800000000
2014-11-12T00:00:00Z,115.4200000000
2014-11-13T00:00:00Z,115.6300000000
2014-11-14T00:00:00Z,116.5200000000
2014-11-17T00:00:00Z,116.4400000000
2014-11-18T00:00:00Z,116.7600000000
2014-11-19T00:00:00Z,117.7000000000
2014-11-20T00:00:00Z,118.1400000000
2014-11-21T00:00:00Z,117.7400000000
2014-11-24T00:00:00Z,118.3900000000
2014-11-25T00:00:00Z,117.9900000000
2014-11-26T00:00:00Z,117.6000000000
2014-11-28T00:00:00Z,118.7000000000
2014-12-01T00:00:00Z,118.1400000000
2014-12-02T00:00:00Z,119.1000000000
2014-12-03T00:00:00Z,119.8200000000
2014-12-04T00:00:00Z,119.6700000000
2014-12-05T00:00:00Z,121.3800000000
2014-12-08T00:00:00Z,120.8900000000
2014-12-09T00:00:00Z,118.8700000000
2014-12-10T00:00:00Z,118.5000000000
2014-12-11T00:00:00Z,119.4000000000
2014-12-12T00:00:00Z,118.2200000000
2014-12-15T00:00:00Z,117.7500000000
2014-12-16T00:00:00Z,117.2800000000
2014-12-17T00:00:00Z,117.6400000000
2014-12-18T00:00:00Z,118.8400000000
2014-12-19T00:00:00Z,119.5600000000
2014-12-22T00:00:00Z,119.8400000000
2014-12-23T00:00:00Z,120.6800000000
2014-12-24T00:00:00Z,120.4500000000
2014-12-29T00:00:00Z,120.5700000000
2014-12-30T00:00:00Z,119.3400000000
2014-12-31T00:00:00Z,119.8500000000
2015-01-02T00:00:00Z,120.2000000000
2015-01-05T00:00:00Z,119.6400000000
2015-01-06T00:00:00Z,118.2600000000
2015-01-07T00:00:00Z,119.5200000000
2015-01-08T00:00:00Z,119.5100000000
2015-01-09T00:00:00Z,118.6600000000
2015-01-12T00:00:00Z,118.3200000000
2015-01-13T00:00:00Z,118.1600000000
2015-01-14T00:00:00Z,116.7800000000
2015-01-15T00:00:00Z,116.9500000000
2015-01-16T00:00:00Z,117.4500000000
2015-01-20T00:00:00Z,118.4800000000
2015-01-21T00:00:00Z,117.8600000000
2015-01-22T00:00:00Z,117.9200000000
2015-01-23T00:00:00Z,117.8000000000
2015-01-26T00:00:00Z,118.3800000000
2015-01-27T00:00:00Z,117.6200000000
2015-01-28T00:00:00Z,117.7400000000
2015-01-29T00:00:00Z,118.3100000000
2015-01-30T00:00:00Z,117.4400000000
2015-02-02T00:00:00Z,117.3300000000
2015-02-03T00:00:00Z,117.4800000000
2015-02-04T00:00:00Z,117.5800000000
2015-02-05T00:00:00Z,117.4000000000
2015-02-06T00:00:00Z,119.1600000000
2015-02-09T00:00:00Z,118.7000000000
2015-02-10T00:00:00Z,119.3200000000
2015-02-11T00:00:00Z,120.3800000000
2015-02-12T00:00:00Z,118.7200000000
2015-02-13T00:00:00Z,118.7000000000
2015-02-17T00:00:00Z,118.9900000000
2015-02-18T00:00:00Z,119.1900000000
2015-02-19T00:00:00Z,118.8400000000
2015-02-20T00:00:00Z,118.6800000000
2015-02-23T00:00:00Z,118.8800000000
2015-02-24T00:00:00Z,119.1300000000
2015-02-25T00:00:00Z,118.8800000000
2015-02-26T00:00:00Z,119.3600000000
2015-02-27T00:00:00Z,119.7200000000
2015-03-02T00:00:00Z,120.0600000000
2015-03-03T00:00:00Z,119.4700000000
2015-03-04T00:00:00Z,119.7600000000
2015-03-05T00:00:00Z,120.2200000000
2015-03-06T00:00:00Z,120.9300000000
2015-03-09T00:00:00Z,121.1700000000
2015-03-10T00:00:00Z,121.2000000000
2015-03-11T00:00:00Z,121.5000000000
2015-03-12T00:00:00Z,121.2800000000
2015-03-13T00:00:00Z,121.1700000000
2015-03-16T00:00:00Z,121.3000000000
2015-03-17T00:00:00Z,121.2800000000
2015-03-18T00:00:00Z,120.9200000000
2015-03-19T00:00:00Z,120.9000000000
2015-03-20T00:00:00Z,120.2800000000
2015-03-23T00:00:00Z,119.7400000000
2015-03-24T00:00:00Z,119.9000000000
2015-03-25T00:00:00Z,119.3700000000
2015-03-26T00:00:00Z,119.0100000000
2015-03-27T00:00:00Z,119.1500000000
2015-03-30T00:00:00Z,120.1100000000
2015-03-31T00:00:00Z,119.9600000000
2015-04-01T00:00:00Z,119.6200000000
2015-04-02T00:00:00Z,119.7400000000
2015-04-03T00:00:00Z,118.9600000000
2015-04-06T00:00:00Z,119.0500000000
2015-04-07T00:00:00Z,120.3600000000
2015-04-08T00:00:00Z,119.9600000000
2015-04-09T00:00:00Z,120.3200000000
2015-04-10T00:00:00Z,120.2900000000
2015-04-13T00:00:00Z,120.3200000000
2015-04-14T00:00:00Z,119.2600000000
2015-04-15T00:00:00Z,119.2300000000
2015-04-16T00:00:00Z,119.1800000000
2015-04-17T00:00:00Z,119.0200000000
2015-04-20T00:00:00Z,119.2700000000
2015-04-21T00:00:00Z,119.4500000000
2015-04-22T00:00:00Z,119.9000000000
2015-04-23T00:00:00Z,119.6900000000
2015-04-24T00:00:00Z,118.9800000000
2015-04-27T00:00:00Z,119.1200000000
2015-04-28T00:00:00Z,118.8000000000
2015-04-29T00:00:00Z,118.8300000000
2015-04-30T00:00:00Z,119.8600000000
2015-05-01T00:00:00Z,120.2100000000
2015-05-04T00:00:00Z,120.2500000000
2015-05-05T00:00:00Z,119.8700000000
2015-05-06T00:00:00Z,119.4200000000
2015-05-07T00:00:00Z,119.7400000000
2015-05-08T00:00:00Z,119.7800000000
2015-05-11T00:00:00Z,120.0500000000
2015-05-12T00:00:00Z,119.8000000000
2015-05-13T00:00:00Z,119.0900000000
2015-05-14T00:00:00Z,119.2000000000
2015-05-15T00:00:00Z,119.3600000000
2015-05-18T00:00:00Z,119.8200000000
2015-05-19T00:00:00Z,120.5800000000
2015-05-20T00:00:00Z,121.2800000000
2015-05-21T00:00:00Z,121.0600000000
2015-05-22T00:00:00Z,121.4500000000
2015-05-26T00:00:00Z,123.0800000000
2015-05-27T00:00:00Z,123.7600000000
2015-05-28T00:00:00Z,124.1800000000
2015-05-29T00:00:00Z,123.9800000000
2015-06-01T00:00:00Z,124.6400000000
2015-06-02T00:00:00Z,124.1900000000
2015-06-03T00:00:00Z,124.0600000000
2015-06-04T00:00:00Z,124.5600000000
2015-06-05T00:00:00Z,125.5800000000
2015-06-08T00:00:00Z,125.0800000000
2015-06-09T00:00:00Z,124.1600000000
2015-06-10T00:00:00Z,122.7200000000
2015-06-11T00:00:00Z,123.6200000000
2015-06-12T00:00:00Z,123.2300000000
2015-06-15T00:00:00Z,123.3800000000
2015-06-16T00:00:00Z,123.3900000000
2015-06-17T00:00:00Z,124.2500000000
2015-06-18T00:00:00Z,122.8700000000
2015-06-19T00:00:00Z,122.7000000000
2015-06-22T00:00:00Z,123.2800000000
2015-06-23T00:00:00Z,123.7100000000
2015-06-24T00:00:00Z,124.2400000000
2015-06-25T00:00:00Z,123.6300000000
2015-06-26T00:00:00Z,123.9200000000
2015-06-29T00:00:00Z,122.5000000000
2015-06-30T00:00:00Z,122.1000000000
2015-07-01T00:00:00Z,123.0200000000
2015-07-02T00:00:00Z,123.1400000000
2015-07-06T00:00:00Z,122.5300000000
2015-07-07T00:00:00Z,122.1600000000
2015-07-08T00:00:00Z,120.5400000000
2015-07-09T00:00:00Z,121.2200000000
2015-07-10T00:00:00Z,122.7500000000
2015-07-13T00:00:00Z,123.3500000000
2015-07-14T00:00:00Z,123.3900000000
2015-07-15T00:00:00Z,123.8900000000
2015-07-16T00:00:00Z,124.0400000000
2015-07-17T00:00:00Z,124.0000000000
2015-07-20T00:00:00Z,124.2400000000
2015-07-21T00:00:00Z,123.9300000000
2015-07-22T00:00:00Z,124.0800000000
2015-07-23T00:00:00Z,123.8800000000
2015-07-24T00:00:00Z,123.7400000000
2015-07-27T00:00:00Z,123.2400000000
2015-07-28T00:00:00Z,123.5200000000
2015-07-29T00:00:00Z,123.8600000000
2015-07-30T00:00:00Z,124.3800000000
2015-07-31T00:00:00Z,123.9400000000
2015-08-03T00:00:00Z,123.9800000000
2015-08-04T00:00:00Z,124.0000000000
2015-08-05T00:00:00Z,124.8400000000
2015-08-06T00:00:00Z,124.6000000000
2015-08-07T00:00:00Z,124.2700000000
2015-08-10T00:00:00Z,124.5500000000
2015-08-11T00:00:00Z,124.9000000000
2015-08-12T00:00:00Z,123.8700000000
2015-08-13T00:00:00Z,124.3200000000
2015-08-14T00:00:00Z,124.2700000000
2015-08-17T00:00:00Z,124.3300000000
2015-08-18T00:00:00Z,124.3900000000
2015-08-19T00:00:00Z,124.1000000000
2015-08-20T00:00:00Z,123.5400000000
2015-08-21T00:00:00Z,122.1100000000
2015-08-24T00:00:00Z,118.5600000000
2015-08-25T00:00:00Z,119.9100000000
2015-08-26T00:00:00Z,119.0700000000
2015-08-27T00:00:00Z,120.8900000000
2015-08-28T00:00:00Z,121.3200000000
2015-08-31T00:00:00Z,121.2600000000
2015-09-01T00:00:00Z,119.9400000000
2015-09-02T00:00:00Z,120.0000000000
2015-09-03T00:00:00Z,120.2000000000
2015-09-04T00:00:00Z,119.0500000000
2015-09-08T00:00:00Z,119.7200000000
2015-09-09T00:00:00Z,120.9400000000
2015-09-10T00:00:00Z,120.7100000000
2015-09-11T00:00:00Z,120.6600000000
2015-09-14T00:00:00Z,119.9200000000
2015-09-15T00:00:00Z,120.3000000000
2015-09-16T00:00:00Z,120.6200000000
2015-09-17T00:00:00Z,120.9000000000
2015-09-18T00:00:00Z,119.8500000000
2015-09-21T00:00:00Z,120.4600000000
2015-09-22T00:00:00Z,120.0400000000
2015-09-23T00:00:00Z,120.1200000000
2015-09-24T00:00:00Z,119.5400000000
2015-09-25T00:00:00Z,120.7400000000
2015-09-28T00:00:00Z,119.8200000000
2015-09-29T00:00:00Z,119.7600000000
2015-09-30T00:00:00Z,119.8100000000
2015-10-01T00:00:00Z,119.5800000000
2015-10-02T00:00:00Z,119.4200000000
2015-10-05T00:00:00Z,120.3600000000
2015-10-06T00:00:00Z,120.1800000000
2015-10-07T00:00:00Z,119.9000000000
2015-10-08T00:00:00Z,119.9400000000
2015-10-09T00:00:00Z,120.3000000000
2015-10-13T00:00:00Z,119.8000000000
2015-10-14T00:00:00Z,119.2100000000
2015-10-15T00:00:00Z,118.2600000000
2015-10-16T00:00:00Z,119.6000000000
2015-10-19T00:00:00Z,119.5000000000
2015-10-20T00:00:00Z,119.7900000000
2015-10-21T00:00:00Z,119.9100000000
2015-10-22T00:00:00Z,120.5000000000
2015-10-23T00:00:00Z,121.2000000000
2015-10-26T00:00:00Z,120.8700000000
2015-10-27T00:00:00Z,120.2900000000
2015-10-28T00:00:00Z,120.5600000000
2015-10-29T00:00:00Z,121.1400000000
2015-10-30T00:00:00Z,120.7000000000
2015-11-02T00:00:00Z,120.7000000000
2015-11-03T00:00:00Z,121.2000000000
2015-11-04T00:00:00Z,121.5200000000
2015-11-05T00:00:00Z,121.7100000000
2015-11-06T00:00:00Z,123.2000000000
2015-11-09T00:00:00Z,123.0400000000
2015-11-10T00:00:00Z,123.2200000000
2015-11-12T00:00:00Z,122.8400000000
2015-11-13T00:00:00Z,122.9300000000
2015-11-16T00:00:00Z,123.1100000000
2015-11-17T00:00:00Z,123.4800000000
2015-11-18T00:00:00Z,123.5100000000
2015-11-19T00:00:00Z,122.7100000000
2015-11-20T00:00:00Z,122.8000000000
2015-11-23T00:00:00Z,123.0200000000
2015-11-24T00:00:00Z,122.4700000000
2015-11-25T00:00:00Z,122.7000000000
2015-11-27T00:00:00Z,122.8400000000
2015-11-30T00:00:00Z,123.2200000000
2015-12-01T00:00:00Z,122.8800000000
2015-12-02T00:00:00Z,123.5200000000
2015-12-03T00:00:00Z,123.0600000000
2015-12-04T00:00:00Z,123.1000000000
2015-12-07T00:00:00Z,123.3100000000
2015-12-08T00:00:00Z,123.0000000000
2015-12-09T00:00:00Z,121.8600000000
2015-12-10T00:00:00Z,121.4400000000
2015-12-11T00:00:00Z,120.9400000000
2015-12-14T00:00:00Z,120.5700000000
2015-12-15T00:00:00Z,121.6600000000
2015-12-16T00:00:00Z,121.8800000000
2015-12-17T00:00:00Z,122.7500000000
2015-12-18T00:00:00Z,121.2000000000
2015-12-21T00:00:00Z,120.9900000000
2015-12-22T00:00:00Z,120.9400000000
2015-12-23T00:00:00Z,120.9400000000
2015-12-24T00:00:00Z,120.3200000000
2015-12-28T00:00:00Z,120.3000000000
2015-12-29T00:00:00Z,120.4400000000
2015-12-30T00:00:00Z,120.6000000000
2015-12-31T00:00:00Z,120.2700000000
2016-01-04T00:00:00Z,119.3000000000
2016-01-05T00:00:00Z,118.9500000000
2016-01-06T00:00:00Z,118.5400000000
2016-01-07T00:00:00Z,118.0000000000
2016-01-08T00:00:00Z,117.7400000000
2016-01-11T00:00:00Z,117.4800000000
2016-01-12T00:00:00Z,117.7800000000
2016-01-13T00:00:00Z,118.0600000000
2016-01-14T00:00:00Z,118.0300000000
2016-01-15T00:00:00Z,116.7800000000
2016-01-19T00:00:00Z,117.6600000000
2016-01-20T00:00:00Z,116.3800000000
2016-01-21T00:00:00Z,117.6100000000
2016-01-22T00:00:00Z,118.3700000000
2016-01-25T00:00:00Z,118.5500000000
2016-01-26T00:00:00Z,118.5000000000
2016-01-27T00:00:00Z,118.9000000000
2016-01-28T00:00:00Z,118.6100000000
2016-01-29T00:00:00Z,121.0500000000
2016-02-01T00:00:00Z,121.0600000000
2016-02-02T00:00:00Z,120.2700000000
2016-02-03T00:00:00Z,117.9200000000
2016-02-04T00:00:00Z,116.7500000000
2016-02-05T00:00:00Z,116.9900000000
2016-02-08T00:00:00Z,115.7000000000
2016-02-09T00:00:00Z,114.8000000000
2016-02-10T00:00:00Z,114.0300000000
2016-02-11T00:00:00Z,111.7200000000
2016-02-12T00:00:00Z,112.9600000000
2016-02-16T00:00:00Z,113.9000000000
2016-02-17T00:00:00Z,114.1400000000
2016-02-18T00:00:00Z,113.6200000000
2016-02-19T00:00:00Z,112.4200000000
2016-02-22T00:00:00Z,113.1200000000
2016-02-23T00:00:00Z,112.1700000000
2016-02-24T00:00:00Z,111.3600000000
2016-02-25T00:00:00Z,112.7000000000
2016-02-26T00:00:00Z,113.7800000000
2016-02-29T00:00:00Z,112.9000000000
2016-03-01T00:00:00Z,113.9400000000
2016-03-02T00:00:00Z,113.8100000000
2016-03-03T00:00:00Z,113.5300000000
2016-03-04T00:00:00Z,113.9100000000
2016-03-07T00:00:00Z,113.6000000000
2016-03-08T00:00:00Z,112.5800000000
2016-03-09T00:00:00Z,113.0600000000
2016-03-10T00:00:00Z,113.1000000000
2016-03-11T00:00:00Z,113.6600000000
2016-03-14T00:00:00Z,113.5900000000
2016-03-15T00:00:00Z,112.8800000000
2016-03-16T00:00:00Z,113.6900000000
2016-03-17T00:00:00Z,111.3000000000
2016-03-18T00:00:00Z,111.3800000000
2016-03-21T00:00:00Z,111.6200000000
2016-03-22T00:00:00Z,111.8200000000
2016-03-23T00:00:00Z,112.6300000000
2016-03-24T00:00:00Z,112.6400000000
2016-03-25T00:00:00Z,113.0500000000
2016-03-28T00:00:00Z,113.2900000000
2016-03-29T00:00:00Z,113.3300000000
2016-03-30T00:00:00Z,112.6000000000
2016-03-31T00:00:00Z,112.4200000000
2016-04-01T00:00:00Z,112.0600000000
2016-04-04T00:00:00Z,111.1800000000
2016-04-05T00:00:00Z,110.2600000000
2016-04-06T00:00:00Z,109.6300000000
2016-04-07T00:00:00Z,107.9800000000
2016-04-08T00:00:00Z,108.3600000000
2016-04-11T00:00:00Z,107.9600000000
2016-04-12T00:00:00Z,108.5400000000
2016-04-13T00:00:00Z,109.2100000000
2016-04-14T00:00:00Z,109.2000000000
2016-04-15T00:00:00Z,108.7600000000
2016-04-18T00:00:00Z,108.8500000000
2016-04-19T00:00:00Z,109.1600000000
2016-04-20T00:00:00Z,109.5100000000
2016-04-21T00:00:00Z,109.4100000000
2016-04-22T00:00:00Z,111.5000000000
2016-04-25T00:00:00Z,111.0800000000
2016-04-26T00:00:00Z,111.2300000000
2016-04-27T00:00:00Z,111.2600000000
2016-04-28T00:00:00Z,108.5500000000
2016-04-29T00:00:00Z,106.9000000000
2016-05-02T00:00:00Z,106.4800000000
2016-05-03T00:00:00Z,106.3400000000
2016-05-04T00:00:00Z,107.1200000000
2016-05-05T00:00:00Z,107.3200000000
2016-05-06T00:00:00Z,106.6600000000
2016-05-09T00:00:00Z,108.3900000000
2016-05-10T00:00:00Z,109.2200000000
2016-05-11T00:00:00Z,108.4800000000
2016-05-12T00:00:00Z,108.7300000000
2016-05-13T00:00:00Z,109.1400000000
2016-05-16T00:00:00Z,108.8900000000
2016-05-17T00:00:00Z,109.0200000000
2016-05-18T00:00:00Z,109.6500000000
2016-05-19T00:00:00Z,109.8100000000
2016-05-20T00:00:00Z,110.5200000000
2016-05-23T00:00:00Z,109.4700000000
2016-05-24T00:00:00Z,110.0000000000
2016-05-25T00:00:00Z,110.2200000000
2016-05-26T00:00:00Z,109.7400000000
2016-05-27T00:00:00Z,109.8600000000
2016-05-31T00:00:00Z,110.7500000000
2016-06-01T00:00:00Z,109.5500000000
2016-06-02T00:00:00Z,108.7500000000
2016-06-03T00:00:00Z,106.8800000000
2016-06-06T00:00:00Z,107.3300000000
2016-06-07T00:00:00Z,107.3000000000
2016-06-08T00:00:00Z,106.6800000000
2016-06-09T00:00:00Z,106.5400000000
2016-06-10T00:00:00Z,107.0600000000
2016-06-13T00:00:00Z,106.0700000000
2016-06-14T00:00:00Z,106.0200000000
2016-06-15T00:00:00Z,105.8700000000
2016-06-16T00:00:00Z,104.0500000000
2016-06-17T00:00:00Z,104.2000000000
2016-06-20T00:00:00Z,104.3200000000
2016-06-21T00:00:00Z,104.5600000000
2016-06-22T00:00:00Z,104.5600000000
2016-06-23T00:00:00Z,105.9000000000
2016-06-24T00:00:00Z,102.2600000000
2016-06-27T00:00:00Z,101.6600000000
2016-06-28T00:00:00Z,102.7100000000
2016-06-29T00:00:00Z,102.6800000000
2016-06-30T00:00:00Z,102.7700000000
2016-07-01T00:00:00Z,102.5500000000
2016-07-05T00:00:00Z,101.5800000000
2016-07-06T00:00:00Z,101.1200000000
2016-07-07T00:00:00Z,100.7400000000
2016-07-08T00:00:00Z,100.6500000000
2016-07-11T00:00:00Z,102.6600000000
2016-07-12T00:00:00Z,104.7200000000
2016-07-13T00:00:00Z,104.1000000000
2016-07-14T00:00:00Z,105.4000000000
2016-07-15T00:00:00Z,105.6400000000
2016-07-18T00:00:00Z,106.0000000000
2016-07-19T00:00:00Z,106.1300000000
2016-07-20T00:00:00Z,106.6500000000
2016-07-21T00:00:00Z,105.9800000000
2016-07-22T00:00:00Z,106.2200000000
2016-07-25T00:00:00Z,106.0200000000
2016-07-26T00:00:00Z,104.8300000000
2016-07-27T00:00:00Z,105.6500000000
2016-07-28T00:00:00Z,104.8600000000
2016-07-29T00:00:00Z,102.3200000000
2016-08-01T00:00:00Z,102.2600000000
2016-08-02T00:00:00Z,100.8200000000
2016-08-03T00:00:00Z,101.3400000000
2016-08-04T00:00:00Z,101.0800000000
2016-08-05T00:00:00Z,101.7400000000
2016-08-08T00:00:00Z,102.5300000000
2016-08-09T00:00:00Z,101.9600000000
2016-08-10T00:00:00Z,101.2700000000
2016-08-11T00:00:00Z,101.4600000000
2016-08-12T00:00:00Z,101.0100000000
2016-08-15T00:00:00Z,101.0200000000
2016-08-16T00:00:00Z,100.2800000000
2016-08-17T00:00:00Z,100.2400000000
2016-08-18T00:00:00Z,100.0700000000
2016-08-19T00:00:00Z,100.2400000000
2016-08-22T00:00:00Z,100.2500000000
2016-08-23T00:00:00Z,100.2000000000
2016-08-24T00:00:00Z,100.5000000000
2016-08-25T00:00:00Z,100.5800000000
2016-08-26T00:00:00Z,101.2000000000
2016-08-29T00:00:00Z,102.1300000000
2016-08-30T00:00:00Z,102.9200000000
2016-08-31T00:00:00Z,103.3800000000
2016-09-01T00:00:00Z,103.2200000000
2016-09-02T00:00:00Z,104.1800000000
2016-09-06T00:00:00Z,102.2800000000
2016-09-07T00:00:00Z,101.7200000000
2016-09-08T00:00:00Z,102.2800000000
2016-09-09T00:00:00Z,102.8600000000
2016-09-12T00:00:00Z,101.9600000000
2016-09-13T00:00:00Z,102.1400000000
2016-09-14T00:00:00Z,102.3300000000
2016-09-15T00:00:00Z,102.2400000000
2016-09-16T00:00:00Z,102.3600000000
2016-09-19T00:00:00Z,101.8200000000
2016-09-20T00:00:00Z,101.6600000000
2016-09-21T00:00:00Z,100.6200000000
2016-09-22T00:00:00Z,100.8000000000
2016-09-23T00:00:00Z,101.0400000000
2016-09-26T00:00:00Z,100.3400000000
2016-09-27T00:00:00Z,100.3600000000
2016-09-28T00:00:00Z,100.5700000000
2016-09-29T00:00:00Z,101.4800000000
2016-09-30T00:00:00Z,101.2100000000
2016-10-03T00:00:00Z,101.5400000000
2016-10-04T00:00:00Z,102.6600000000
2016-10-05T00:00:00Z,103.5300000000
2016-10-06T00:00:00Z,104.0200000000
2016-10-07T00:00:00Z,103.4200000000
2016-10-11T00:00:00Z,103.3600000000
2016-10-12T00:00:00Z,104.4800000000
2016-10-13T00:00:00Z,103.6200000000
2016-10-14T00:00:00Z,104.1000000000
2016-10-17T00:00:00Z,103.9600000000
2016-10-18T00:00:00Z,103.8000000000
2016-10-19T00:00:00Z,103.3000000000
2016-10-20T00:00:00Z,103.9200000000
2016-10-21T00:00:00Z,103.9600000000
2016-10-24T00:00:00Z,104.2000000000
2016-10-25T00:00:00Z,104.2500000000
2016-10-26T00:00:00Z,104.4200000000
2016-10-27T00:00:00Z,105.1400000000
2016-10-28T00:00:00Z,105.4000000000
2016-10-31T00:00:00Z,105.0700000000
2016-11-01T00:00:00Z,104.5900000000
2016-11-02T00:00:00Z,103.2200000000
2016-11-03T00:00:00Z,103.1700000000
2016-11-04T00:00:00Z,103.0200000000
2016-11-07T00:00:00Z,104.6000000000
2016-11-08T00:00:00Z,104.9800000000
2016-11-09T00:00:00Z,104.8400000000
2016-11-10T00:00:00Z,106.5600000000
2016-11-14T00:00:00Z,108.3000000000
2016-11-15T00:00:00Z,108.9400000000
2016-11-16T00:00:00Z,109.1600000000
2016-11-17T00:00:00Z,109.6400000000
2016-11-18T00:00:00Z,110.5100000000
2016-11-21T00:00:00Z,111.1200000000
2016-11-22T00:00:00Z,110.9800000000
2016-11-23T00:00:00Z,112.5800000000
2016-11-25T00:00:00Z,113.1700000000
2016-11-28T00:00:00Z,112.3600000000
2016-11-29T00:00:00Z,112.7800000000
2016-11-30T00:00:00Z,114.3400000000
2016-12-01T00:00:00Z,114.3400000000
2016-12-02T00:00:00Z,113.7600000000
2016-12-05T00:00:00Z,114.1000000000
2016-12-06T00:00:00Z,113.9800000000
2016-12-07T00:00:00Z,113.5000000000
2016-12-08T00:00:00Z,114.1600000000
2016-12-09T00:00:00Z,115.1700000000
2016-12-12T00:00:00Z,115.3400000000
2016-12-13T00:00:00Z,115.2600000000
2016-12-14T00:00:00Z,115.0600000000
2016-12-15T00:00:00Z,118.3200000000
2016-12-16T00:00:00Z,117.7400000000
2016-12-19T00:00:00Z,116.6000000000
2016-12-20T00:00:00Z,117.8600000000
2016-12-21T00:00:00Z,117.7900000000
2016-12-22T00:00:00Z,117.4800000000
2016-12-23T00:00:00Z,117.2200000000
2016-12-27T00:00:00Z,117.5200000000
2016-12-28T00:00:00Z,117.6600000000
2016-12-29T00:00:00Z,116.3200000000
2016-12-30T00:00:00Z,116.7800000000
2017-01-03T00:00:00Z,117.6800000000
2017-01-04T00:00:00Z,117.3800000000
2017-01-05T00:00:00Z,115.4600000000
2017-01-06T00:00:00Z,116.8500000000
2017-01-09T00:00:00Z,116.0700000000
2017-01-10T00:00:00Z,115.7400000000
2017-01-11T00:00:00Z,116.2600000000
2017-01-12T00:00:00Z,113.8700000000
2017-01-13T00:00:00Z,115.0300000000
2017-01-17T00:00:00Z,112.9600000000
2017-01-18T00:00:00Z,113.4000000000
2017-01-19T00:00:00Z,115.3000000000
2017-01-23T00:00:00Z,112.9000000000
2017-01-24T00:00:00Z,113.6300000000
2017-01-25T00:00:00Z,113.6000000000
2017-01-26T00:00:00Z,114.7000000000
2017-01-27T00:00:00Z,115.1600000000
2017-01-30T00:00:00Z,113.8600000000
2017-01-31T00:00:00Z,112.7200000000
2017-02-01T00:00:00Z,113.2900000000
2017-02-02T00:00:00Z,112.4800000000
2017-02-03T00:00:00Z,112.4200000000
2017-02-06T00:00:00Z,112.3200000000
2017-02-07T00:00:00Z,112.1400000000
2017-02-08T00:00:00Z,111.7400000000
2017-02-09T00:00:00Z,113.2400000000
2017-02-10T00:00:00Z,113.2200000000
2017-02-13T00:00:00Z,113.7900000000
2017-02-14T00:00:00Z,114.3400000000
2017-02-15T00:00:00Z,114.1700000000
2017-02-16T00:00:00Z,113.3600000000
2017-02-17T00:00:00Z,112.8600000000
2017-02-21T00:00:00Z,113.4800000000
2017-02-22T00:00:00Z,113.4600000000
2017-02-23T00:00:00Z,112.6800000000
2017-02-24T00:00:00Z,112.2600000000
2017-02-27T00:00:00Z,112.0100000000
2017-02-28T00:00:00Z,112.0600000000
2017-03-01T00:00:00Z,113.6600000000
2017-03-02T00:00:00Z,114.4500000000
2017-03-03T00:00:00Z,114.6000000000
2017-03-06T00:00:00Z,113.9200000000
2017-03-07T00:00:00Z,113.9900000000
2017-03-08T00:00:00Z,114.5800000000
2017-03-09T00:00:00Z,114.7100000000
2017-03-10T00:00:00Z,115.0200000000
2017-03-13T00:00:00Z,114.6100000000
2017-03-14T00:00:00Z,114.6300000000
2017-03-15T00:00:00Z,114.6600000000
2017-03-16T00:00:00Z,113.0200000000
2017-03-17T00:00:00Z,112.6700000000
2017-03-20T00:00:00Z,112.5900000000
2017-03-21T00:00:00Z,111.9000000000
2017-03-22T00:00:00Z,111.0600000000
2017-03-23T00:00:00Z,111.1200000000
2017-03-24T00:00:00Z,111.0300000000
2017-03-27T00:00:00Z,110.4800000000
2017-03-28T00:00:00Z,110.5600000000
2017-03-29T00:00:00Z,111.0500000000
2017-03-30T00:00:00Z,111.3600000000
2017-03-31T00:00:00Z,111.4100000000
2017-04-03T00:00:00Z,110.9600000000
2017-04-04T00:00:00Z,110.7400000000
2017-04-05T00:00:00Z,111.2000000000
2017-04-06T00:00:00Z,111.0200000000
2017-04-07T00:00:00Z,110.7600000000
2017-04-10T00:00:00Z,110.9500000000
2017-04-11T00:00:00Z,109.7400000000
2017-04-12T00:00:00Z,109.5400000000
2017-04-13T00:00:00Z,109.2300000000
2017-04-14T00:00:00Z,108.6300000000
2017-04-17T00:00:00Z,108.4600000000
2017-04-18T00:00:00Z,108.4000000000
2017-04-19T00:00:00Z,109.0600000000
2017-04-20T00:00:00Z,109.3400000000
2017-04-21T00:00:00Z,109.0800000000
2017-04-24T00:00:00Z,109.7400000000
2017-04-25T00:00:00Z,110.8800000000
2017-04-26T00:00:00Z,111.5200000000
2017-04-27T00:00:00Z,111.1300000000
2017-04-28T00:00:00Z,111.4400000000
2017-05-01T00:00:00Z,111.7800000000
2017-05-02T00:00:00Z,112.0600000000
2017-05-03T00:00:00Z,112.3400000000
2017-05-04T00:00:00Z,112.7000000000
2017-05-05T00:00:00Z,112.6300000000
2017-05-08T00:00:00Z,112.8400000000
2017-05-09T00:00:00Z,114.1900000000
2017-05-10T00:00:00Z,114.0200000000
2017-05-11T00:00:00Z,113.7700000000
2017-05-12T00:00:00Z,113.3000000000
2017-05-15T00:00:00Z,113.5400000000
2017-05-16T00:00:00Z,113.2400000000
2017-05-17T00:00:00Z,111.4600000000
2017-05-18T00:00:00Z,110.8200000000
2017-05-19T00:00:00Z,111.4700000000
2017-05-22T00:00:00Z,111.1500000000
2017-05-23T00:00:00Z,111.6400000000
2017-05-24T00:00:00Z,112.0200000000
2017-05-25T00:00:00Z,111.7000000000
2017-05-26T00:00:00Z,111.3000000000
2017-05-30T00:00:00Z,110.6800000000
2017-05-31T00:00:00Z,110.7100000000
2017-06-01T00:00:00Z,111.2400000000
2017-06-02T00:00:00Z,110.4900000000
2017-06-05T00:00:00Z,110.4900000000
2017-06-06T00:00:00Z,109.3400000000
2017-06-07T00:00:00Z,109.5400000000
2017-06-08T00:00:00Z,110.1000000000
2017-06-09T00:00:00Z,110.6100000000
2017-06-12T00:00:00Z,109.7200000000
2017-06-13T00:00:00Z,110.1200000000
2017-06-14T00:00:00Z,109.1600000000
2017-06-15T00:00:00Z,110.6600000000
2017-06-16T00:00:00Z,110.8400000000
2017-06-19T00:00:00Z,111.3400000000
2017-06-20T00:00:00Z,111.4600000000
2017-06-21T00:00:00Z,111.5800000000
2017-06-22T00:00:00Z,111.3600000000
2017-06-23T00:00:00Z,111.2600000000
2017-06-26T00:00:00Z,111.4800000000
2017-06-27T00:00:00Z,112.4200000000
2017-06-28T00:00:00Z,112.1800000000
2017-06-29T00:00:00Z,112.3200000000
2017-06-30T00:00:00Z,112.4000000000
2017-07-03T00:00:00Z,113.3200000000
2017-07-05T00:00:00Z,113.2000000000
2017-07-06T00:00:00Z,113.2800000000
2017-07-07T00:00:00Z,114.1000000000
2017-07-10T00:00:00Z,114.0800000000
2017-07-11T00:00:00Z,114.2000000000
2017-07-12T00:00:00Z,113.1900000000
2017-07-13T00:00:00Z,113.3900000000
2017-07-14T00:00:00Z,112.6600000000
2017-07-17T00:00:00Z,112.7600000000
2017-07-18T00:00:00Z,111.8900000000
2017-07-19T00:00:00Z,111.7700000000
2017-07-20T00:00:00Z,111.6800000000
2017-07-21T00:00:00Z,111.1800000000
2017-07-24T00:00:00Z,111.1000000000
2017-07-25T00:00:00Z,111.5700000000
2017-07-26T00:00:00Z,112.1000000000
2017-07-27T00:00:00Z,111.6200000000
2017-07-28T00:00:00Z,110.8700000000
2017-07-31T00:00:00Z,110.3800000000
2017-08-01T00:00:00Z,110.3300000000
2017-08-02T00:00:00Z,110.4300000000
2017-08-03T00:00:00Z,110.1200000000
2017-08-04T00:00:00Z,110.7600000000
2017-08-07T00:00:00Z,110.7600000000
2017-08-08T00:00:00Z,110.7400000000
2017-08-09T00:00:00Z,110.0400000000
2017-08-10T00:00:00Z,109.3700000000
2017-08-11T00:00:00Z,109.0600000000
2017-08-14T00:00:00Z,109.4800000000
2017-08-15T00:00:00Z,110.4200000000
2017-08-16T00:00:00Z,110.8000000000
2017-08-17T00:00:00Z,109.8800000000
2017-08-18T00:00:00Z,109.3200000000
2017-08-21T00:00:00Z,108.8900000000
2017-08-22T00:00:00Z,109.4000000000
2017-08-23T00:00:00Z,109.1400000000
2017-08-24T00:00:00Z,109.3400000000
2017-08-25T00:00:00Z,109.2400000000
2017-08-28T00:00:00Z,109.2200000000
2017-08-29T00:00:00Z,109.0200000000
2017-08-30T00:00:00Z,110.2000000000
2017-08-31T00:00:00Z,110.0600000000
2017-09-01T00:00:00Z,110.0900000000
2017-09-05T00:00:00Z,108.9400000000
2017-09-06T00:00:00Z,108.7500000000
2017-09-07T00:00:00Z,108.2600000000
2017-09-08T00:00:00Z,107.7200000000
2017-09-11T00:00:00Z,109.0300000000
2017-09-12T00:00:00Z,110.0100000000
2017-09-13T00:00:00Z,110.5800000000
2017-09-14T00:00:00Z,110.6600000000
2017-09-15T00:00:00Z,110.8400000000
2017-09-18T00:00:00Z,111.4800000000
2017-09-19T00:00:00Z,111.4900000000
2017-09-20T00:00:00Z,111.5000000000
2017-09-21T00:00:00Z,112.3000000000
2017-09-22T00:00:00Z,112.0100000000
2017-09-25T00:00:00Z,111.6400000000
2017-09-26T00:00:00Z,112.1600000000
2017-09-27T00:00:00Z,112.7600000000
2017-09-28T00:00:00Z,112.6600000000
2017-09-29T00:00:00Z,112.6400000000
2017-10-02T00:00:00Z,112.6000000000
2017-10-03T00:00:00Z,112.8000000000
2017-10-04T00:00:00Z,112.8400000000
2017-10-05T00:00:00Z,112.7400000000
2017-10-06T00:00:00Z,112.6800000000
2017-10-10T00:00:00Z,112.1500000000
2017-10-11T00:00:00Z,112.3500000000
2017-10-12T00:00:00Z,112.3800000000
2017-10-13T00:00:00Z,111.9400000000
2017-10-16T00:00:00Z,111.7200000000
2017-10-17T00:00:00Z,112.3200000000
2017-10-18T00:00:00Z,112.9400000000
2017-10-19T00:00:00Z,112.5400000000
2017-10-20T00:00:00Z,113.5000000000
2017-10-23T00:00:00Z,113.6600000000
2017-10-24T00:00:00Z,113.9200000000
2017-10-25T00:00:00Z,113.7000000000
2017-10-26T00:00:00Z,113.7200000000
2017-10-27T00:00:00Z,113.8200000000
2017-10-30T00:00:00Z,113.2600000000
2017-10-31T00:00:00Z,113.6300000000
2017-11-01T00:00:00Z,114.0400000000
2017-11-02T00:00:00Z,113.8400000000
2017-11-03T00:00:00Z,114.2500000000
2017-11-06T00:00:00Z,113.9000000000
2017-11-07T00:00:00Z,113.9000000000
2017-11-08T00:00:00Z,113.6200000000
2017-11-09T00:00:00Z,113.4000000000
2017-11-13T00:00:00Z,113.6200000000
2017-11-14T00:00:00Z,113.5000000000
2017-11-15T00:00:00Z,113.1500000000
2017-11-16T00:00:00Z,112.8900000000
2017-11-17T00:00:00Z,111.9800000000
2017-11-20T00:00:00Z,112.4900000000
2017-11-21T00:00:00Z,112.4600000000
2017-11-22T00:00:00Z,111.6200000000
2017-11-24T00:00:00Z,111.5400000000
2017-11-27T00:00:00Z,111.0000000000
2017-11-28T00:00:00Z,111.1300000000
2017-11-29T00:00:00Z,111.7500000000
2017-11-30T00:00:00Z,112.3000000000
2017-12-01T00:00:00Z,111.8800000000
2017-12-04T00:00:00Z,112.8000000000
2017-12-05T00:00:00Z,112.7600000000
2017-12-06T00:00:00Z,112.3200000000
2017-12-07T00:00:00Z,112.7000000000
2017-12-08T00:00:00Z,113.5500000000
2017-12-11T00:00:00Z,113.3400000000
2017-12-12T00:00:00Z,113.6200000000
2017-12-13T00:00:00Z,113.1900000000
2017-12-14T00:00:00Z,112.5600000000
2017-12-15T00:00:00Z,112.6800000000
2017-12-18T00:00:00Z,112.4000000000
2017-12-19T00:00:00Z,112.9800000000
2017-12-20T00:00:00Z,113.2900000000
2017-12-21T00:00:00Z,113.4200000000
2017-12-22T00:00:00Z,113.3000000000
2017-12-26T00:00:00Z,113.2000000000
2017-12-27T00:00:00Z,113.2800000000
2017-12-28T00:00:00Z,112.8500000000
2017-12-29T00:00:00Z,112.6900000000
2018-01-02T00:00:00Z,112.1800000000
2018-01-03T00:00:00Z,112.2800000000
2018-01-04T00:00:00Z,112.7800000000
2018-01-05T00:00:00Z,113.1800000000
2018-01-08T00:00:00Z,113.0800000000
2018-01-09T00:00:00Z,112.5700000000
2018-01-10T00:00:00Z,111.4800000000
2018-01-11T00:00:00Z,111.3500000000
2018-01-12T00:00:00Z,111.2300000000
2018-01-16T00:00:00Z,110.7400000000
2018-01-17T00:00:00Z,110.8100000000
2018-01-18T00:00:00Z,110.8800000000
2018-01-19T00:00:00Z,110.5600000000
2018-01-22T00:00:00Z,111.1500000000
2018-01-23T00:00:00Z,110.4600000000
2018-01-24T00:00:00Z,109.1500000000
2018-01-25T00:00:00Z,108.7000000000
2018-01-26T00:00:00Z,108.3800000000
2018-01-29T00:00:00Z,109.1200000000
2018-01-30T00:00:00Z,108.9000000000
2018-01-31T00:00:00Z,109.3100000000
2018-02-01T00:00:00Z,109.5000000000
2018-02-02T00:00:00Z,110.4000000000
2018-02-05T00:00:00Z,110.0900000000
2018-02-06T00:00:00Z,109.1800000000
2018-02-07T00:00:00Z,109.5300000000
2018-02-08T00:00:00Z,109.0000000000
2018-02-09T00:00:00Z,108.4400000000
2018-02-12T00:00:00Z,108.7200000000
2018-02-13T00:00:00Z,107.5900000000
2018-02-14T00:00:00Z,107.0000000000
2018-02-15T00:00:00Z,106.3600000000
2018-02-16T00:00:00Z,106.1000000000
2018-02-20T00:00:00Z,107.2300000000
2018-02-21T00:00:00Z,107.6400000000
2018-02-22T00:00:00Z,106.9600000000
2018-02-23T00:00:00Z,106.6400000000
2018-02-26T00:00:00Z,106.9600000000
2018-02-27T00:00:00Z,107.4700000000
2018-02-28T00:00:00Z,106.6200000000
2018-03-01T00:00:00Z,106.9100000000
2018-03-02T00:00:00Z,105.6500000000
2018-03-05T00:00:00Z,105.9700000000
2018-03-06T00:00:00Z,106.0300000000
2018-03-07T00:00:00Z,105.9400000000
2018-03-08T00:00:00Z,106.0800000000
2018-03-09T00:00:00Z,106.7400000000
2018-03-12T00:00:00Z,106.5200000000
2018-03-13T00:00:00Z,106.6400000000
2018-03-14T00:00:00Z,106.1700000000
2018-03-15T00:00:00Z,106.0700000000
2018-03-16T00:00:00Z,106.1000000000
2018-03-19T00:00:00Z,105.8300000000
2018-03-20T00:00:00Z,106.4200000000
2018-03-21T00:00:00Z,106.3000000000
2018-03-22T00:00:00Z,105.3400000000
2018-03-23T00:00:00Z,104.8300000000
2018-03-26T00:00:00Z,105.0000000000
2018-03-27T00:00:00Z,105.7200000000
2018-03-28T00:00:00Z,106.3000000000
2018-03-29T00:00:00Z,106.2700000000
2018-03-30T00:00:00Z,106.2000000000
2018-04-02T00:00:00Z,105.9900000000
2018-04-03T00:00:00Z,106.4500000000
2018-04-04T00:00:00Z,106.5600000000
2018-04-05T00:00:00Z,107.4800000000
2018-04-06T00:00:00Z,107.0300000000
2018-04-09T00:00:00Z,107.0600000000
2018-04-10T00:00:00Z,107.3000000000
2018-04-11T00:00:00Z,106.7800000000
2018-04-12T00:00:00Z,107.3000000000
2018-04-13T00:00:00Z,107.5200000000
2018-04-16T00:00:00Z,107.2600000000
2018-04-17T00:00:00Z,107.0900000000
2018-04-18T00:00:00Z,107.2600000000
2018-04-19T00:00:00Z,107.4200000000
2018-04-20T00:00:00Z,107.6000000000
2018-04-23T00:00:00Z,108.6200000000
2018-04-24T00:00:00Z,109.0300000000
2018-04-25T00:00:00Z,109.3300000000
2018-04-26T00:00:00Z,109.3000000000
2018-04-27T00:00:00Z,109.1200000000
2018-04-30T00:00:00Z,109.2800000000
2018-05-01T00:00:00Z,109.6900000000
2018-05-02T00:00:00Z,109.8900000000
2018-05-03T00:00:00Z,109.0600000000
2018-05-04T00:00:00Z,109.1600000000
2018-05-07T00:00:00Z,109.1400000000
2018-05-08T00:00:00Z,109.1600000000
2018-05-09T00:00:00Z,109.6800000000
2018-05-10T00:00:00Z,109.5300000000
2018-05-11T00:00:00Z,109.2600000000
2018-05-14T00:00:00Z,109.5200000000
2018-05-15T00:00:00Z,110.2500000000
2018-05-16T00:00:00Z,110.2200000000
2018-05-17T00:00:00Z,110.7600000000
2018-05-18T00:00:00Z,110.7100000000
2018-05-21T00:00:00Z,111.0800000000
2018-05-22T00:00:00Z,110.9400000000
2018-05-23T00:00:00Z,110.0500000000
2018-05-24T00:00:00Z,109.3000000000
2018-05-25T00:00:00Z,109.3500000000
2018-05-29T00:00:00Z,108.6200000000
2018-05-30T00:00:00Z,109.0400000000
2018-05-31T00:00:00Z,108.7300000000
2018-06-01T00:00:00Z,109.4900000000
2018-06-04T00:00:00Z,109.6600000000
2018-06-05T00:00:00Z,109.6300000000
2018-06-06T00:00:00Z,110.0000000000
2018-06-07T00:00:00Z,109.9200000000
2018-06-08T00:00:00Z,109.4500000000
2018-06-11T00:00:00Z,109.9400000000
2018-06-12T00:00:00Z,110.2200000000
2018-06-13T00:00:00Z,110.4100000000
2018-06-14T00:00:00Z,110.4400000000
2018-06-15T00:00:00Z,110.5800000000
2018-06-18T00:00:00Z,110.4400000000
2018-06-19T00:00:00Z,110.0200000000
2018-06-20T00:00:00Z,110.1400000000
2018-06-21T00:00:00Z,110.0500000000
2018-06-22T00:00:00Z,109.9800000000
2018-06-25T00:00:00Z,109.6200000000
2018-06-26T00:00:00Z,109.9200000000
2018-06-27T00:00:00Z,110.3400000000
2018-06-28T00:00:00Z,110.3800000000
2018-06-29T00:00:00Z,110.7100000000
2018-07-02T00:00:00Z,110.7300000000
2018-07-03T00:00:00Z,110.5400000000
2018-07-05T00:00:00Z,110.5900000000
2018-07-06T00:00:00Z,110.4800000000
2018-07-09T00:00:00Z,110.7800000000
2018-07-10T00:00:00Z,111.2400000000
2018-07-11T00:00:00Z,111.5200000000
2018-07-12T00:00:00Z,112.4100000000
2018-07-13T00:00:00Z,112.3800000000
2018-07-16T00:00:00Z,112.2900000000
2018-07-17T00:00:00Z,112.7900000000
2018-07-18T00:00:00Z,112.8200000000
2018-07-19T00:00:00Z,112.9800000000
2018-07-20T00:00:00Z,111.7400000000
2018-07-23T00:00:00Z,111.3600000000
2018-07-24T00:00:00Z,111.2700000000
2018-07-25T00:00:00Z,111.0200000000
2018-07-26T00:00:00Z,111.2000000000
2018-07-27T00:00:00Z,110.9400000000
2018-07-30T00:00:00Z,110.9800000000
2018-07-31T00:00:00Z,111.8800000000
2018-08-01T00:00:00Z,111.7200000000
2018-08-02T00:00:00Z,111.4800000000
2018-08-03T00:00:00Z,111.1200000000
2018-08-06T00:00:00Z,111.4300000000
2018-08-07T00:00:00Z,111.1900000000
2018-08-08T00:00:00Z,110.9600000000
2018-08-09T00:00:00Z,110.9000000000
2018-08-10T00:00:00Z,110.6600000000
2018-08-13T00:00:00Z,110.6500000000
2018-08-14T00:00:00Z,110.9200000000
2018-08-15T00:00:00Z,110.6200000000
2018-08-16T00:00:00Z,110.8900000000
2018-08-17T00:00:00Z,110.5400000000
2018-08-20T00:00:00Z,110.3800000000
2018-08-21T00:00:00Z,110.4800000000
2018-08-22T00:00:00Z,110.5400000000
2018-08-23T00:00:00Z,111.1400000000
2018-08-24T00:00:00Z,111.2200000000
2018-08-27T00:00:00Z,111.0900000000
2018-08-28T00:00:00Z,111.0400000000
2018-08-29T00:00:00Z,111.8000000000
2018-08-30T00:00:00Z,111.1700000000
2018-08-31T00:00:00Z,110.9800000000
2018-09-04T00:00:00Z,111.4400000000
2018-09-05T00:00:00Z,111.4700000000
2018-09-06T00:00:00Z,110.8700000000
2018-09-07T00:00:00Z,111.1800000000
2018-09-10T00:00:00Z,111.0900000000
2018-09-11T00:00:00Z,111.5400000000
2018-09-12T00:00:00Z,111.2900000000
2018-09-13T00:00:00Z,111.9200000000
2018-09-14T00:00:00Z,112.0900000000
2018-09-17T00:00:00Z,111.9700000000
2018-09-18T00:00:00Z,112.3000000000
2018-09-19T00:00:00Z,112.2100000000
2018-09-20T00:00:00Z,112.5800000000
2018-09-21T00:00:00Z,112.6200000000
2018-09-24T00:00:00Z,112.6200000000
2018-09-25T00:00:00Z,112.8800000000
2018-09-26T00:00:00Z,112.9200000000
2018-09-27T00:00:00Z,113.3800000000
2018-09-28T00:00:00Z,113.4800000000
2018-10-01T00:00:00Z,113.9600000000
2018-10-02T00:00:00Z,113.6600000000
2018-10-03T00:00:00Z,114.1900000000
2018-10-04T00:00:00Z,113.7900000000
2018-10-05T00:00:00Z,113.5600000000
2018-10-09T00:00:00Z,113.1300000000
2018-10-10T00:00:00Z,112.7100000000
2018-10-11T00:00:00Z,112.2600000000
2018-10-12T00:00:00Z,112.0200000000
2018-10-15T00:00:00Z,111.8200000000
2018-10-16T00:00:00Z,112.1600000000
2018-10-17T00:00:00Z,112.2100000000
2018-10-18T00:00:00Z,112.1100000000
2018-10-19T00:00:00Z,112.5200000000
2018-10-22T00:00:00Z,112.7800000000
2018-10-23T00:00:00Z,112.1200000000
2018-10-24T00:00:00Z,112.5800000000
2018-10-25T00:00:00Z,112.5400000000
2018-10-26T00:00:00Z,111.6500000000
2018-10-29T00:00:00Z,112.4900000000
2018-10-30T00:00:00Z,112.7600000000
2018-10-31T00:00:00Z,112.8600000000
2018-11-01T00:00:00Z,112.7900000000
2018-11-02T00:00:00Z,113.0900000000
2018-11-05T00:00:00Z,113.2200000000
2018-11-06T00:00:00Z,113.3800000000
2018-11-07T00:00:00Z,113.3200000000
2018-11-08T00:00:00Z,113.8700000000
2018-11-09T00:00:00Z,113.7700000000
2018-11-13T00:00:00Z,113.9700000000
2018-11-14T00:00:00Z,113.7000000000
2018-11-15T00:00:00Z,113.4600000000
2018-11-16T00:00:00Z,112.7600000000
2018-11-19T00:00:00Z,112.5400000000
2018-11-20T00:00:00Z,112.6600000000
2018-11-21T00:00:00Z,113.0600000000
2018-11-23T00:00:00Z,112.8300000000
2018-11-26T00:00:00Z,113.5800000000
2018-11-27T00:00:00Z,113.8400000000
2018-11-28T00:00:00Z,113.9600000000
2018-11-29T00:00:00Z,113.4200000000
2018-11-30T00:00:00Z,113.5400000000
2018-12-03T00:00:00Z,113.5400000000
2018-12-04T00:00:00Z,112.9300000000
2018-12-06T00:00:00Z,112.4600000000
2018-12-07T00:00:00Z,112.6000000000
2018-12-10T00:00:00Z,112.9600000000
2018-12-11T00:00:00Z,113.4100000000
2018-12-12T00:00:00Z,113.2800000000
2018-12-13T00:00:00Z,113.6600000000
2018-12-14T00:00:00Z,113.3500000000
2018-12-17T00:00:00Z,112.9600000000
2018-12-18T00:00:00Z,112.5400000000
2018-12-19T00:00:00Z,112.1500000000
2018-12-20T00:00:00Z,111.3400000000
2018-12-21T00:00:00Z,111.1400000000
2018-12-26T00:00:00Z,110.4500000000
2018-12-27T00:00:00Z,110.7800000000
2018-12-28T00:00:00Z,110.3400000000
2018-12-31T00:00:00Z,109.7000000000
2019-01-02T00:00:00Z,109.2200000000
2019-01-03T00:00:00Z,108.0700000000
2019-01-04T00:00:00Z,108.2900000000
2019-01-07T00:00:00Z,108.6200000000
2019-01-08T00:00:00Z,108.5700000000
2019-01-09T00:00:00Z,108.3800000000
2019-01-10T00:00:00Z,108.2900000000
2019-01-11T00:00:00Z,108.3400000000
2019-01-15T00:00:00Z,108.7200000000
2019-01-16T00:00:00Z,108.8400000000
2019-01-17T00:00:00Z,109.0100000000
2019-01-18T00:00:00Z,109.7900000000
2019-01-22T00:00:00Z,109.3400000000
2019-01-23T00:00:00Z,109.4400000000
2019-01-24T00:00:00Z,109.7200000000
2019-01-25T00:00:00Z,109.6000000000
2019-01-28T00:00:00Z,109.2000000000
2019-01-29T00:00:00Z,109.3600000000
2019-01-30T00:00:00Z,109.5700000000
2019-01-31T00:00:00Z,108.8400000000
2019-02-01T00:00:00Z,109.5500000000
2019-02-04T00:00:00Z,109.9600000000
2019-02-05T00:00:00Z,109.9900000000
2019-02-06T00:00:00Z,109.7500000000
2019-02-07T00:00:00Z,109.7000000000
2019-02-08T00:00:00Z,109.7600000000
2019-02-11T00:00:00Z,110.4000000000
2019-02-12T00:00:00Z,110.5000000000
2019-02-13T00:00:00Z,110.8600000000
2019-02-14T00:00:00Z,110.6800000000
2019-02-15T00:00:00Z,110.5400000000
2019-02-19T00:00:00Z,110.6800000000
2019-02-21T00:00:00Z,110.7200000000
2019-02-22T00:00:00Z,110.7000000000
2019-02-25T00:00:00Z,111.0700000000
2019-02-26T00:00:00Z,110.7600000000
2019-02-27T00:00:00Z,110.9200000000
2019-02-28T00:00:00Z,111.3800000000
2019-03-01T00:00:00Z,111.8900000000
2019-03-04T00:00:00Z,111.6800000000
2019-03-05T00:00:00Z,111.9800000000
2019-03-06T00:00:00Z,111.6600000000
2019-03-07T00:00:00Z,111.6000000000
2019-03-08T00:00:00Z,111.1100000000
2019-03-11T00:00:00Z,111.2100000000
2019-03-12T00:00:00Z,111.3800000000
2019-03-13T00:00:00Z,111.2300000000
2019-03-14T00:00:00Z,111.7100000000
2019-03-15T00:00:00Z,111.5700000000
2019-03-18T00:00:00Z,111.4100000000
2019-03-19T00:00:00Z,111.3800000000
2019-03-20T00:00:00Z,111.4100000000
2019-03-21T00:00:00Z,110.8600000000
2019-03-22T00:00:00Z,109.7600000000
2019-03-25T00:00:00Z,110.0900000000
2019-03-26T00:00:00Z,110.5000000000
2019-03-27T00:00:00Z,110.3800000000
2019-03-28T00:00:00Z,110.5400000000
2019-03-29T00:00:00Z,110.6800000000
2019-04-01T00:00:00Z,111.2900000000
2019-04-02T00:00:00Z,111.3200000000
2019-04-03T00:00:00Z,111.4800000000
2019-04-04T00:00:00Z,111.5500000000
2019-04-05T00:00:00Z,111.7100000000
2019-04-08T00:00:00Z,111.4700000000
2019-04-09T00:00:00Z,111.0800000000
2019-04-10T00:00:00Z,110.9200000000
2019-04-11T00:00:00Z,111.4800000000
2019-04-12T00:00:00Z,112.0000000000
2019-04-15T00:00:00Z,112.0000000000
2019-04-16T00:00:00Z,111.9500000000
2019-04-17T00:00:00Z,112.0000000000
2019-04-18T00:00:00Z,111.9400000000
2019-04-19T00:00:00Z,111.9200000000
2019-04-22T00:00:00Z,111.9400000000
2019-04-23T00:00:00Z,111.8600000000
2019-04-24T00:00:00Z,111.8100000000
2019-04-25T00:00:00Z,111.5900000000
2019-04-26T00:00:00Z,111.6000000000
2019-04-29T00:00:00Z,111.8000000000
2019-04-30T00:00:00Z,111.4000000000
2019-05-01T00:00:00Z,111.1800000000
2019-05-02T00:00:00Z,111.3900000000
2019-05-03T00:00:00Z,111.2800000000
2019-05-06T00:00:00Z,110.8600000000
2019-05-07T00:00:00Z,110.3400000000
2019-05-08T00:00:00Z,110.1200000000
2019-05-09T00:00:00Z,109.5500000000
2019-05-10T00:00:00Z,109.5600000000
2019-05-13T00:00:00Z,109.1800000000
2019-05-14T00:00:00Z,109.6800000000
2019-05-15T00:00:00Z,109.5800000000
2019-05-16T00:00:00Z,109.8900000000
2019-05-17T00:00:00Z,109.9000000000
2019-05-20T00:00:00Z,109.9600000000
2019-05-21T00:00:00Z,110.6000000000
2019-05-22T00:00:00Z,110.2800000000
2019-05-23T00:00:00Z,109.5800000000
2019-05-24T00:00:00Z,109.3800000000
2019-05-28T00:00:00Z,109.4900000000
2019-05-29T00:00:00Z,109.2400000000
2019-05-30T00:00:00Z,109.6700000000
2019-05-31T00:00:00Z,108.6600000000
2019-06-03T00:00:00Z,108.3900000000
2019-06-04T00:00:00Z,108.3000000000
2019-06-05T00:00:00Z,108.2000000000
2019-06-06T00:00:00Z,108.0800000000
2019-06-07T00:00:00Z,108.1500000000
2019-06-10T00:00:00Z,108.5600000000
2019-06-11T00:00:00Z,108.5200000000
2019-06-12T00:00:00Z,108.4200000000
2019-06-13T00:00:00Z,108.4400000000
2019-06-14T00:00:00Z,108.4400000000
2019-06-17T00:00:00Z,108.5600000000
2019-06-18T00:00:00Z,108.3900000000
2019-06-19T00:00:00Z,108.3600000000
2019-06-20T00:00:00Z,107.5200000000
2019-06-21T00:00:00Z,107.5500000000
2019-06-24T00:00:00Z,107.3600000000
2019-06-25T00:00:00Z,106.9200000000
2019-06-26T00:00:00Z,107.6400000000
2019-06-27T00:00:00Z,107.7300000000
2019-06-28T00:00:00Z,107.8400000000
2019-07-01T00:00:00Z,108.4200000000
2019-07-02T00:00:00Z,107.9800000000
2019-07-03T00:00:00Z,107.8400000000
2019-07-05T00:00:00Z,108.5500000000
2019-07-08T00:00:00Z,108.7200000000
2019-07-09T00:00:00Z,108.7800000000
2019-07-10T00:00:00Z,108.4400000000
2019-07-11T00:00:00Z,108.2900000000
2019-07-12T00:00:00Z,108.0000000000
2019-07-15T00:00:00Z,107.8900000000
2019-07-16T00:00:00Z,108.3500000000
2019-07-17T00:00:00Z,108.1000000000
2019-07-18T00:00:00Z,107.7400000000
2019-07-19T00:00:00Z,107.7800000000
2019-07-22T00:00:00Z,107.9100000000
2019-07-23T00:00:00Z,108.0600000000
2019-07-24T00:00:00Z,108.0800000000
2019-07-25T00:00:00Z,108.5800000000
2019-07-26T00:00:00Z,108.6900000000
2019-07-29T00:00:00Z,108.8600000000
2019-07-30T00:00:00Z,108.6600000000
2019-07-31T00:00:00Z,108.5800000000
2019-08-01T00:00:00Z,108.2800000000
2019-08-02T00:00:00Z,106.6400000000
2019-08-05T00:00:00Z,106.0200000000
2019-08-06T00:00:00Z,106.4500000000
2019-08-07T00:00:00Z,105.6200000000
2019-08-08T00:00:00Z,106.0400000000
2019-08-09T00:00:00Z,105.3000000000
2019-08-12T00:00:00Z,105.3800000000
2019-08-13T00:00:00Z,106.6000000000
2019-08-14T00:00:00Z,105.7900000000
2019-08-15T00:00:00Z,106.1200000000
2019-08-16T00:00:00Z,106.3400000000
2019-08-19T00:00:00Z,106.5000000000
2019-08-20T00:00:00Z,106.3500000000
2019-08-21T00:00:00Z,106.5200000000
2019-08-22T00:00:00Z,106.4400000000
2019-08-23T00:00:00Z,105.3000000000
2019-08-26T00:00:00Z,106.0000000000
2019-08-27T00:00:00Z,105.8000000000
2019-08-28T00:00:00Z,105.8600000000
2019-08-29T00:00:00Z,106.5000000000
2019-08-30T00:00:00Z,106.3000000000
2019-09-03T00:00:00Z,105.8800000000
2019-09-04T00:00:00Z,106.2800000000
2019-09-05T00:00:00Z,106.9600000000
2019-09-06T00:00:00Z,106.8000000000
2019-09-09T00:00:00Z,107.1400000000
2019-09-10T00:00:00Z,107.3400000000
2019-09-11T00:00:00Z,107.7300000000
2019-09-12T00:00:00Z,107.9700000000
2019-09-13T00:00:00Z,108.1200000000
2019-09-16T00:00:00Z,107.9400000000
2019-09-17T00:00:00Z,108.1200000000
2019-09-18T00:00:00Z,108.1700000000
2019-09-19T00:00:00Z,108.0000000000
2019-09-20T00:00:00Z,107.9500000000
2019-09-23T00:00:00Z,107.4700000000
2019-09-24T00:00:00Z,107.3200000000
2019-09-25T00:00:00Z,107.7800000000
2019-09-26T00:00:00Z,107.6700000000
2019-09-27T00:00:00Z,108.0500000000
2019-09-30T00:00:00Z,108.1100000000
2019-10-01T00:00:00Z,107.7000000000
2019-10-02T00:00:00Z,107.2100000000
2019-10-03T00:00:00Z,106.7600000000
2019-10-04T00:00:00Z,106.9100000000
2019-10-07T00:00:00Z,107.0600000000
2019-10-08T00:00:00Z,107.0600000000
2019-10-09T00:00:00Z,107.4300000000
2019-10-10T00:00:00Z,107.9100000000
2019-10-11T00:00:00Z,108.5200000000
2019-10-15T00:00:00Z,108.8300000000
2019-10-16T00:00:00Z,108.7100000000
2019-10-17T00:00:00Z,108.5100000000
2019-10-18T00:00:00Z,108.4400000000
2019-10-21T00:00:00Z,108.5700000000
2019-10-22T00:00:00Z,108.5600000000
2019-10-23T00:00:00Z,108.6400000000
2019-10-24T00:00:00Z,108.6200000000
2019-10-25T00:00:00Z,108.7500000000
2019-10-28T00:00:00Z,109.0200000000
2019-10-29T00:00:00Z,108.8300000000
2019-10-30T00:00:00Z,108.8800000000
2019-10-31T00:00:00Z,108.0900000000
2019-11-01T00:00:00Z,108.1600000000
2019-11-04T00:00:00Z,108.5600000000
2019-11-05T00:00:00Z,109.1300000000
2019-11-06T00:00:00Z,108.8600000000
2019-11-07T00:00:00Z,109.4200000000
2019-11-08T00:00:00Z,109.1400000000
2019-11-12T00:00:00Z,109.0900000000
2019-11-13T00:00:00Z,108.8300000000
2019-11-14T00:00:00Z,108.3300000000
2019-11-15T00:00:00Z,108.8000000000
2019-11-18T00:00:00Z,108.6100000000
2019-11-19T00:00:00Z,108.5900000000
2019-11-20T00:00:00Z,108.6700000000
2019-11-21T00:00:00Z,108.5300000000
2019-11-22T00:00:00Z,108.6700000000
2019-11-25T00:00:00Z,108.9500000000
2019-11-26T00:00:00Z,109.1100000000
2019-11-27T00:00:00Z,109.3800000000
2019-11-29T00:00:00Z,109.4700000000
2019-12-02T00:00:00Z,109.0900000000
2019-12-03T00:00:00Z,108.5300000000
2019-12-04T00:00:00Z,108.8700000000
2019-12-05T00:00:00Z,108.6900000000
2019-12-06T00:00:00Z,108.6600000000
2019-12-09T00:00:00Z,108.5900000000
2019-12-10T00:00:00Z,108.7300000000
2019-12-11T00:00:00Z,108.6700000000
2019-12-12T00:00:00Z,109.1600000000
2019-12-13T00:00:00Z,109.2800000000
2019-12-16T00:00:00Z,109.6400000000
2019-12-17T00:00:00Z,109.5200000000
2019-12-18T00:00:00Z,109.5800000000
2019-12-19T00:00:00Z,109.2300000000
2019-12-20T00:00:00Z,109.4500000000
2019-12-23T00:00:00Z,109.3900000000
2019-12-24T00:00:00Z,109.3800000000
2019-12-26T00:00:00Z,109.6700000000
2019-12-27T00:00:00Z,109.4700000000
2019-12-30T00:00:00Z,108.8500000000
2019-12-31T00:00:00Z,108.6700000000
2020-01-02T00:00:00Z,108.4300000000
2020-01-03T00:00:00Z,107.9400000000
2020-01-06T00:00:00Z,108.3600000000
2020-01-07T00:00:00Z,108.5300000000
2020-01-08T00:00:00Z,109.0300000000
2020-01-09T00:00:00Z,109.4700000000
2020-01-10T00:00:00Z,109.5000000000
2020-01-13T00:00:00Z,109.9300000000
2020-01-14T00:00:00Z,110.0500000000
2020-01-15T00:00:00Z,109.9400000000
2020-01-16T00:00:00Z,110.1600000000
2020-01-17T00:00:00Z,110.1600000000
2020-01-21T00:00:00Z,109.9500000000
2020-01-22T00:00:00Z,109.9300000000
2020-01-23T00:00:00Z,109.3900000000
2020-01-24T00:00:00Z,109.3100000000
2020-01-27T00:00:00Z,108.9500000000
2020-01-28T00:00:00Z,109.1700000000
2020-01-29T00:00:00Z,109.1500000000
2020-01-30T00:00:00Z,108.7500000000
2020-01-31T00:00:00Z,108.5000000000
2020-02-03T00:00:00Z,108.5900000000
2020-02-04T00:00:00Z,109.4100000000
2020-02-05T00:00:00Z,109.7400000000
2020-02-06T00:00:00Z,109.8900000000
2020-02-07T00:00:00Z,109.8100000000
2020-02-10T00:00:00Z,109.7700000000
2020-02-11T00:00:00Z,109.7800000000
2020-02-12T00:00:00Z,110.0000000000
2020-02-13T00:00:00Z,109.8100000000
2020-02-14T00:00:00Z,109.7700000000
2020-02-18T00:00:00Z,109.8000000000
2020-02-19T00:00:00Z,111.1700000000
2020-02-20T00:00:00Z,111.8600000000
2020-02-21T00:00:00Z,111.7400000000
2020-02-24T00:00:00Z,110.5600000000
2020-02-25T00:00:00Z,110.2300000000
2020-02-26T00:00:00Z,110.3600000000
2020-02-27T00:00:00Z,110.1500000000
2020-02-28T00:00:00Z,108.1200000000
2020-03-02T00:00:00Z,108.0200000000
2020-03-03T00:00:00Z,107.2800000000
2020-03-04T00:00:00Z,107.3400000000
2020-03-05T00:00:00Z,106.5600000000
2020-03-06T00:00:00Z,105.3100000000
2020-03-09T00:00:00Z,102.5200000000
2020-03-10T00:00:00Z,103.7100000000
2020-03-11T00:00:00Z,104.8100000000
2020-03-12T00:00:00Z,105.6700000000
2020-03-13T00:00:00Z,107.1500000000
2020-03-16T00:00:00Z,105.6400000000
2020-03-17T00:00:00Z,107.4100000000
2020-03-18T00:00:00Z,108.4500000000
2020-03-19T00:00:00Z,110.0800000000
2020-03-20T00:00:00Z,111.3000000000
2020-03-23T00:00:00Z,111.3600000000
2020-03-24T00:00:00Z,111.4400000000
2020-03-25T00:00:00Z,111.4300000000
2020-03-26T00:00:00Z,109.4500000000
2020-03-27T00:00:00Z,108.1600000000
2020-03-30T00:00:00Z,108.0600000000
2020-03-31T00:00:00Z,107.5300000000
2020-04-01T00:00:00Z,107.0500000000
2020-04-02T00:00:00Z,107.8500000000
2020-04-03T00:00:00Z,108.5300000000
2020-04-06T00:00:00Z,109.1100000000
2020-04-07T00:00:00Z,108.9700000000
2020-04-08T00:00:00Z,108.7000000000
2020-04-09T00:00:00Z,108.3800000000
2020-04-10T00:00:00Z,108.3900000000
2020-04-13T00:00:00Z,107.5900000000
2020-04-14T00:00:00Z,107.0800000000
2020-04-15T00:00:00Z,107.4200000000
2020-04-16T00:00:00Z,107.7200000000
2020-04-17T00:00:00Z,107.5200000000
2020-04-20T00:00:00Z,107.6900000000
2020-04-21T00:00:00Z,107.6900000000
2020-04-22T00:00:00Z,107.8100000000
2020-04-23T00:00:00Z,107.6500000000
2020-04-24T00:00:00Z,107.4400000000
2020-04-27T00:00:00Z,107.2200000000
2020-04-28T00:00:00Z,106.8300000000
2020-04-29T00:00:00Z,106.6700000000
2020-04-30T00:00:00Z,106.9400000000
2020-05-01T00:00:00Z,106.7600000000
2020-05-04T00:00:00Z,106.8200000000
2020-05-05T00:00:00Z,106.5200000000
2020-05-06T00:00:00Z,106.0700000000
2020-05-07T00:00:00Z,106.3600000000
2020-05-08T00:00:00Z,106.5000000000
2020-05-11T00:00:00Z,107.7000000000
2020-05-12T00:00:00Z,107.3300000000
2020-05-13T00:00:00Z,106.9200000000
2020-05-14T00:00:00Z,107.0900000000
2020-05-15T00:00:00Z,107.2700000000
2020-05-18T00:00:00Z,107.2500000000
2020-05-19T00:00:00Z,107.8900000000
2020-05-20T00:00:00Z,107.4600000000
2020-05-21T00:00:00Z,107.6900000000
2020-05-22T00:00:00Z,107.5000000000
2020-05-26T00:00:00Z,107.6400000000
2020-05-27T00:00:00Z,107.7900000000
2020-05-28T00:00:00Z,107.6700000000
2020-05-29T00:00:00Z,107.7700000000
2020-06-01T00:00:00Z,107.5600000000
2020-06-02T00:00:00Z,108.6000000000
2020-06-03T00:00:00Z,108.8800000000
2020-06-04T00:00:00Z,109.0000000000
2020-06-05T00:00:00Z,109.6800000000
2020-06-08T00:00:00Z,108.4600000000
2020-06-09T00:00:00Z,107.6600000000
2020-06-10T00:00:00Z,107.2500000000
2020-06-11T00:00:00Z,106.6700000000
2020-06-12T00:00:00Z,107.3600000000
2020-06-15T00:00:00Z,107.3300000000
2020-06-16T00:00:00Z,107.3500000000
2020-06-17T00:00:00Z,107.2600000000
2020-06-18T00:00:00Z,106.7800000000
2020-06-19T00:00:00Z,106.8900000000
2020-06-22T00:00:00Z,106.8400000000
2020-06-23T00:00:00Z,106.4400000000
2020-06-24T00:00:00Z,106.8300000000
2020-06-25T00:00:00Z,107.2100000000
2020-06-26T00:00:00Z,107.1900000000
2020-06-29T00:00:00Z,107.7100000000
2020-06-30T00:00:00Z,107.7700000000
2020-07-01T00:00:00Z,107.5000000000
2020-07-02T00:00:00Z,107.5500000000
2020-07-06T00:00:00Z,107.5000000000
2020-07-07T00:00:00Z,107.5300000000
2020-07-08T00:00:00Z,107.3900000000
2020-07-09T00:00:00Z,107.2700000000
2020-07-10T00:00:00Z,106.7700000000
2020-07-13T00:00:00Z,107.2200000000
2020-07-14T00:00:00Z,107.2000000000
2020-07-15T00:00:00Z,106.9200000000
2020-07-16T00:00:00Z,107.0500000000
2020-07-17T00:00:00Z,107.0600000000
2020-07-20T00:00:00Z,107.2100000000
2020-07-21T00:00:00Z,106.8200000000
2020-07-22T00:00:00Z,107.1800000000
2020-07-23T00:00:00Z,106.8300000000
2020-07-24T00:00:00Z,105.7900000000
2020-07-27T00:00:00Z,105.2900000000
2020-07-28T00:00:00Z,105.0300000000
2020-07-29T00:00:00Z,105.0600000000
2020-07-30T00:00:00Z,105.0500000000
2020-07-31T00:00:00Z,105.7800000000
2020-08-03T00:00:00Z,106.1100000000
2020-08-04T00:00:00Z,105.8700000000
2020-08-05T00:00:00Z,105.4400000000
2020-08-06T00:00:00Z,105.5200000000
2020-08-07T00:00:00Z,105.9200000000
2020-08-10T00:00:00Z,105.8500000000
2020-08-11T00:00:00Z,106.5600000000
2020-08-12T00:00:00Z,106.8500000000
2020-08-13T00:00:00Z,106.8900000000
2020-08-14T00:00:00Z,106.4900000000
2020-08-17T00:00:00Z,105.9700000000
2020-08-18T00:00:00Z,105.4100000000
2020-08-19T00:00:00Z,105.7100000000
2020-08-20T00:00:00Z,105.8100000000
2020-08-21T00:00:00Z,105.8800000000
2020-08-24T00:00:00Z,105.9000000000
2020-08-25T00:00:00Z,106.4000000000
2020-08-26T00:00:00Z,106.1300000000
2020-08-27T00:00:00Z,106.4200000000
2020-08-28T00:00:00Z,105.3000000000
2020-08-31T00:00:00Z,105.8400000000
2020-09-01T00:00:00Z,106.0000000000
2020-09-02T00:00:00Z,106.1500000000
2020-09-03T00:00:00Z,106.1400000000
2020-09-04T00:00:00Z,106.3400000000
2020-09-08T00:00:00Z,105.9700000000
2020-09-09T00:00:00Z,106.2300000000
2020-09-10T00:00:00Z,106.1900000000
2020-09-11T00:00:00Z,106.1700000000
2020-09-14T00:00:00Z,105.6800000000
2020-09-15T00:00:00Z,105.5000000000
2020-09-16T00:00:00Z,104.9400000000
2020-09-17T00:00:00Z,104.7700000000
2020-09-18T00:00:00Z,104.4400000000
2020-09-21T00:00:00Z,104.6900000000
2020-09-22T00:00:00Z,105.0500000000
2020-09-23T00:00:00Z,105.3400000000
2020-09-24T00:00:00Z,105.4200000000
2020-09-25T00:00:00Z,105.5900000000
2020-09-28T00:00:00Z,105.5000000000
2020-09-29T00:00:00Z,105.6800000000
2020-09-30T00:00:00Z,105.5800000000
2020-10-01T00:00:00Z,105.5300000000
2020-10-02T00:00:00Z,105.3600000000
2020-10-05T00:00:00Z,105.7000000000
2020-10-06T00:00:00Z,105.6400000000
2020-10-07T00:00:00Z,105.9700000000
2020-10-08T00:00:00Z,105.9800000000
2020-10-09T00:00:00Z,105.7200000000
2020-10-13T00:00:00Z,105.5500000000
2020-10-14T00:00:00Z,105.0800000000
2020-10-15T00:00:00Z,105.3800000000
2020-10-16T00:00:00Z,105.4100000000
2020-10-19T00:00:00Z,105.4200000000
2020-10-20T00:00:00Z,105.5600000000
2020-10-21T00:00:00Z,104.5800000000
2020-10-22T00:00:00Z,104.8800000000
2020-10-23T00:00:00Z,104.7800000000
2020-10-26T00:00:00Z,104.8600000000
2020-10-27T00:00:00Z,104.4400000000
2020-10-28T00:00:00Z,104.3300000000
2020-10-29T00:00:00Z,104.6900000000
2020-10-30T00:00:00Z,104.5400000000
2020-11-02T00:00:00Z,104.8000000000
2020-11-03T00:00:00Z,104.5000000000
2020-11-04T00:00:00Z,104.3900000000
2020-11-05T00:00:00Z,103.6700000000
2020-11-06T00:00:00Z,103.3200000000
2020-11-09T00:00:00Z,105.5800000000
2020-11-10T00:00:00Z,105.3600000000
2020-11-12T00:00:00Z,105.1600000000
2020-11-13T00:00:00Z,104.6100000000
2020-11-16T00:00:00Z,104.5400000000
2020-11-17T00:00:00Z,104.2000000000
2020-11-18T00:00:00Z,103.7200000000
2020-11-19T00:00:00Z,103.8500000000
2020-11-20T00:00:00Z,103.8100000000
2020-11-23T00:00:00Z,104.4200000000
2020-11-24T00:00:00Z,104.6100000000
2020-11-25T00:00:00Z,104.3900000000
2020-11-30T00:00:00Z,104.3800000000
2020-12-01T00:00:00Z,104.4000000000
2020-12-02T00:00:00Z,104.5200000000
2020-12-03T00:00:00Z,103.7700000000
2020-12-04T00:00:00Z,104.1600000000
2020-12-07T00:00:00Z,104.0100000000
2020-12-08T00:00:00Z,104.1400000000
2020-12-09T00:00:00Z,104.2800000000
2020-12-10T00:00:00Z,104.3000000000
2020-12-11T00:00:00Z,103.8800000000
2020-12-14T00:00:00Z,104.0600000000
2020-12-15T00:00:00Z,103.6900000000
2020-12-16T00:00:00Z,103.5900000000
2020-12-17T00:00:00Z,103.1300000000
2020-12-18T00:00:00Z,103.3500000000
2020-12-21T00:00:00Z,103.4400000000
2020-12-22T00:00:00Z,103.6200000000
2020-12-23T00:00:00Z,103.5200000000
2020-12-28T00:00:00Z,103.8400000000
2020-12-29T00:00:00Z,103.5000000000
2020-12-30T00:00:00Z,103.3100000000
2020-12-31T00:00:00Z,103.1900000000
2021-01-04T00:00:00Z,103.1900000000
2021-01-05T00:00:00Z,102.7000000000
2021-01-06T00:00:00Z,103.2500000000
2021-01-07T00:00:00Z,103.8400000000
2021-01-08T00:00:00Z,103.8900000000
2021-01-11T00:00:00Z,104.1600000000
2021-01-12T00:00:00Z,104.0900000000
2021-01-13T00:00:00Z,103.9100000000
2021-01-14T00:00:00Z,103.6600000000
2021-01-15T00:00:00Z,103.8000000000
2021-01-19T00:00:00Z,103.8600000000
2021-01-21T00:00:00Z,103.5700000000
2021-01-22T00:00:00Z,103.7600000000
2021-01-25T00:00:00Z,103.7800000000
2021-01-26T00:00:00Z,103.6900000000
2021-01-27T00:00:00Z,104.0900000000
2021-01-28T00:00:00Z,104.3100000000
2021-01-29T00:00:00Z,104.6400000000
2021-02-01T00:00:00Z,104.9700000000
2021-02-02T00:00:00Z,105.0900000000
2021-02-03T00:00:00Z,105.0500000000
2021-02-04T00:00:00Z,105.4300000000
2021-02-05T00:00:00Z,105.4400000000
2021-02-08T00:00:00Z,105.1900000000
2021-02-09T00:00:00Z,104.6200000000
2021-02-10T00:00:00Z,104.6700000000
2021-02-11T00:00:00Z,104.7500000000
2021-02-12T00:00:00Z,104.9400000000
2021-02-16T00:00:00Z,105.8800000000
2021-02-17T00:00:00Z,105.8300000000
2021-02-18T00:00:00Z,105.6900000000
2021-02-19T00:00:00Z,105.5800000000
2021-02-22T00:00:00Z,105.0600000000
2021-02-23T00:00:00Z,105.2100000000
2021-02-24T00:00:00Z,105.9100000000
2021-02-25T00:00:00Z,106.2200000000
2021-02-26T00:00:00Z,106.6400000000
2021-03-01T00:00:00Z,106.6800000000
2021-03-02T00:00:00Z,106.7500000000
2021-03-03T00:00:00Z,106.9200000000
2021-03-04T00:00:00Z,107.5800000000
2021-03-05T00:00:00Z,108.2400000000
2021-03-08T00:00:00Z,108.9200000000
2021-03-09T00:00:00Z,108.6400000000
2021-03-10T00:00:00Z,108.5800000000
2021-03-11T00:00:00Z,108.4400000000
2021-03-12T00:00:00Z,108.8700000000
2021-03-15T00:00:00Z,109.1100000000
2021-03-16T00:00:00Z,109.0100000000
2021-03-17T00:00:00Z,109.2200000000
2021-03-18T00:00:00Z,108.9700000000
2021-03-19T00:00:00Z,108.8500000000
2021-03-22T00:00:00Z,108.6700000000
2021-03-23T00:00:00Z,108.6100000000
2021-03-24T00:00:00Z,108.8100000000
2021-03-25T00:00:00Z,109.1300000000
2021-03-26T00:00:00Z,109.5500000000
2021-03-29T00:00:00Z,109.7300000000
2021-03-30T00:00:00Z,110.1900000000
2021-03-31T00:00:00Z,110.6100000000
2021-04-01T00:00:00Z,110.6100000000
2021-04-02T00:00:00Z,110.6700000000
2021-04-05T00:00:00Z,110.0800000000
2021-04-06T00:00:00Z,109.8300000000
2021-04-07T00:00:00Z,109.6700000000
2021-04-08T00:00:00Z,109.2500000000
2021-04-09T00:00:00Z,109.6400000000
2021-04-12T00:00:00Z,109.4300000000
2021-04-13T00:00:00Z,109.1900000000
2021-04-14T00:00:00Z,108.9300000000
2021-04-15T00:00:00Z,108.7800000000
2021-04-16T00:00:00Z,108.7800000000
2021-04-19T00:00:00Z,108.0900000000
2021-04-20T00:00:00Z,108.0700000000
2021-04-21T00:00:00Z,108.0900000000
2021-04-22T00:00:00Z,108.1700000000
2021-04-23T00:00:00Z,107.9400000000
2021-04-26T00:00:00Z,108.1200000000
2021-04-27T00:00:00Z,108.5600000000
2021-04-28T00:00:00Z,108.8100000000
2021-04-29T00:00:00Z,108.9400000000
2021-04-30T00:00:00Z,109.3300000000
2021-05-03T00:00:00Z,109.0800000000
2021-05-04T00:00:00Z,109.3400000000
2021-05-05T00:00:00Z,109.2700000000
2021-05-06T00:00:00Z,109.1700000000
2021-05-07T00:00:00Z,108.5200000000
2021-05-10T00:00:00Z,108.7000000000
2021-05-11T00:00:00Z,108.5300000000
2021-05-12T00:00:00Z,109.5300000000
2021-05-13T00:00:00Z,109.5600000000
2021-05-14T00:00:00Z,109.3700000000
2021-05-17T00:00:00Z,109.1700000000
2021-05-18T00:00:00Z,109.0100000000
2021-05-19T00:00:00Z,108.7600000000
2021-05-20T00:00:00Z,108.7900000000
2021-05-21T00:00:00Z,108.9400000000
2021-05-24T00:00:00Z,108.8100000000
2021-05-25T00:00:00Z,108.9500000000
2021-05-26T00:00:00Z,109.1000000000
2021-05-27T00:00:00Z,109.8100000000
2021-05-28T00:00:00Z,109.8300000000
2021-06-01T00:00:00Z,109.4300000000
2021-06-02T00:00:00Z,109.5900000000
2021-06-03T00:00:00Z,110.2800000000
2021-06-04T00:00:00Z,109.4200000000
2021-06-07T00:00:00Z,109.2500000000
2021-06-08T00:00:00Z,109.4700000000
2021-06-09T00:00:00Z,109.6100000000
2021-06-10T00:00:00Z,109.4900000000
2021-06-11T00:00:00Z,109.7500000000
2021-06-14T00:00:00Z,109.9800000000
2021-06-15T00:00:00Z,110.1200000000
2021-06-16T00:00:00Z,109.8800000000
2021-06-17T00:00:00Z,110.2800000000
2021-06-18T00:00:00Z,110.2100000000
2021-06-21T00:00:00Z,110.2200000000
2021-06-22T00:00:00Z,110.7500000000
2021-06-23T00:00:00Z,110.8600000000
2021-06-24T00:00:00Z,110.9100000000
2021-06-25T00:00:00Z,110.7800000000
2021-06-28T00:00:00Z,110.5000000000
2021-06-29T00:00:00Z,110.5300000000
2021-06-30T00:00:00Z,111.0500000000
2021-07-01T00:00:00Z,111.5600000000
2021-07-02T00:00:00Z,111.2800000000
2021-07-06T00:00:00Z,110.6600000000
2021-07-07T00:00:00Z,110.6200000000
2021-07-08T00:00:00Z,109.8200000000
2021-07-09T00:00:00Z,110.1800000000
2021-07-12T00:00:00Z,110.3600000000
2021-07-13T00:00:00Z,110.3600000000
2021-07-14T00:00:00Z,110.0300000000
2021-07-15T00:00:00Z,110.0500000000
2021-07-16T00:00:00Z,110.1300000000
2021-07-19T00:00:00Z,109.4500000000
2021-07-20T00:00:00Z,109.9200000000
2021-07-21T00:00:00Z,110.2200000000
2021-07-22T00:00:00Z,110.1000000000
2021-07-23T00:00:00Z,110.5200000000
2021-07-26T00:00:00Z,110.3100000000
2021-07-27T00:00:00Z,109.6400000000
2021-07-28T00:00:00Z,110.0600000000
2021-07-29T00:00:00Z,109.5300000000
2021-07-30T00:00:00Z,109.7000000000
2021-08-02T00:00:00Z,109.2200000000
2021-08-03T00:00:00Z,109.0900000000
2021-08-04T00:00:00Z,109.4400000000
2021-08-05T00:00:00Z,109.7500000000
2021-08-06T00:00:00Z,110.2200000000
2021-08-09T00:00:00Z,110.2500000000
2021-08-10T00:00:00Z,110.5400000000
2021-08-11T00:00:00Z,110.4700000000
2021-08-12T00:00:00Z,110.3600000000
2021-08-13T00:00:00Z,109.7500000000
2021-08-16T00:00:00Z,109.2600000000
2021-08-17T00:00:00Z,109.5900000000
2021-08-18T00:00:00Z,109.9200000000
2021-08-19T00:00:00Z,109.7500000000
2021-08-20T00:00:00Z,109.7700000000
2021-08-23T00:00:00Z,109.7800000000
2021-08-24T00:00:00Z,109.6800000000
2021-08-25T00:00:00Z,110.0300000000
2021-08-26T00:00:00Z,110.0900000000
2021-08-27T00:00:00Z,109.8400000000
2021-08-30T00:00:00Z,109.9100000000
2021-08-31T00:00:00Z,110.0500000000
2021-09-01T00:00:00Z,110.0300000000
2021-09-02T00:00:00Z,110.0100000000
2021-09-03T00:00:00Z,109.6400000000
2021-09-07T00:00:00Z,110.1700000000
2021-09-08T00:00:00Z,110.3200000000
2021-09-09T00:00:00Z,109.7600000000
2021-09-10T00:00:00Z,109.9300000000
2021-09-13T00:00:00Z,109.9400000000
2021-09-14T00:00:00Z,109.6600000000
2021-09-15T00:00:00Z,109.4000000000
2021-09-16T00:00:00Z,109.6700000000
2021-09-17T00:00:00Z,109.9400000000
2021-09-20T00:00:00Z,109.4700000000
2021-09-21T00:00:00Z,109.3300000000
2021-09-22T00:00:00Z,109.5900000000
2021-09-23T00:00:00Z,110.1700000000
2021-09-24T00:00:00Z,110.7200000000
2021-09-27T00:00:00Z,110.9700000000
2021-09-28T00:00:00Z,111.3300000000
2021-09-29T00:00:00Z,111.8300000000
2021-09-30T00:00:00Z,111.5000000000
2021-10-01T00:00:00Z,110.9700000000
2021-10-04T00:00:00Z,110.9400000000
2021-10-05T00:00:00Z,111.3900000000
2021-10-06T00:00:00Z,111.3300000000
2021-10-07T00:00:00Z,111.5000000000
2021-10-08T00:00:00Z,112.1500000000
2021-10-12T00:00:00Z,113.6900000000
2021-10-13T00:00:00Z,113.4900000000
2021-10-14T00:00:00Z,113.5900000000
2021-10-15T00:00:00Z,114.3100000000
2021-10-18T00:00:00Z,114.2200000000
2021-10-19T00:00:00Z,114.2700000000
2021-10-20T00:00:00Z,114.2400000000
2021-10-21T00:00:00Z,113.7500000000
2021-10-22T00:00:00Z,113.5400000000
2021-10-25T00:00:00Z,113.7000000000
2021-10-26T00:00:00Z,114.1900000000
2021-10-27T00:00:00Z,113.7500000000
2021-10-28T00:00:00Z,113.3800000000
2021-10-29T00:00:00Z,114.0300000000
2021-11-01T00:00:00Z,114.1900000000
2021-11-02T00:00:00Z,113.7800000000
2021-11-03T00:00:00Z,114.0600000000
2021-11-04T00:00:00Z,113.6300000000
2021-11-05T00:00:00Z,113.4500000000
2021-11-08T00:00:00Z,113.1500000000
2021-11-09T00:00:00Z,112.8700000000
2021-11-10T00:00:00Z,113.8900000000
2021-11-12T00:00:00Z,113.9000000000
2021-11-15T00:00:00Z,113.9600000000
2021-11-16T00:00:00Z,114.6200000000
2021-11-17T00:00:00Z,114.3300000000
2021-11-18T00:00:00Z,114.2200000000
2021-11-19T00:00:00Z,113.8100000000
2021-11-22T00:00:00Z,114.6900000000
2021-11-23T00:00:00Z,114.9800000000
2021-11-24T00:00:00Z,115.3400000000
2021-11-26T00:00:00Z,113.4600000000
2021-11-29T00:00:00Z,113.7500000000
2021-11-30T00:00:00Z,113.2200000000
2021-12-01T00:00:00Z,112.8200000000
2021-12-02T00:00:00Z,113.1000000000
2021-12-03T00:00:00Z,112.8800000000
2021-12-06T00:00:00Z,113.3100000000
2021-12-07T00:00:00Z,113.6100000000
2021-12-08T00:00:00Z,113.8300000000
2021-12-09T00:00:00Z,113.5300000000
2021-12-10T00:00:00Z,113.3600000000
2021-12-13T00:00:00Z,113.4200000000
2021-12-14T00:00:00Z,113.6300000000
2021-12-15T00:00:00Z,113.8300000000
2021-12-16T00:00:00Z,113.6700000000
2021-12-17T00:00:00Z,113.5600000000
2021-12-20T00:00:00Z,113.4500000000
2021-12-21T00:00:00Z,114.1100000000
2021-12-22T00:00:00Z,114.2200000000
2021-12-23T00:00:00Z,114.4200000000
2021-12-27T00:00:00Z,114.8500000000
2021-12-28T00:00:00Z,114.7500000000
2021-12-29T00:00:00Z,114.9700000000
2021-12-30T00:00:00Z,115.1700000000
2022-01-03T00:00:00Z,115.2700000000
2022-01-04T00:00:00Z,116.1200000000
2022-01-05T00:00:00Z,115.9100000000
2022-01-06T00:00:00Z,115.7800000000
2022-01-07T00:00:00Z,115.6100000000
2022-01-10T00:00:00Z,115.1400000000
2022-01-11T00:00:00Z,115.3800000000
2022-01-12T00:00:00Z,114.7400000000
2022-01-13T00:00:00Z,114.0600000000
2022-01-14T00:00:00Z,113.8900000000
2022-01-18T00:00:00Z,114.6000000000
2022-01-19T00:00:00Z,114.2800000000
2022-01-20T00:00:00Z,114.0800000000
2022-01-21T00:00:00Z,113.7200000000
2022-01-24T00:00:00Z,113.8200000000
2022-01-25T00:00:00Z,113.8800000000
2022-01-26T00:00:00Z,114.3300000000
2022-01-27T00:00:00Z,115.4700000000
2022-01-28T00:00:00Z,115.2100000000
2022-01-31T00:00:00Z,115.2200000000
2022-02-01T00:00:00Z,114.7700000000
2022-02-02T00:00:00Z,114.3600000000
2022-02-03T00:00:00Z,114.8800000000
2022-02-04T00:00:00Z,115.2200000000
2022-02-07T00:00:00Z,115.0900000000
2022-02-08T00:00:00Z,115.6200000000
2022-02-09T00:00:00Z,115.4400000000
2022-02-10T00:00:00Z,115.8400000000
2022-02-11T00:00:00Z,115.9100000000
2022-02-14T00:00:00Z,115.7200000000
2022-02-15T00:00:00Z,115.6400000000
2022-02-16T00:00:00Z,115.4100000000
2022-02-17T00:00:00Z,115.0300000000
2022-02-18T00:00:00Z,115.0800000000
2022-02-22T00:00:00Z,114.9400000000
2022-02-23T00:00:00Z,115.1200000000
2022-02-24T00:00:00Z,115.4500000000
2022-02-25T00:00:00Z,115.6200000000
2022-02-28T00:00:00Z,115.1100000000
2022-03-01T00:00:00Z,114.8700000000
2022-03-02T00:00:00Z,115.5900000000
2022-03-03T00:00:00Z,115.6700000000
2022-03-04T00:00:00Z,114.6500000000
2022-03-07T00:00:00Z,115.4100000000
2022-03-08T00:00:00Z,115.6400000000
2022-03-09T00:00:00Z,115.8700000000
2022-03-10T00:00:00Z,116.0500000000
2022-03-11T00:00:00Z,117.0800000000
2022-03-14T00:00:00Z,118.0000000000
2022-03-15T00:00:00Z,118.1900000000
2022-03-16T00:00:00Z,118.4800000000
2022-03-17T00:00:00Z,118.4500000000
2022-03-18T00:00:00Z,119.1700000000
2022-03-21T00:00:00Z,119.1500000000
2022-03-22T00:00:00Z,120.6600000000
2022-03-23T00:00:00Z,121.0200000000
2022-03-24T00:00:00Z,122.0800000000
2022-03-25T00:00:00Z,121.9800000000
2022-03-28T00:00:00Z,123.2500000000
2022-03-29T00:00:00Z,122.6100000000
2022-03-30T00:00:00Z,121.9700000000
2022-03-31T00:00:00Z,121.4400000000
2022-04-01T00:00:00Z,122.6000000000
2022-04-04T00:00:00Z,122.7000000000
2022-04-05T00:00:00Z,123.4800000000
2022-04-06T00:00:00Z,123.7000000000
2022-04-07T00:00:00Z,123.8000000000
2022-04-08T00:00:00Z,124.3100000000
2022-04-11T00:00:00Z,125.5500000000
2022-04-12T00:00:00Z,125.2500000000
2022-04-13T00:00:00Z,125.5100000000
2022-04-14T00:00:00Z,125.9200000000
2022-04-15T00:00:00Z,126.3100000000
2022-04-18T00:00:00Z,126.7700000000
2022-04-19T00:00:00Z,128.5500000000
2022-04-20T00:00:00Z,127.7600000000
2022-04-21T00:00:00Z,128.6200000000
2022-04-22T00:00:00Z,128.7800000000
2022-04-25T00:00:00Z,127.6600000000
2022-04-26T00:00:00Z,127.3700000000
2022-04-27T00:00:00Z,128.4400000000
2022-04-28T00:00:00Z,130.9400000000
2022-04-29T00:00:00Z,129.8400000000
2022-05-02T00:00:00Z,130.1800000000
2022-05-03T00:00:00Z,130.0900000000
2022-05-04T00:00:00Z,129.9700000000
2022-05-05T00:00:00Z,130.4100000000
2022-05-06T00:00:00Z,130.3500000000
2022-05-09T00:00:00Z,130.3700000000
2022-05-10T00:00:00Z,130.2100000000
2022-05-11T00:00:00Z,130.2000000000
2022-05-12T00:00:00Z,128.1000000000
2022-05-13T00:00:00Z,129.2300000000
2022-05-16T00:00:00Z,129.1500000000
2022-05-17T00:00:00Z,129.3100000000
2022-05-18T00:00:00Z,128.2200000000
2022-05-19T00:00:00Z,127.6200000000
2022-05-20T00:00:00Z,127.8600000000
2022-05-23T00:00:00Z,127.7800000000
2022-05-24T00:00:00Z,126.5600000000
2022-05-25T00:00:00Z,127.3100000000
2022-05-26T00:00:00Z,127.2300000000
2022-05-27T00:00:00Z,127.1400000000
2022-05-31T00:00:00Z,128.5300000000
2022-06-01T00:00:00Z,130.0900000000
2022-06-02T00:00:00Z,129.8300000000
2022-06-03T00:00:00Z,130.7100000000
2022-06-06T00:00:00Z,131.5500000000
2022-06-07T00:00:00Z,132.5300000000
2022-06-08T00:00:00Z,134.0600000000
2022-06-09T00:00:00Z,134.0600000000
2022-06-10T00:00:00Z,134.1900000000
2022-06-13T00:00:00Z,134.1200000000
2022-06-14T00:00:00Z,134.8900000000
2022-06-15T00:00:00Z,134.5000000000
2022-06-16T00:00:00Z,131.6500000000
2022-06-17T00:00:00Z,135.1400000000
2022-06-21T00:00:00Z,136.2500000000
2022-06-22T00:00:00Z,136.0500000000
2022-06-23T00:00:00Z,134.7200000000
2022-06-24T00:00:00Z,135.2200000000
2022-06-27T00:00:00Z,135.2600000000
2022-06-28T00:00:00Z,136.1900000000
2022-06-29T00:00:00Z,136.5000000000
2022-06-30T00:00:00Z,135.6900000000
2022-07-01T00:00:00Z,135.0900000000
2022-07-05T00:00:00Z,135.7200000000
2022-07-06T00:00:00Z,135.6600000000
2022-07-07T00:00:00Z,135.9900000000
2022-07-08T00:00:00Z,136.1600000000
2022-07-11T00:00:00Z,137.2900000000
2022-07-12T00:00:00Z,136.6800000000
2022-07-13T00:00:00Z,137.3400000000
2022-07-14T00:00:00Z,138.9400000000
2022-07-15T00:00:00Z,138.5700000000
2022-07-18T00:00:00Z,138.2300000000
2022-07-19T00:00:00Z,137.9400000000
2022-07-20T00:00:00Z,138.1600000000
2022-07-21T00:00:00Z,137.9400000000
2022-07-22T00:00:00Z,136.1200000000
2022-07-25T00:00:00Z,136.7200000000
2022-07-26T00:00:00Z,136.6200000000
2022-07-27T00:00:00Z,137.3100000000
2022-07-28T00:00:00Z,134.4500000000
2022-07-29T00:00:00Z,133.2500000000
2022-08-01T00:00:00Z,131.8000000000
2022-08-02T00:00:00Z,132.3200000000
2022-08-03T00:00:00Z,134.1800000000
2022-08-04T00:00:00Z,133.2800000000
2022-08-05T00:00:00Z,135.3300000000
2022-08-08T00:00:00Z,134.7300000000
2022-08-09T00:00:00Z,134.9500000000
2022-08-10T00:00:00Z,132.5800000000
2022-08-11T00:00:00Z,132.6600000000
2022-08-12T00:00:00Z,133.5700000000
2022-08-15T00:00:00Z,133.1300000000
2022-08-16T00:00:00Z,134.3800000000
2022-08-17T00:00:00Z,135.4000000000
2022-08-18T00:00:00Z,135.2900000000
2022-08-19T00:00:00Z,137.0100000000
2022-08-22T00:00:00Z,137.5700000000
2022-08-23T00:00:00Z,136.3600000000
2022-08-24T00:00:00Z,136.9200000000
2022-08-25T00:00:00Z,136.8300000000
2022-08-26T00:00:00Z,137.0700000000
2022-08-29T00:00:00Z,138.7400000000
2022-08-30T00:00:00Z,138.7300000000
2022-08-31T00:00:00Z,138.6900000000
2022-09-01T00:00:00Z,139.9300000000
2022-09-02T00:00:00Z,140.0300000000
2022-09-06T00:00:00Z,142.9500000000
2022-09-07T00:00:00Z,144.3900000000
2022-09-08T00:00:00Z,144.0500000000
2022-09-09T00:00:00Z,142.4400000000
2022-09-12T00:00:00Z,142.4100000000
2022-09-13T00:00:00Z,144.3000000000
2022-09-14T00:00:00Z,142.9300000000
2022-09-15T00:00:00Z,143.5700000000
2022-09-16T00:00:00Z,143.0400000000
2022-09-19T00:00:00Z,143.3400000000
2022-09-20T00:00:00Z,143.6400000000
2022-09-21T00:00:00Z,144.1400000000
2022-09-22T00:00:00Z,142.1600000000
2022-09-23T00:00:00Z,143.1800000000
2022-09-26T00:00:00Z,144.4500000000
2022-09-27T00:00:00Z,144.7100000000
2022-09-28T00:00:00Z,144.1500000000
2022-09-29T00:00:00Z,144.4500000000
2022-09-30T00:00:00Z,144.7100000000
2022-10-03T00:00:00Z,144.5000000000
2022-10-04T00:00:00Z,144.3200000000
2022-10-05T00:00:00Z,144.7300000000
2022-10-06T00:00:00Z,144.9400000000
2022-10-07T00:00:00Z,145.1900000000
2022-10-11T00:00:00Z,145.5500000000
2022-10-12T00:00:00Z,146.8700000000
2022-10-13T00:00:00Z,147.1500000000
2022-10-14T00:00:00Z,148.4600000000
2022-10-17T00:00:00Z,148.7100000000
2022-10-18T00:00:00Z,149.2300000000
2022-10-19T00:00:00Z,149.7700000000
2022-10-20T00:00:00Z,149.8200000000
2022-10-21T00:00:00Z,146.3500000000
2022-10-24T00:00:00Z,148.7600000000
2022-10-25T00:00:00Z,147.8500000000
2022-10-26T00:00:00Z,146.5000000000
2022-10-27T00:00:00Z,146.0200000000
2022-10-28T00:00:00Z,147.6800000000
2022-10-31T00:00:00Z,148.6300000000
2022-11-01T00:00:00Z,148.1100000000
2022-11-02T00:00:00Z,147.1100000000
2022-11-03T00:00:00Z,148.1800000000
2022-11-04T00:00:00Z,147.2200000000
2022-11-07T00:00:00Z,146.6400000000
2022-11-08T00:00:00Z,145.3800000000
2022-11-09T00:00:00Z,146.1500000000
2022-11-10T00:00:00Z,141.7800000000
2022-11-14T00:00:00Z,140.4300000000
2022-11-15T00:00:00Z,139.3600000000
2022-11-16T00:00:00Z,139.5900000000
2022-11-17T00:00:00Z,140.4500000000
2022-11-18T00:00:00Z,140.0300000000
2022-11-21T00:00:00Z,141.9500000000
2022-11-22T00:00:00Z,141.2900000000
2022-11-23T00:00:00Z,139.7600000000
2022-11-25T00:00:00Z,139.2100000000
2022-11-28T00:00:00Z,138.6700000000
2022-11-29T00:00:00Z,138.2800000000
2022-11-30T00:00:00Z,139.3100000000
2022-12-01T00:00:00Z,135.5500000000
2022-12-02T00:00:00Z,134.8900000000
2022-12-05T00:00:00Z,136.5500000000
2022-12-06T00:00:00Z,136.6700000000
2022-12-07T00:00:00Z,136.5700000000
2022-12-08T00:00:00Z,136.4500000000
2022-12-09T00:00:00Z,136.4000000000
2022-12-12T00:00:00Z,137.4700000000
2022-12-13T00:00:00Z,135.1400000000
2022-12-14T00:00:00Z,134.9500000000
2022-12-15T00:00:00Z,137.9200000000
2022-12-16T00:00:00Z,136.5500000000
2022-12-19T00:00:00Z,136.8700000000
2022-12-20T00:00:00Z,131.0800000000
2022-12-21T00:00:00Z,132.3600000000
2022-12-22T00:00:00Z,132.3400000000
2022-12-23T00:00:00Z,132.7800000000
2022-12-27T00:00:00Z,133.4300000000
2022-12-28T00:00:00Z,134.2700000000
2022-12-29T00:00:00Z,133.1600000000
2022-12-30T00:00:00Z,131.8100000000
2023-01-03T00:00:00Z,130.8300000000
2023-01-04T00:00:00Z,132.0000000000
2023-01-05T00:00:00Z,133.5700000000
2023-01-06T00:00:00Z,132.2100000000
2023-01-09T00:00:00Z,131.5800000000
2023-01-10T00:00:00Z,132.2500000000
2023-01-11T00:00:00Z,132.5800000000
2023-01-12T00:00:00Z,129.7500000000
2023-01-13T00:00:00Z,127.8500000000
2023-01-17T00:00:00Z,128.1800000000
2023-01-18T00:00:00Z,128.4500000000
2023-01-19T00:00:00Z,128.4800000000
2023-01-20T00:00:00Z,129.9700000000
2023-01-23T00:00:00Z,130.6900000000
2023-01-24T00:00:00Z,130.0700000000
2023-01-25T00:00:00Z,129.6400000000
2023-01-26T00:00:00Z,130.4000000000
2023-01-27T00:00:00Z,129.9400000000
2023-01-30T00:00:00Z,130.3400000000
2023-01-31T00:00:00Z,130.1700000000
2023-02-01T00:00:00Z,129.2700000000
2023-02-02T00:00:00Z,128.4500000000
2023-02-03T00:00:00Z,131.0700000000
2023-02-06T00:00:00Z,132.7600000000
2023-02-07T00:00:00Z,131.3700000000
2023-02-08T00:00:00Z,131.2700000000
2023-02-09T00:00:00Z,130.9800000000
2023-02-10T00:00:00Z,131.5000000000
2023-02-13T00:00:00Z,132.7100000000
2023-02-14T00:00:00Z,133.0500000000
2023-02-15T00:00:00Z,134.2200000000
2023-02-16T00:00:00Z,133.9500000000
2023-02-17T00:00:00Z,134.2100000000
2023-02-21T00:00:00Z,134.8700000000
2023-02-22T00:00:00Z,134.7700000000
2023-02-23T00:00:00Z,134.8000000000
2023-02-24T00:00:00Z,136.3600000000
2023-02-27T00:00:00Z,136.1800000000
2023-02-28T00:00:00Z,136.0900000000
2023-03-01T00:00:00Z,135.8200000000
2023-03-02T00:00:00Z,136.8400000000
2023-03-03T00:00:00Z,136.0900000000
2023-03-06T00:00:00Z,135.9300000000
2023-03-07T00:00:00Z,136.9000000000
2023-03-08T00:00:00Z,137.1800000000
2023-03-09T00:00:00Z,136.4100000000
2023-03-10T00:00:00Z,135.0500000000
2023-03-13T00:00:00Z,133.1300000000
2023-03-14T00:00:00Z,134.3300000000
2023-03-15T00:00:00Z,132.8100000000
2023-03-16T00:00:00Z,133.0100000000
2023-03-17T00:00:00Z,132.0100000000
2023-03-20T00:00:00Z,131.5900000000
2023-03-21T00:00:00Z,132.2700000000
2023-03-22T00:00:00Z,132.6700000000
2023-03-23T00:00:00Z,130.9900000000
2023-03-24T00:00:00Z,130.6400000000
2023-03-27T00:00:00Z,131.4900000000
2023-03-28T00:00:00Z,130.9700000000
2023-03-29T00:00:00Z,132.6900000000
2023-03-30T00:00:00Z,132.7100000000
2023-03-31T00:00:00Z,132.7500000000
2023-04-03T00:00:00Z,132.3500000000
2023-04-04T00:00:00Z,131.6000000000
2023-04-05T00:00:00Z,131.1100000000
2023-04-06T00:00:00Z,131.6700000000
2023-04-07T00:00:00Z,132.1100000000
2023-04-10T00:00:00Z,133.7500000000
2023-04-11T00:00:00Z,133.6300000000
2023-04-12T00:00:00Z,133.2500000000
2023-04-13T00:00:00Z,132.3700000000
2023-04-14T00:00:00Z,133.7400000000
2023-04-17T00:00:00Z,134.5100000000
2023-04-18T00:00:00Z,134.1100000000
2023-04-19T00:00:00Z,134.7900000000
2023-04-20T00:00:00Z,134.1000000000
2023-04-21T00:00:00Z,134.2800000000
2023-04-24T00:00:00Z,134.4100000000
2023-04-25T00:00:00Z,133.9600000000
2023-04-26T00:00:00Z,133.7200000000
2023-04-27T00:00:00Z,134.0400000000
2023-04-28T00:00:00Z,135.9900000000
2023-05-01T00:00:00Z,137.3500000000
2023-05-02T00:00:00Z,136.4600000000
2023-05-03T00:00:00Z,135.3100000000
2023-05-04T00:00:00Z,133.7600000000
2023-05-05T00:00:00Z,134.8500000000
2023-05-08T00:00:00Z,134.8300000000
2023-05-09T00:00:00Z,135.1500000000
2023-05-10T00:00:00Z,134.5200000000
2023-05-11T00:00:00Z,134.4600000000
2023-05-12T00:00:00Z,135.6300000000
2023-05-15T00:00:00Z,136.0700000000
2023-05-16T00:00:00Z,136.6200000000
2023-05-17T00:00:00Z,137.5100000000
2023-05-18T00:00:00Z,138.5000000000
2023-05-19T00:00:00Z,137.6700000000
2023-05-22T00:00:00Z,138.6500000000
2023-05-23T00:00:00Z,138.7400000000
2023-05-24T00:00:00Z,139.1400000000
2023-05-25T00:00:00Z,139.8100000000
2023-05-26T00:00:00Z,140.5300000000
2023-05-30T00:00:00Z,139.8300000000
2023-05-31T00:00:00Z,139.7800000000
2023-06-01T00:00:00Z,138.7400000000
2023-06-02T00:00:00Z,139.7600000000
2023-06-05T00:00:00Z,139.6400000000
2023-06-06T00:00:00Z,139.6700000000
2023-06-07T00:00:00Z,139.9800000000
2023-06-08T00:00:00Z,138.8300000000
2023-06-09T00:00:00Z,139.3500000000
2023-06-12T00:00:00Z,139.7200000000
2023-06-13T00:00:00Z,140.0000000000
2023-06-14T00:00:00Z,139.3300000000
2023-06-15T00:00:00Z,140.4900000000
2023-06-16T00:00:00Z,141.8200000000
2023-06-20T00:00:00Z,141.4600000000
2023-06-21T00:00:00Z,142.0900000000
2023-06-22T00:00:00Z,142.8900000000
2023-06-23T00:00:00Z,143.7800000000
2023-06-26T00:00:00Z,143.5500000000
2023-06-27T00:00:00Z,144.0000000000
2023-06-28T00:00:00Z,144.2300000000
2023-06-29T00:00:00Z,144.7200000000
2023-06-30T00:00:00Z,144.4700000000
2023-07-03T00:00:00Z,144.5000000000
2023-07-05T00:00:00Z,144.5600000000
2023-07-06T00:00:00Z,144.0900000000
2023-07-07T00:00:00Z,142.2100000000
2023-07-10T00:00:00Z,141.5600000000
2023-07-11T00:00:00Z,140.5100000000
2023-07-12T00:00:00Z,138.2100000000
2023-07-13T00:00:00Z,138.1400000000
2023-07-14T00:00:00Z,138.7400000000
2023-07-17T00:00:00Z,138.9200000000
2023-07-18T00:00:00Z,138.9400000000
2023-07-19T00:00:00Z,139.7600000000
2023-07-20T00:00:00Z,140.3900000000
2023-07-21T00:00:00Z,141.7500000000
2023-07-24T00:00:00Z,141.1900000000
2023-07-25T00:00:00Z,140.9100000000
2023-07-26T00:00:00Z,140.4100000000
2023-07-27T00:00:00Z,141.0300000000
2023-07-28T00:00:00Z,140.7200000000
2023-07-31T00:00:00Z,142.1800000000
2023-08-01T00:00:00Z,143.3400000000
2023-08-02T00:00:00Z,143.2100000000
2023-08-03T00:00:00Z,142.4200000000
2023-08-04T00:00:00Z,141.7900000000
2023-08-07T00:00:00Z,142.4500000000
2023-08-08T00:00:00Z,143.1700000000
2023-08-09T00:00:00Z,143.5800000000
2023-08-10T00:00:00Z,144.4000000000
2023-08-11T00:00:00Z,144.9400000000
2023-08-14T00:00:00Z,145.3000000000
2023-08-15T00:00:00Z,145.4000000000
2023-08-16T00:00:00Z,145.8100000000
2023-08-17T00:00:00Z,146.1600000000
2023-08-18T00:00:00Z,145.1500000000
2023-08-21T00:00:00Z,146.2600000000
2023-08-22T00:00:00Z,145.7900000000
2023-08-23T00:00:00Z,144.6200000000
2023-08-24T00:00:00Z,145.7500000000
2023-08-25T00:00:00Z,146.3800000000
2023-08-28T00:00:00Z,146.4000000000
2023-08-29T00:00:00Z,146.0100000000
2023-08-30T00:00:00Z,145.9400000000
2023-08-31T00:00:00Z,145.6800000000
2023-09-01T00:00:00Z,146.2000000000
2023-09-05T00:00:00Z,147.6300000000
2023-09-06T00:00:00Z,147.6500000000
2023-09-07T00:00:00Z,147.1300000000
2023-09-08T00:00:00Z,147.7000000000
2023-09-11T00:00:00Z,146.4600000000
2023-09-12T00:00:00Z,147.1200000000
2023-09-13T00:00:00Z,147.4500000000
2023-09-14T00:00:00Z,147.1700000000
2023-09-15T00:00:00Z,147.8300000000
2023-09-18T00:00:00Z,147.6300000000
2023-09-19T00:00:00Z,147.8000000000
2023-09-20T00:00:00Z,147.7400000000
2023-09-21T00:00:00Z,147.4200000000
2023-09-22T00:00:00Z,148.2400000000
2023-09-25T00:00:00Z,148.7400000000
2023-09-26T00:00:00Z,148.9000000000
2023-09-27T00:00:00Z,149.4800000000
2023-09-28T00:00:00Z,149.1800000000
2023-09-29T00:00:00Z,149.4300000000
2023-10-02T00:00:00Z,149.8000000000
2023-10-03T00:00:00Z,149.1600000000
2023-10-04T00:00:00Z,148.8300000000
2023-10-05T00:00:00Z,148.4900000000
2023-10-06T00:00:00Z,149.0800000000
2023-10-10T00:00:00Z,148.6200000000
2023-10-11T00:00:00Z,149.1700000000
2023-10-12T00:00:00Z,149.7100000000
2023-10-13T00:00:00Z,149.6200000000
2023-10-16T00:00:00Z,149.5700000000
2023-10-17T00:00:00Z,149.7100000000
2023-10-18T00:00:00Z,149.8600000000
2023-10-19T00:00:00Z,149.9200000000
2023-10-20T00:00:00Z,149.8500000000
2023-10-23T00:00:00Z,149.7800000000
2023-10-24T00:00:00Z,149.8400000000
2023-10-25T00:00:00Z,149.9400000000
2023-10-26T00:00:00Z,150.4400000000
2023-10-27T00:00:00Z,149.6000000000
2023-10-30T00:00:00Z,149.0100000000
2023-10-31T00:00:00Z,151.4600000000
2023-11-01T00:00:00Z,150.9600000000
2023-11-02T00:00:00Z,150.4800000000
2023-11-03T00:00:00Z,149.3600000000
2023-11-06T00:00:00Z,149.7700000000
2023-11-07T00:00:00Z,150.4700000000
2023-11-08T00:00:00Z,150.7700000000
2023-11-09T00:00:00Z,151.0400000000
2023-11-13T00:00:00Z,151.5600000000
2023-11-14T00:00:00Z,150.7500000000
2023-11-15T00:00:00Z,151.0700000000
2023-11-16T00:00:00Z,150.5900000000
2023-11-17T00:00:00Z,149.8200000000
2023-11-20T00:00:00Z,148.2600000000
2023-11-21T00:00:00Z,147.8800000000
2023-11-22T00:00:00Z,149.6700000000
2023-11-24T00:00:00Z,149.5700000000
2023-11-27T00:00:00Z,148.8900000000
2023-11-28T00:00:00Z,147.4100000000
2023-11-29T00:00:00Z,147.3900000000
2023-11-30T00:00:00Z,147.8700000000
2023-12-01T00:00:00Z,147.0000000000
2023-12-04T00:00:00Z,147.1500000000
2023-12-05T00:00:00Z,147.2600000000
2023-12-06T00:00:00Z,147.1600000000
2023-12-07T00:00:00Z,144.1000000000
2023-12-08T00:00:00Z,144.8800000000
2023-12-11T00:00:00Z,146.4100000000
2023-12-12T00:00:00Z,145.4500000000
2023-12-13T00:00:00Z,145.1700000000
2023-12-14T00:00:00Z,141.5300000000
2023-12-15T00:00:00Z,141.8000000000
2023-12-18T00:00:00Z,143.0400000000
2023-12-19T00:00:00Z,143.6200000000
2023-12-20T00:00:00Z,143.7700000000
2023-12-21T00:00:00Z,142.1600000000
2023-12-22T00:00:00Z,142.6000000000
2023-12-26T00:00:00Z,142.4800000000
2023-12-27T00:00:00Z,142.0500000000
2023-12-28T00:00:00Z,141.0800000000
2023-12-29T00:00:00Z,140.9200000000
2024-01-02T00:00:00Z,141.8900000000
2024-01-03T00:00:00Z,143.5500000000
2024-01-04T00:00:00Z,144.5900000000
2024-01-05T00:00:00Z,144.5200000000
2024-01-08T00:00:00Z,143.8900000000
2024-01-09T00:00:00Z,144.3500000000
2024-01-10T00:00:00Z,145.6800000000
2024-01-11T00:00:00Z,146.0300000000
2024-01-12T00:00:00Z,144.8600000000
2024-01-16T00:00:00Z,147.0100000000
2024-01-17T00:00:00Z,148.3900000000
2024-01-18T00:00:00Z,148.1500000000
2024-01-19T00:00:00Z,148.2100000000
2024-01-22T00:00:00Z,147.9500000000
2024-01-23T00:00:00Z,148.5500000000
2024-01-24T00:00:00Z,147.3100000000
2024-01-25T00:00:00Z,147.6900000000
2024-01-26T00:00:00Z,147.9400000000
2024-01-29T00:00:00Z,147.6500000000
2024-01-30T00:00:00Z,147.7100000000
2024-01-31T00:00:00Z,146.2600000000
2024-02-01T00:00:00Z,146.1800000000
2024-02-02T00:00:00Z,148.5400000000
2024-02-05T00:00:00Z,148.7900000000
2024-02-06T00:00:00Z,148.0300000000
2024-02-07T00:00:00Z,148.0400000000
2024-02-08T00:00:00Z,149.2500000000
2024-02-09T00:00:00Z,149.3800000000
2024-02-12T00:00:00Z,149.3700000000
2024-02-13T00:00:00Z,150.7200000000
2024-02-14T00:00:00Z,150.5000000000
2024-02-15T00:00:00Z,150.1900000000
2024-02-16T00:00:00Z,150.3400000000
2024-02-20T00:00:00Z,149.8700000000
2024-02-21T00:00:00Z,150.2900000000
2024-02-22T00:00:00Z,150.6200000000
2024-02-23T00:00:00Z,150.3600000000
2024-02-26T00:00:00Z,150.7900000000
2024-02-27T00:00:00Z,150.4600000000
2024-02-28T00:00:00Z,150.6800000000
2024-02-29T00:00:00Z,149.9000000000
2024-03-01T00:00:00Z,150.2000000000
2024-03-04T00:00:00Z,150.4400000000
2024-03-05T00:00:00Z,150.1400000000
2024-03-06T00:00:00Z,149.1700000000
2024-03-07T00:00:00Z,148.0800000000
2024-03-08T00:00:00Z,147.1700000000
2024-03-11T00:00:00Z,146.8600000000
2024-03-12T00:00:00Z,147.6900000000
2024-03-13T00:00:00Z,147.7300000000
2024-03-14T00:00:00Z,148.1900000000
2024-03-15T00:00:00Z,149.1400000000
2024-03-18T00:00:00Z,149.1300000000
2024-03-19T00:00:00Z,150.7300000000
2024-03-20T00:00:00Z,151.6600000000
2024-03-21T00:00:00Z,151.5900000000
2024-03-22T00:00:00Z,151.3500000000
2024-03-25T00:00:00Z,151.4200000000
2024-03-26T00:00:00Z,151.5800000000
2024-03-27T00:00:00Z,151.3500000000
2024-03-28T00:00:00Z,151.3500000000
2024-03-29T00:00:00Z,151.2200000000
2024-04-01T00:00:00Z,151.7200000000
2024-04-02T00:00:00Z,151.5500000000
2024-04-03T00:00:00Z,151.6700000000
2024-04-04T00:00:00Z,151.6600000000
2024-04-05T00:00:00Z,151.5900000000
2024-04-08T00:00:00Z,151.7800000000
2024-04-09T00:00:00Z,151.7300000000
2024-04-10T00:00:00Z,152.9000000000
2024-04-11T00:00:00Z,153.1900000000
2024-04-12T00:00:00Z,153.1200000000
2024-04-15T00:00:00Z,154.2500000000
2024-04-16T00:00:00Z,154.5700000000
2024-04-17T00:00:00Z,154.6100000000
2024-04-18T00:00:00Z,154.6100000000
2024-04-19T00:00:00Z,154.5500000000
2024-04-22T00:00:00Z,154.7700000000
2024-04-23T00:00:00Z,154.8100000000
2024-04-24T00:00:00Z,155.1100000000
2024-04-25T00:00:00Z,155.5200000000
2024-04-26T00:00:00Z,157.6200000000
2024-04-29T00:00:00Z,156.7100000000
2024-04-30T00:00:00Z,157.5400000000
2024-05-01T00:00:00Z,157.6500000000
2024-05-02T00:00:00Z,153.7700000000
2024-05-03T00:00:00Z,152.8500000000
2024-05-06T00:00:00Z,153.8500000000
2024-05-07T00:00:00Z,154.5900000000
2024-05-08T00:00:00Z,155.4200000000
2024-05-09T00:00:00Z,155.6800000000
2024-05-10T00:00:00Z,155.8500000000
2024-05-13T00:00:00Z,156.1700000000
2024-05-14T00:00:00Z,156.5000000000
2024-05-15T00:00:00Z,155.0200000000
2024-05-16T00:00:00Z,155.2500000000
2024-05-17T00:00:00Z,155.5700000000
2024-05-20T00:00:00Z,156.0900000000
2024-05-21T00:00:00Z,156.0800000000
2024-05-22T00:00:00Z,156.4900000000
2024-05-23T00:00:00Z,157.0500000000
2024-05-24T00:00:00Z,156.9000000000
2024-05-28T00:00:00Z,156.9000000000
2024-05-29T00:00:00Z,157.6200000000
2024-05-30T00:00:00Z,156.6300000000
2024-05-31T00:00:00Z,157.1900000000
2024-06-03T00:00:00Z,156.0400000000
2024-06-04T00:00:00Z,154.8700000000
2024-06-05T00:00:00Z,156.2100000000
2024-06-06T00:00:00Z,155.9800000000
2024-06-07T00:00:00Z,156.5800000000
2024-06-10T00:00:00Z,156.9300000000
2024-06-11T00:00:00Z,157.3200000000
2024-06-12T00:00:00Z,155.8800000000
2024-06-13T00:00:00Z,156.7700000000
2024-06-14T00:00:00Z,157.2800000000
2024-06-17T00:00:00Z,157.8000000000
2024-06-18T00:00:00Z,157.8100000000
2024-06-20T00:00:00Z,158.7700000000
2024-06-21T00:00:00Z,159.4500000000
2024-06-24T00:00:00Z,159.7100000000
2024-06-25T00:00:00Z,159.6800000000
2024-06-26T00:00:00Z,160.6800000000
2024-06-27T00:00:00Z,160.7000000000
2024-06-28T00:00:00Z,160.8800000000
2024-07-01T00:00:00Z,161.5500000000
2024-07-02T00:00:00Z,161.5300000000
2024-07-03T00:00:00Z,161.4800000000
2024-07-05T00:00:00Z,160.7300000000
2024-07-08T00:00:00Z,160.7700000000
2024-07-09T00:00:00Z,161.4000000000
2024-07-10T00:00:00Z,161.7300000000
2024-07-11T00:00:00Z,158.5800000000
2024-07-12T00:00:00Z,157.8800000000
2024-07-15T00:00:00Z,157.8900000000
2024-07-16T00:00:00Z,158.5700000000
2024-07-17T00:00:00Z,156.5600000000
2024-07-18T00:00:00Z,156.9700000000
2024-07-19T00:00:00Z,157.3800000000
2024-07-22T00:00:00Z,157.0800000000
2024-07-23T00:00:00Z,156.0200000000
2024-07-24T00:00:00Z,153.3900000000
2024-07-25T00:00:00Z,153.9700000000
2024-07-26T00:00:00Z,153.8600000000
2024-07-29T00:00:00Z,153.9600000000
2024-07-30T00:00:00Z,153.7200000000
2024-07-31T00:00:00Z,150.3800000000
2024-08-01T00:00:00Z,150.0600000000
2024-08-02T00:00:00Z,146.9800000000
2024-08-05T00:00:00Z,143.9500000000
2024-08-06T00:00:00Z,145.1100000000
2024-08-07T00:00:00Z,147.4200000000
2024-08-08T00:00:00Z,147.0800000000
2024-08-09T00:00:00Z,146.4900000000
2024-08-12T00:00:00Z,147.5400000000
2024-08-13T00:00:00Z,146.9700000000
2024-08-14T00:00:00Z,146.8600000000
2024-08-15T00:00:00Z,148.9100000000
2024-08-16T00:00:00Z,148.1300000000
2024-08-19T00:00:00Z,146.4200000000
2024-08-20T00:00:00Z,145.7000000000
2024-08-21T00:00:00Z,145.1900000000
2024-08-22T00:00:00Z,145.9700000000
2024-08-23T00:00:00Z,144.8600000000
2024-08-26T00:00:00Z,144.5100000000
2024-08-27T00:00:00Z,144.2600000000
2024-08-28T00:00:00Z,144.4700000000
2024-08-29T00:00:00Z,144.9800000000
2024-08-30T00:00:00Z,145.9500000000
2024-09-03T00:00:00Z,145.8200000000
2024-09-04T00:00:00Z,144.3100000000
2024-09-05T00:00:00Z,143.4300000000
2024-09-06T00:00:00Z,142.1300000000
2024-09-09T00:00:00Z,142.9200000000
2024-09-10T00:00:00Z,142.2800000000
2024-09-11T00:00:00Z,141.7200000000
2024-09-12T00:00:00Z,142.2400000000
2024-09-13T00:00:00Z,140.6600000000
2024-09-16T00:00:00Z,140.7900000000
2024-09-17T00:00:00Z,141.7700000000
2024-09-18T00:00:00Z,141.9300000000
2024-09-19T00:00:00Z,142.8800000000
2024-09-20T00:00:00Z,143.9000000000
2024-09-23T00:00:00Z,143.5900000000
2024-09-24T00:00:00Z,143.7700000000
2024-09-25T00:00:00Z,144.4100000000
2024-09-26T00:00:00Z,144.6800000000
2024-09-27T00:00:00Z,142.6000000000
2024-09-30T00:00:00Z,143.2500000000
2024-10-01T00:00:00Z,143.6600000000
2024-10-02T00:00:00Z,146.0500000000
2024-10-03T00:00:00Z,146.8200000000
2024-10-04T00:00:00Z,148.6900000000
2024-10-07T00:00:00Z,148.1300000000
2024-10-08T00:00:00Z,148.2200000000
2024-10-09T00:00:00Z,149.2000000000
2024-10-10T00:00:00Z,148.5600000000
2024-10-11T00:00:00Z,149.1200000000
2024-10-15T00:00:00Z,149.2200000000
2024-10-16T00:00:00Z,149.7100000000
2024-10-17T00:00:00Z,150.1200000000
2024-10-18T00:00:00Z,149.5800000000
2024-10-21T00:00:00Z,150.4700000000
2024-10-22T00:00:00Z,151.1100000000
2024-10-23T00:00:00Z,152.8100000000
2024-10-24T00:00:00Z,151.8700000000
2024-10-25T00:00:00Z,152.0800000000
2024-10-28T00:00:00Z,153.2100000000
2024-10-29T00:00:00Z,153.4700000000
2024-10-30T00:00:00Z,153.1500000000
2024-10-31T00:00:00Z,152.3500000000
2024-11-01T00:00:00Z,152.9400000000
2024-11-04T00:00:00Z,152.0200000000
2024-11-05T00:00:00Z,151.9600000000
2024-11-06T00:00:00Z,154.5800000000
2024-11-07T00:00:00Z,153.1300000000
2024-11-08T00:00:00Z,152.5800000000
2024-11-12T00:00:00Z,154.7300000000
2024-11-13T00:00:00Z,155.2800000000
2024-11-14T00:00:00Z,155.9600000000
2024-11-15T00:00:00Z,154.5900000000
2024-11-18T00:00:00Z,154.7800000000
2024-11-19T00:00:00Z,154.3400000000
2024-11-20T00:00:00Z,155.3800000000
2024-11-21T00:00:00Z,154.6600000000
2024-11-22T00:00:00Z,154.7300000000
2024-11-25T00:00:00Z,154.2900000000
2024-11-26T00:00:00Z,153.4900000000
2024-11-27T00:00:00Z,150.6900000000
2024-11-29T00:00:00Z,150.4100000000
2024-12-02T00:00:00Z,149.2600000000
2024-12-03T00:00:00Z,149.1200000000
2024-12-04T00:00:00Z,150.1800000000
2024-12-05T00:00:00Z,150.1900000000
2024-12-06T00:00:00Z,149.7800000000
2024-12-09T00:00:00Z,151.2400000000
2024-12-10T00:00:00Z,152.0500000000
2024-12-11T00:00:00Z,152.3400000000
2024-12-12T00:00:00Z,152.0700000000
2024-12-13T00:00:00Z,153.7400000000
2024-12-16T00:00:00Z,154.1800000000
2024-12-17T00:00:00Z,153.4100000000
2024-12-18T00:00:00Z,154.0000000000
2024-12-19T00:00:00Z,157.7300000000
2024-12-20T00:00:00Z,156.1100000000
2024-12-23T00:00:00Z,157.0400000000
2024-12-24T00:00:00Z,157.2900000000
2024-12-26T00:00:00Z,158.0100000000
2024-12-27T00:00:00Z,157.7300000000
2024-12-30T00:00:00Z,157.2600000000
2024-12-31T00:00:00Z,157.3700000000
2025-01-02T00:00:00Z,157.6500000000
2025-01-03T00:00:00Z,157.2000000000
2025-01-06T00:00:00Z,157.5400000000
2025-01-07T00:00:00Z,157.8200000000
2025-01-08T00:00:00Z,158.3100000000
2025-01-09T00:00:00Z,158.0100000000
2025-01-10T00:00:00Z,157.6800000000
2025-01-13T00:00:00Z,157.5100000000
2025-01-14T00:00:00Z,157.9500000000
2025-01-15T00:00:00Z,156.6000000000
2025-01-16T00:00:00Z,155.4400000000
2025-01-17T00:00:00Z,156.3000000000
2025-01-21T00:00:00Z,155.4900000000
2025-01-22T00:00:00Z,156.6200000000
2025-01-23T00:00:00Z,156.0000000000
2025-01-24T00:00:00Z,155.5800000000
2025-01-27T00:00:00Z,154.2200000000
2025-01-28T00:00:00Z,155.6500000000
2025-01-29T00:00:00Z,155.2200000000
2025-01-30T00:00:00Z,154.4200000000
2025-01-31T00:00:00Z,154.9100000000
2025-02-03T00:00:00Z,154.6800000000
2025-02-04T00:00:00Z,154.5600000000
2025-02-05T00:00:00Z,152.3300000000
2025-02-06T00:00:00Z,152.0400000000
2025-02-07T00:00:00Z,151.3000000000
2025-02-10T00:00:00Z,151.7200000000
2025-02-11T00:00:00Z,152.3700000000
2025-02-12T00:00:00Z,154.6200000000
2025-02-13T00:00:00Z,153.1800000000
2025-02-14T00:00:00Z,152.2500000000
2025-02-18T00:00:00Z,151.7900000000
2025-02-19T00:00:00Z,151.6700000000
2025-02-20T00:00:00Z,149.6300000000
2025-02-21T00:00:00Z,149.4900000000
2025-02-24T00:00:00Z,149.5700000000
2025-02-25T00:00:00Z,149.0900000000
2025-02-26T00:00:00Z,149.1300000000
2025-02-27T00:00:00Z,149.8000000000
2025-02-28T00:00:00Z,150.6400000000
2025-03-03T00:00:00Z,150.1600000000
2025-03-04T00:00:00Z,148.8100000000
2025-03-05T00:00:00Z,148.8200000000
2025-03-06T00:00:00Z,147.9000000000
2025-03-07T00:00:00Z,147.1300000000
2025-03-10T00:00:00Z,147.1500000000
2025-03-11T00:00:00Z,147.4800000000
2025-03-12T00:00:00Z,148.3200000000
2025-03-13T00:00:00Z,147.7100000000
2025-03-14T00:00:00Z,148.5100000000
2025-03-17T00:00:00Z,148.5600000000
2025-03-18T00:00:00Z,149.4900000000
2025-03-19T00:00:00Z,150.0200000000
2025-03-20T00:00:00Z,148.8400000000
2025-03-21T00:00:00Z,148.9800000000
2025-03-24T00:00:00Z,150.7400000000
2025-03-25T00:00:00Z,149.7700000000
2025-03-26T00:00:00Z,150.6900000000
2025-03-27T00:00:00Z,150.9700000000
2025-03-28T00:00:00Z,150.2600000000
2025-03-31T00:00:00Z,149.9000000000
2025-04-01T00:00:00Z,149.4000000000
2025-04-02T00:00:00Z,149.9800000000
2025-04-03T00:00:00Z,146.0400000000
2025-04-04T00:00:00Z,145.9300000000
2025-04-07T00:00:00Z,147.9600000000
2025-04-08T00:00:00Z,147.0200000000
2025-04-09T00:00:00Z,145.0900000000
2025-04-10T00:00:00Z,144.3400000000
2025-04-11T00:00:00Z,143.5700000000
2025-04-14T00:00:00Z,142.9600000000
2025-04-15T00:00:00Z,143.1000000000
2025-04-16T00:00:00Z,142.5600000000
2025-04-17T00:00:00Z,142.3300000000
2025-04-18T00:00:00Z,142.2200000000
2025-04-21T00:00:00Z,140.8100000000
2025-04-22T00:00:00Z,140.8700000000
2025-04-23T00:00:00Z,142.6400000000
2025-04-24T00:00:00Z,142.6400000000
2025-04-25T00:00:00Z,143.7500000000
2025-04-28T00:00:00Z,142.7000000000
2025-04-29T00:00:00Z,142.2900000000
2025-04-30T00:00:00Z,142.6300000000
2025-05-01T00:00:00Z,145.4800000000
2025-05-02T00:00:00Z,144.5200000000
2025-05-05T00:00:00Z,143.9800000000
2025-05-06T00:00:00Z,142.7600000000
2025-05-07T00:00:00Z,143.4700000000
2025-05-08T00:00:00Z,145.4600000000
2025-05-09T00:00:00Z,145.1500000000
2025-05-12T00:00:00Z,148.0900000000
2025-05-13T00:00:00Z,147.7500000000
2025-05-14T00:00:00Z,146.5400000000
2025-05-15T00:00:00Z,145.6100000000
2025-05-16T00:00:00Z,146.0200000000
2025-05-19T00:00:00Z,144.9900000000
2025-05-20T00:00:00Z,144.7200000000
2025-05-21T00:00:00Z,143.6800000000
2025-05-22T00:00:00Z,143.8900000000
2025-05-23T00:00:00Z,142.6100000000
2025-05-27T00:00:00Z,144.3700000000
2025-05-28T00:00:00Z,145.0400000000
2025-05-29T00:00:00Z,144.0900000000
2025-05-30T00:00:00Z,144.1800000000
2025-06-02T00:00:00Z,142.7600000000
2025-06-03T00:00:00Z,143.9300000000
2025-06-04T00:00:00Z,142.9100000000
2025-06-05T00:00:00Z,143.8700000000
2025-06-06T00:00:00Z,144.8700000000
2025-06-09T00:00:00Z,144.3700000000
2025-06-10T00:00:00Z,144.9100000000
2025-06-11T00:00:00Z,144.4800000000
2025-06-12T00:00:00Z,143.6400000000
2025-06-13T00:00:00Z,144.0400000000
2025-06-16T00:00:00Z,144.1400000000
2025-06-17T00:00:00Z,145.0400000000
2025-06-18T00:00:00Z,144.5800000000
2025-06-20T00:00:00Z,145.9200000000
2025-06-23T00:00:00Z,146.4700000000
2025-06-24T00:00:00Z,144.9000000000
2025-06-25T00:00:00Z,145.5900000000
2025-06-26T00:00:00Z,144.3400000000
2025-06-27T00:00:00Z,144.7400000000
2025-06-30T00:00:00Z,144.1700000000
2025-07-01T00:00:00Z,143.5800000000
2025-07-02T00:00:00Z,143.7600000000
2025-07-03T00:00:00Z,144.9600000000
2025-07-07T00:00:00Z,145.8600000000
2025-07-08T00:00:00Z,146.8100000000
2025-07-09T00:00:00Z,146.5300000000
2025-07-10T00:00:00Z,146.4600000000
2025-07-11T00:00:00Z,147.2900000000
2025-07-14T00:00:00Z,147.6900000000
2025-07-15T00:00:00Z,148.7500000000
2025-07-16T00:00:00Z,148.0800000000
2025-07-17T00:00:00Z,148.5500000000
2025-07-18T00:00:00Z,148.5500000000
2025-07-21T00:00:00Z,147.2700000000
2025-07-22T00:00:00Z,146.3600000000
2025-07-23T00:00:00Z,146.5500000000
2025-07-24T00:00:00Z,146.9200000000
2025-07-25T00:00:00Z,147.7700000000
2025-07-28T00:00:00Z,148.4500000000
2025-07-29T00:00:00Z,148.5700000000
2025-07-30T00:00:00Z,149.0700000000
2025-07-31T00:00:00Z,150.6000000000
2025-08-01T00:00:00Z,148.0600000000
2025-08-04T00:00:00Z,147.0900000000
2025-08-05T00:00:00Z,147.4900000000
2025-08-06T00:00:00Z,147.2500000000
2025-08-07T00:00:00Z,147.3500000000
2025-08-08T00:00:00Z,147.7000000000
2025-08-11T00:00:00Z,147.9900000000
2025-08-12T00:00:00Z,147.8000000000
2025-08-13T00:00:00Z,147.2500000000
2025-08-14T00:00:00Z,147.6900000000
2025-08-15T00:00:00Z,147.0000000000
2025-08-18T00:00:00Z,147.7600000000
2025-08-19T00:00:00Z,147.7200000000
2025-08-20T00:00:00Z,147.1900000000
2025-08-21T00:00:00Z,148.3500000000
2025-08-22T00:00:00Z,146.8200000000
2025-08-25T00:00:00Z,147.6100000000
2025-08-26T00:00:00Z,147.3000000000
2025-08-27T00:00:00Z,147.7500000000
2025-08-28T00:00:00Z,146.9800000000
2025-08-29T00:00:00Z,146.9000000000
2025-09-02T00:00:00Z,148.2300000000
2025-09-03T00:00:00Z,147.9700000000
2025-09-04T00:00:00Z,148.6300000000
2025-09-05T00:00:00Z,146.8400000000
2025-09-08T00:00:00Z,147.5800000000
2025-09-09T00:00:00Z,147.2300000000
2025-09-10T00:00:00Z,147.3700000000
2025-09-11T00:00:00Z,147.1700000000
2025-09-12T00:00:00Z,147.8500000000
2025-09-15T00:00:00Z,147.2700000000
2025-09-16T00:00:00Z,146.5600000000
2025-09-17T00:00:00Z,146.3600000000
2025-09-18T00:00:00Z,148.0200000000
2025-09-19T00:00:00Z,147.8300000000
2025-09-22T00:00:00Z,147.8300000000
2025-09-23T00:00:00Z,147.8300000000
2025-09-24T00:00:00Z,148.7100000000
2025-09-25T00:00:00Z,149.7800000000
2025-09-26T00:00:00Z,149.5200000000
2025-09-29T00:00:00Z,148.5700000000
2025-09-30T00:00:00Z,147.9700000000
2025-10-01T00:00:00Z,147.1600000000
2025-10-02T00:00:00Z,147.3500000000
2025-10-03T00:00:00Z,147.3300000000
2025-10-06T00:00:00Z,150.0200000000
2025-10-07T00:00:00Z,151.1700000000
2025-10-08T00:00:00Z,152.7200000000
2025-10-09T00:00:00Z,153.0500000000
2025-10-10T00:00:00Z,151.9400000000
2025-10-14T00:00:00Z,151.7700000000
2025-10-15T00:00:00Z,151.2100000000
2025-10-16T00:00:00Z,150.7500000000
2025-10-17T00:00:00Z,150.3300000000
2025-10-20T00:00:00Z,150.5900000000
2025-10-21T00:00:00Z,151.7200000000
2025-10-22T00:00:00Z,151.7900000000
2025-10-23T00:00:00Z,152.7200000000
2025-10-24T00:00:00Z,152.8200000000
2025-10-27T00:00:00Z,153.0900000000
2025-10-28T00:00:00Z,152.1400000000
2025-10-29T00:00:00Z,151.9100000000
2025-10-30T00:00:00Z,154.1700000000
2025-10-31T00:00:00Z,154.0500000000
2025-11-03T00:00:00Z,154.1300000000
2025-11-04T00:00:00Z,153.5500000000
2025-11-05T00:00:00Z,154.1100000000
2025-11-06T00:00:00Z,152.9700000000
2025-11-07T00:00:00Z,153.0600000000
2025-11-10T00:00:00Z,153.9900000000
2025-11-12T00:00:00Z,154.6400000000
2025-11-13T00:00:00Z,154.4000000000
2025-11-14T00:00:00Z,154.6400000000
2025-11-17T00:00:00Z,155.2000000000
2025-11-18T00:00:00Z,155.4400000000
2025-11-19T00:00:00Z,156.6300000000
2025-11-20T00:00:00Z,157.4100000000
2025-11-21T00:00:00Z,156.5800000000
2025-11-24T00:00:00Z,156.9400000000
2025-11-25T00:00:00Z,156.3000000000
2025-11-26T00:00:00Z,156.3800000000
2025-11-28T00:00:00Z,156.1700000000
2025-12-01T00:00:00Z,155.2800000000
2025-12-02T00:00:00Z,155.9200000000
2025-12-03T00:00:00Z,155.1700000000
2025-12-04T00:00:00Z,154.9000000000
2025-12-05T00:00:00Z,155.3000000000
2025-12-08T00:00:00Z,155.8900000000
2025-12-09T00:00:00Z,156.8500000000
2025-12-10T00:00:00Z,156.3300000000
2025-12-11T00:00:00Z,155.1500000000
2025-12-12T00:00:00Z,155.8100000000
2025-12-15T00:00:00Z,155.2900000000
2025-12-16T00:00:00Z,154.8000000000
2025-12-17T00:00:00Z,155.6000000000
2025-12-18T00:00:00Z,155.5300000000
2025-12-19T00:00:00Z,157.4300000000
2025-12-22T00:00:00Z,156.9300000000
2025-12-23T00:00:00Z,156.3300000000
2025-12-24T00:00:00Z,155.8300000000
2025-12-26T00:00:00Z,156.6300000000
2025-12-29T00:00:00Z,156.1000000000
2025-12-30T00:00:00Z,156.2600000000
2025-12-31T00:00:00Z,156.8000000000
2026-01-02T00:00:00Z,156.7200000000
2026-01-05T00:00:00Z,156.3200000000
2026-01-06T00:00:00Z,156.7000000000
2026-01-07T00:00:00Z,156.7300000000
2026-01-08T00:00:00Z,156.9000000000
2026-01-09T00:00:00Z,158.0700000000
2026-01-12T00:00:00Z,158.1500000000
2026-01-13T00:00:00Z,159.0600000000
2026-01-14T00:00:00Z,158.1300000000
2026-01-15T00:00:00Z,158.5000000000
2026-01-16T00:00:00Z,158.0200000000
2026-01-20T00:00:00Z,157.8900000000
2026-01-21T00:00:00Z,158.1600000000
2026-01-22T00:00:00Z,158.3600000000
2026-01-23T00:00:00Z,157.5700000000
2026-01-26T00:00:00Z,153.8800000000
2026-01-27T00:00:00Z,153.0300000000
2026-01-28T00:00:00Z,153.6000000000
2026-01-29T00:00:00Z,152.8800000000
2026-01-30T00:00:00Z,154.3400000000
2026-02-02T00:00:00Z,155.5000000000
2026-02-03T00:00:00Z,155.7000000000
2026-02-04T00:00:00Z,156.6100000000
2026-02-05T00:00:00Z,156.9100000000
2026-02-06T00:00:00Z,157.1000000000
2026-02-09T00:00:00Z,156.0800000000
2026-02-10T00:00:00Z,154.2800000000
2026-02-11T00:00:00Z,152.9300000000
2026-02-12T00:00:00Z,152.6400000000
2026-02-13T00:00:00Z,152.7700000000
2026-02-17T00:00:00Z,153.5700000000
2026-02-18T00:00:00Z,154.4500000000
2026-02-19T00:00:00Z,154.9600000000
2026-02-20T00:00:00Z,154.9900000000
2026-02-23T00:00:00Z,154.3000000000
2026-02-24T00:00:00Z,155.6600000000
2026-02-25T00:00:00Z,156.3000000000
2026-02-26T00:00:00Z,156.1300000000
2026-02-27T00:00:00Z,156.0500000000
2026-03-02T00:00:00Z,157.4800000000
2026-03-03T00:00:00Z,157.6900000000
2026-03-04T00:00:00Z,156.9300000000
2026-03-05T00:00:00Z,157.5800000000
2026-03-06T00:00:00Z,157.6400000000
2026-03-09T00:00:00Z,158.0800000000
2026-03-10T00:00:00Z,157.6000000000
2026-03-11T00:00:00Z,158.8300000000
2026-03-12T00:00:00Z,159.2100000000
2026-03-13T00:00:00Z,159.5400000000
2026-03-16T00:00:00Z,159.3000000000
2026-03-17T00:00:00Z,159.0300000000
2026-03-18T00:00:00Z,159.4800000000
2026-03-19T00:00:00Z,158.1900000000
2026-03-20T00:00:00Z,159.2600000000
2026-03-23T00:00:00Z,158.7000000000
2026-03-24T00:00:00Z,158.9000000000
2026-03-25T00:00:00Z,159.2000000000
2026-03-26T00:00:00Z,159.6500000000
2026-03-27T00:00:00Z,160.1600000000
2026-03-30T00:00:00Z,159.4900000000
2026-03-31T00:00:00Z,159.0800000000
2026-04-01T00:00:00Z,158.6300000000
2026-04-02T00:00:00Z,159.3400000000
2026-04-03T00:00:00Z,159.6400000000
2026-04-06T00:00:00Z,159.7100000000
2026-04-07T00:00:00Z,159.9000000000
2026-04-08T00:00:00Z,158.3900000000
2026-04-09T00:00:00Z,158.8700000000
2026-04-10T00:00:00Z,159.2200000000
2026-04-13T00:00:00Z,159.7400000000
2026-04-14T00:00:00Z,158.9100000000
2026-04-15T00:00:00Z,159.0200000000
2026-04-16T00:00:00Z,159.0700000000
2026-04-17T00:00:00Z,158.1000000000
2026-04-20T00:00:00Z,158.6600000000
2026-04-21T00:00:00Z,159.3900000000
2026-04-22T00:00:00Z,159.4900000000
2026-04-23T00:00:00Z,159.4400000000
2026-04-24T00:00:00Z,159.3500000000
2026-04-27T00:00:00Z,159.2900000000
2026-04-28T00:00:00Z,159.5300000000
2026-04-29T00:00:00Z,160.2300000000
2026-04-30T00:00:00Z,156.6600000000
2026-05-01T00:00:00Z,156.7600000000
2026-05-04T00:00:00Z,157.2100000000
2026-05-05T00:00:00Z,157.6800000000
2026-05-06T00:00:00Z,156.4400000000
2026-05-07T00:00:00Z,156.4800000000
2026-05-08T00:00:00Z,156.6400000000
2026-05-11T00:00:00Z,157.0400000000
2026-05-12T00:00:00Z,157.7100000000
2026-05-13T00:00:00Z,157.8400000000
2026-05-14T00:00:00Z,158.0800000000
2026-05-15T00:00:00Z,158.6900000000
2026-05-18T00:00:00Z,158.8300000000
2026-05-19T00:00:00Z,159.1100000000
2026-05-20T00:00:00Z,158.8400000000
2026-05-21T00:00:00Z,159.1600000000
2026-05-22T00:00:00Z,159.2000000000
2026-05-26T00:00:00Z,159.3600000000
2026-05-27T00:00:00Z,159.4700000000
2026-05-28T00:00:00Z,159.2900000000
2026-05-29T00:00:00Z,159.2300000000
2026-06-01T00:00:00Z,159.6600000000
2026-06-02T00:00:00Z,159.8600000000
2026-06-03T00:00:00Z,159.9700000000
2026-06-04T00:00:00Z,159.9700000000
2026-06-05T00:00:00Z,160.2600000000
2026-06-08T00:00:00Z,160.1200000000
2026-06-09T00:00:00Z,160.2300000000
2026-06-10T00:00:00Z,160.4700000000
2026-06-11T00:00:00Z,160.5100000000
2026-06-12T00:00:00Z,160.2400000000
2026-06-15T00:00:00Z,160.2000000000
2026-06-16T00:00:00Z,160.3900000000
2026-06-17T00:00:00Z,160.2200000000
2026-06-18T00:00:00Z,161.3700000000
2026-06-22T00:00:00Z,161.5100000000
2026-06-23T00:00:00Z,161.5500000000
2026-06-24T00:00:00Z,161.7600000000
2026-06-25T00:00:00Z,161.6700000000
2026-06-26T00:00:00Z,161.6700000000
2026-06-29T00:00:00Z,161.9300000000
2026-06-30T00:00:00Z,162.6100000000
2026-07-01T00:00:00Z,162.4100000000
2026-07-02T00:00:00Z,160.9000000000
2026-07-06T00:00:00Z,162.2800000000
2026-07-07T00:00:00Z,161.9100000000
2026-07-08T00:00:00Z,162.6700000000
2026-07-09T00:00:00Z,162.2900000000
2026-07-10T00:00:00Z,161.3100000000
2026-07-13T00:00:00Z,162.3200000000
2026-07-14T00:00:00Z,162.1400000000
2026-07-15T00:00:00Z,162.1300000000
2026-07-16T00:00:00Z,162.4200000000
2026-07-17T00:00:00Z,162.4300000000
2026-07-20T00:00:00Z,162.5900000000
2026-07-21T00:00:00Z,163.0100000000
2026-07-22T00:00:00Z,163.0800000000
2026-07-23T00:00:00Z,163.8000000000
2026-07-24T00:00:00Z,163.7100000000
